<?xml version="1.0" encoding="UTF-8"?>
<pluginInfo>
  <author>
    <name>UrbanCode</name>
    <email></email>
    <website>http://urbancode.com</website>
  </author>
  <licenses>
    <license></license>
  </licenses>
  <integrationType>Automation</integrationType>
  <categories>
    <category>source analytics</category>
  </categories>
  <versions>
    <version name="1">
	  <releaseNote>
The PMD plugin is a report-based plugin. It is executed as part of the build to aggregate PMD data related to the errors found within your Java code. The PMD plugin uploads the PMD results to the source analytics page of your BuildLife.	  
     </releaseNote>
    </version>
  </versions>
</pluginInfo>