<?xml version="1.0" encoding="UTF-8" standalone="no"?>
<!--
- Licensed Materials - Property of IBM Corp.
- IBM UrbanCode Build
- (c) Copyright IBM Corporation 2012, 2014. All Rights Reserved.
-
- U.S. Government Users Restricted Rights - Use, duplication or disclosure restricted by
- GSA ADP Schedule Contract with IBM Corp.
-->
<plugin-upgrade xmlns="http://www.urbancode.com/UpgradeXMLSchema_v1" xmlns:xsi="http://www.w3.org/2001/XMLSchema-instance">
  <migrate to-version="3">
    <migrate-command name="Shell (with xargs)" old="Shell w/ xargs"></migrate-command>
  </migrate>
  <migrate to-version="4">
    <migrate-command name="Shell">
      <remove-properties>
        <remove-property name="directoryOffset"/>
      </remove-properties>
    </migrate-command>
    <migrate-command name="Shell (with xargs)">
      <remove-properties>
        <remove-property name="directoryOffset"/>
      </remove-properties>
    </migrate-command>
  </migrate>
  <migrate to-version="5"/>
  <migrate to-version="6">
    <migrate-command name="Shell (with xargs)">
      <migrate-properties>
        <migrate-property name="xargsDelimiter" default=","/>
      </migrate-properties>
    </migrate-command>
    <migrate-command name="Shell"></migrate-command>
  </migrate>
  <migrate to-version="7">
    <migrate-command name="Shell (with xargs)"/>
    <migrate-command name="Shell"/>
  </migrate>
</plugin-upgrade>
