<?xml version="1.0" encoding="UTF-8"?><!--
- Licensed Materials - Property of IBM Corp.
- IBM UrbanCode Build
- (c) Copyright IBM Corporation 2012, 2014. All Rights Reserved.
-
- U.S. Government Users Restricted Rights - Use, duplication or disclosure restricted by
- GSA ADP Schedule Contract with IBM Corp.
--><pluginInfo>

    <!-- Do not change the release-version, the build process injects it. -->
  <release-version>8.752932</release-version>

  <release-notes>
    <!--
      **release-note IS required**

      The plugin-version name must match the plugin version found in the plugin.xml file

      The release-note should document the changes, improvements, or bug fixes introduced
      with the new plugin version

      The release-note may contain text or reference a file in the plugin zip package

      For example your release note could be:
      Support for was added for version 10.0 for software X
      or
      releaseNotes/release1.html (where release1.html contains html formatted version information)
      -->

      <release-note plugin-version="2">
        Fixed a bug with properties appending -D at the end
      </release-note>

      <release-note plugin-version="3">
        Fixed a bug with properties appending -D at the end
      </release-note>

      <release-note plugin-version="4">
        Added the ability to define the POM file content on the step
      </release-note>

      <release-note plugin-version="5">
        Fixed plugin when a 'Maven Concurrent Local Repo' is specified.
      </release-note>

      <release-note plugin-version="6">
        Remove the Maven Version property so we can add it again with new values
      </release-note>

      <release-note plugin-version="7">
        Add Maven 3.3.0 as a selectable version. Maven version 3.3.0+ now use mvn.cmd instead of mvn.bat
        This invalidates existing values for the Maven Version property and steps will need to be updated.
      </release-note>
    <release-note plugin-version="8">Added RPX dependency and English translations</release-note>

  </release-notes>
</pluginInfo>