<?xml version="1.0" encoding="UTF-8"?>
<!DOCTYPE project [
]>

<!--
====================================================================== 
Licensed Materials - Property of IBM Corp. 
IBM Middleware Configuration for WebSphere 
(c) Copyright IBM Corporation 2003, 2013. All Rights Reserved.   

U.S. Government Users Restricted Rights - Use, duplication or disclosure restricted by 
GSA ADP Schedule Contract with IBM Corp. 


File name: config_ihs_since_70.xml

IHS 70 config targets available at the "node" level (run on each ihs server installation)
====================================================================== 
-->

<project default="default" basedir=".">
	<description>
		IHS 70 config targets available at the "node" level (run on each ihs server installation)
	</description>

	<rafwaction name="ihs_common_configure_merge_plugin_config_xml" />
	<target name="ihs_common_configure_merge_plugin_config_xml"
	        description="Merge all managed node level plugin-cfg.xml files into a single plugin-cfg.xml file."
	        depends="only_execute,was_init">

		<var name="plgCfgFile" value="" />
		<for list="${LOAD_BALANCE_NODES}" param="CURRNODE">
			<sequential>
				<var name="plgCfgFile" value="${plgCfgFile} @{CURRNODE}/config/cells/plugin-cfg.xml" />
			</sequential>
		</for>
		<property name="MERGEPLUGINCFGTOOL" location="${WAS_HOME}/bin/pluginCfgMerge${SCRIPT_EXT}" />
		<antcall target="execute">
			<param name="EXECUTABLE" value="${MERGEPLUGINCFGTOOL}" />
			<param name="ARGS" value="-debug ${plgCfgFile} ${PLUGIN_HOME}/config/${WEB_SERVER_DEF_NAME}/plugin-cfg.xml" />
			<param name="FAILONERROR" value="true" />
			<param name="FAILIFEXECUTIONFAILS" value="true" />
		</antcall>
	</target>

</project>

