<?xml version="1.0" encoding="UTF-8"?>
<!DOCTYPE project [
]>

<!-- 
====================================================================== 
@IBM.COPYRIGHT@

File name: deploy_liberty_common.xml

Common deployment actions available at any scope
====================================================================== 
-->
<project default="default" basedir=".">
	<description>
		Common Deployment Automation for Websphere Liberty Profile in all scopes
    </description>
	
	<!-- import the liberty deploy targets available at server scope -->
	<import file="${RAFW_HOME}/product/actions/deploy/liberty/common/deploy_liberty_applications.xml" />

	<!--
		Ensures that -a APP_NAME was specified and fails the build if not  
	-->
	<target name="assert_app_name">
		<if>
			<or>
				<not>
					<isset property="APP_NAME" />
				</not>
				<equals arg1="${APP_NAME}" arg2="\${APP_NAME}" />
				<equals arg1="${APP_NAME}" arg2="" />
			</or>
			<then>
				<fail message="-a APP_NAME is required to run this action" />
			</then>
		</if>
	</target>

	<!-- 
		This action depends on scope_init which is already called by the 
		actions which use this one 
		
		Fails if the file cannot be found in any scope
		
		Will not set the variable if the mode is promote
		
	-->
	<target name="apps_home_init" depends="scope_init">
		<if>
			<not>
				<or>
					<equals arg1="${MODE}" arg2="promote" />
					<equals arg1="${MODE}" arg2="import" />
				</or>
			</not>
			<then>
				<if>
					<available file="${LIBERTY_PROFILE_HOME}/apps/properties/${APP_NAME}.properties" />
					<then>
						<var name="APPS_HOME" value="${LIBERTY_PROFILE_HOME}/apps" />
					</then>
					<elseif>
						<and>
							
							<equals arg1="${SCOPE}" arg2="server" />
							<available file="${SCOPE_HOME}/apps/properties/${APP_NAME}.properties" />
						</and>
						<then>
							<!-- if found in scope home use it -->
							<var name="APPS_HOME" value="${SCOPE_HOME}/apps" />
						</then>
					</elseif>
					<else>
						<fail message="${LIBERTY_PROFILE_HOME}/apps/properties/${APP_NAME}.properties can not be found." />
					</else>
				</if>
			</then>
			<elseif>
				<equals arg1="${MODE}" arg2="import" />
				<then>
					<var name="APPS_HOME" value="${SCOPE_HOME}/apps" />
				</then>
			</elseif>
		</if>
	</target>
</project>
