<?xml version="1.0" encoding="UTF-8"?>

<!-- 
====================================================================== 
Licensed Materials - Property of IBM Corp. 
IBM Rational Automation Framework 
(c) Copyright IBM Corporation 2003, 2012. All Rights Reserved.   

U.S. Government Users Restricted Rights - Use, duplication or disclosure restricted by 
GSA ADP Schedule Contract with IBM Corp. 


File name: configure_wps62_nd_cluster.xml

This is the configuration build file.
====================================================================== 
-->

<project default="default" basedir=".">
	<description>
		Contains custom configuration tasks for WPS 62 ND cluster
	</description>

	<!-- import the wps custom product/actions targets -->
	<import file="${RAFW_HOME}/user/actions/configure/wps/62/nd/cluster/custom_configure_wps62_nd_cluster.xml" />

	<!-- Import wps common cell-scope configure targets -->
	<import file="${RAFW_HOME}/product/actions/configure/wps/common/nd/cluster/configure_wps_common_nd_cluster.xml" />

<!-- 	<target name="wps_62_configure_bpc" depends="only_execute, decode_password" description="Install and configure BPC on WPS 6.2"> -->
	<target name="wps_62_configure_bpc" depends="only_execute, decode_password">
		<var name="BPC_JMS_ARGS" 
			value="
				-jmsBFMRunAsUser ${wps.JMS.BPC.JMSUser}
				-jmsBFMRunAsPwd ${wps.JMS.BPC.JMSPassword}
				-jmsHTMRunAsUser ${wps.JMS.BPC.JMSUser}
				-jmsHTMRunAsPwd ${wps.JMS.BPC.JMSPassword}"/>
		<var name="BPC_MQ_ARGS"
			value="
				-mqType WPM
				-mqSchemaName ${wps.DB.BPCME.DbSchemaName}
				-mqCreateTables false
				-mqUser ${wps.JMS.BPC.JMSUser}
				-mqPwd ${wps.JMS.BPC.JMSPassword}"/>
		<var name="BPC_COMMON_ARGS" 
			value="
				-cluster ${CLUSTER_NAME}
				-profileName ${wps.BPC.Profile}
				-adminUsers ${wps.JMS.BPC.JMSUser}
				-createDB no 
				-reportFunction ${wps.BPC.enableReportFunction}
				-contextRootExplorer /bpc
				-contextRootBFM /BFMIF_Application 
				-contextRootHTM /HTMIF_Application 
				-hostName default_host
				-precompileJSPs no
				-maxListEntries 5000
				-restAPIBFM ${wps.BPC.URL}/rest/bpm/bfm
			    -restAPIHTM ${wps.BPC.URL}/rest/bpm/htm
			    -explorerHost ${wps.BPC.URL}/bpc
				-createEventCollector ${wps.BPC.createEventCollector}
        		-dbVersion ${wps.DB.BPC.DbVersion}
        		-dbJava ${wbi.DB.jdbcDriverPath}
        		-dbName ${wps.DB.BPC.DbName}
				-dbAdmin ${wps.DB.BPC.DbUser}
        		-dbUser ${wps.DB.BPC.DbUser}
        		-dbPwd ${wps.DB.BPC.DbPassword}
        		-dbServerName ${wps.DB.BPC.DbHost}
        		-dbServerPort ${wps.DB.BPC.DbPort}
				
				-meStore DATASTORE 
				-medbUser ${wps.DB.BPC.DbUser}
				-medbPwd ${wps.DB.BPC.DbPassword}
				-monitorUsers ${wps.JMS.BPC.JMSUser}"/>

		<if>
			<!-- this creates a dmgr profile with development environment support -->
			<equals arg1="${wps.BPC.createEventCollector}" arg2="yes" />
			<then>
				<echo>--Configuring BPC with EventCollector--</echo>
				<var name="BPC_EVENT_ARGS" 
					value="
						-reportCreateTables false
						-reportDataSource ${wps.DB.BPCEventCollector.DbDataSource}
						-reportSchemaName ${wps.DB.BPCEventCollector.DbSchemaName}
					"/>
			</then>
			<else>
				<echo>--Configuring BPC without reporting function--</echo>
				<var name="BPC_EVENT_ARGS" value=" "/>
			</else>
		</if>

		<if>
			<!-- this creates a dmgr profile with development environment support -->
			<equals arg1="${wps.BPC.enableReportFunction}" arg2="yes" />
			<then>
				<echo>--Configuring BPC with reporting function--</echo>
				<var name="BPC_REPORT_ARGS" 
					value="
						-reportAtSnapshotRange ${wps.DB.BPCEventCollector.DbRange}
					"/>
			</then>
			<else>
				<echo>--Configuring BPC without reporting function--</echo>
				<var name="BPC_REPORT_ARGS" value=" "/>
			</else>
		</if>

		<switch value="${wbi.DB.DbType}">
			<case value="DB2UDBOS390_V8_1">
				<var name="BPC_DB_ARGS" 
					value="
						-dbType zOS-DB2
						-driverType Universal
						-dbStorageGroup ${wps.DB.BPC.DbStorageGroup}
						-dbConnectionTarget ${wps.DB.BPC.DbConnectionLocation}"/>
			</case>
			<case value="DB2_Universal">
				<var name="BPC_DB_ARGS" 
					value="
						-dbType DB2
						-driverType Universal
						-dbHome ${wps.DB.BPC.DbHome}
						-dbSchema ${wps.DB.BPC.DbSchemaName}"/>
			</case>
			<case value="Oracle10g">
				<var name="BPC_DB_ARGS" 
					value="
						-dbType Oracle
						-dbTablespaceDir ${wps.DB.BPC.DbTableSpace}
						-driverType ${wbi.DB.jdbcDriverType}"/>
			</case>
			<default>
				<fail>Invalid wbi.DB.DbType: ${wbi.DB.DbType}</fail>
			</default>
		</switch>

		<var name="WPS_62_BPC_ARGS" value="${BPC_COMMON_ARGS} ${BPC_JMS_ARGS} ${BPC_MQ_ARGS} ${BPC_DB_ARGS} ${BPC_EVENT_ARGS} ${BPC_REPORT_ARGS}"/>
		<antcall target="wps_common_configure_bpc">
			<param name="BPC_ARGS" value="${WPS_62_BPC_ARGS}"/>
		</antcall>
	</target>

<!--	<target name="wps_62_configure_bpc_bfm_logging" depends="only_execute" description="Configure BPC logging on WPS 6.2"> -->
	<target name="wps_62_configure_bpc_bfm_logging" depends="only_execute" >
		<antcall target="wps_common_configure_bpc_logging">
			<param name="BPC_LOGGING_ARGS" value="
				-cluster ${CLUSTER_NAME} 
				-profileName ${wps.BPC.Profile}
				-enable ${wps.BPC.Log.Level}
				-bfm"/>
		</antcall>
	</target>

<!--	<target name="wps_62_configure_bpc_htm_logging" depends="only_execute" description="Configure BPC logging on WPS 6.2"> -->
	<target name="wps_62_configure_bpc_htm_logging" depends="only_execute" >
		<antcall target="wps_common_configure_bpc_logging">
			<param name="BPC_LOGGING_ARGS" value="
				-cluster ${CLUSTER_NAME}
				-profileName ${wps.BPC.Profile}
				-enable ${wps.BPC.Log.Level}
				-htm"/>
		</antcall>
	</target>

<!--	<target name="wps_62_configure_bpc_event_collector" depends="only_execute" description="Configure BPC event collector on WPS 6.2"> -->
	<target name="wps_62_configure_bpc_event_collector" depends="only_execute" >
		<antcall target="wps_common_configure_bpc_event_collector">
			<param name="BPC_EVENT_COLLECTOR_ARGS" value="-scope ${SCOPE} -scopename @{NAME} -clusterName ${CLUSTER_NAME} -action INSTALL_EVENT_COLLECTOR"/>
		</antcall>
	</target>

</project>

