<?xml version="1.0" encoding="UTF-8" standalone="no"?>
<!--
- Licensed Materials - Property of IBM Corp.
- IBM UrbanCode Build
- (c) Copyright IBM Corporation 2012, 2016. All Rights Reserved.
-
- U.S. Government Users Restricted Rights - Use, duplication or disclosure restricted by
- GSA ADP Schedule Contract with IBM Corp.
--><pluginInfo xmlns="http://www.urbancode.com/InfoXMLSchema_v1" xmlns:server="http://www.urbancode.com/PluginServerXMLSchema_v1" xmlns:xsi="http://www.w3.org/2001/XMLSchema-instance">
  <!--

  **author name IS required**

  The Author Section is used to give credit to the author of the plugin.
  Name is the only required element/attribute, but feel free to also include your email,
  website  or bio to allow users of your plugin to praise your work, ask questions
  or share their use case to help grow your plugin's functionality.
  -->

  <author name="UrbanCode">
    <organization>UrbanCode</organization>
    <email>info@urbancode.com</email>
    <website>http://urbancode.com</website>
    <bio/>
  </author>

  <!--

  **intergration type IS Required**

  The integration type section identifies where the plugin fits into the process
  excepted types are SCM, Build, Artifact, Automation, Deploy

  For example:

  The plugin pulls Artifacts from an artifact repository during deployment
  the Type would be "Artifact"
  or
  The plugin deploys to a middleware server
  the Type would be "Deploy"
  -->

  <integration type="SCM"/>


  <!--
  **source is NOT required**

  The source section identifies the location of the plugin source code
  For example
  https://github.com/...
  -->
  <!--
  <source url=""/>
  -->
  <!--
  **license type is NOT required**

  If your plugin uses any licensed software please acknowledge it by
  listing the license type below
  -->
  <!--
  <licenses>
    <license type=""/>
  </licenses>
  -->
  <!--
  **tool-description IS required**

  The tool-description section is used to summarize the software
  the plugin was created to integrate with.

  For example:
  Apache Ant is a software tool to automate software processes during the build or
  deployment of an application. Ant uses an propitiatory XML file to define build
  and/or deployment steps(referred to as targets by ant) . The Ant executable is
  called to execute the targets in the build.xml.
  -->

  <tool-description>Microsoft's Team Foundation Server (TFS) product offering includes source control, data collection, reporting, and project tracking, and is intended for collaborative software development projects.</tool-description>

  <!--
  **related-info is NOT required**

  The releated-info section is used to define links which may be useful to users of the plugin
  but don't fall into the release-notes or tool-description section.

  For example: releated-info can be links to pdf documentation, help videos related to plugin setup or the product's
  website.

  excepted values for type include: PDF, WEBSITE, VIDEO
  -->
  <related-info>
    <link description="Team Foundation Server 2010 at Microsoft Developer Network" title="TFS 2010" type="WEBSITE" url="http://msdn.microsoft.com/en-us/vstudio/ff637362"/>
  </related-info>
  <!--
  **meta-html in NOT required**

  The meta-html section is used define the meta description and the meta keywords of the plugin page.The meta
  description tag allows you to influence the description of your page in the web crawlers that support the
  tag The meta keywords tag allows   you to provide additional text for crawler-based search engines to index
  along with your body copy.

  If multiple keywords are used they must be comma(,) delimited
  -->

  <meta-html>
    <meta content="" name="description"/>
    <meta content="" name="keywords"/>
  </meta-html>
  
  <!-- Do not change the release-version, the build process injects it. -->
  <release-version>11.1049734</release-version>  

  <release-notes>
    <!--
      **release-note IS required**

      The plugin-version name must match the plugin version found in the plugin.xml file

      The release-note should document the changes, improvements, or bug fixes introduced
      with the new plugin version

      The release-note may contain text or reference a file in the plugin zip package

      For example your release note could be:
      Support for was added for version 10.0 for software X
      or
      releaseNotes/release1.html (where release1.html contains html formatted version information)
      -->

    <release-note plugin-version="2">
      Updated the plugin to hide passwords in the repository settings.
    </release-note>

    <release-note plugin-version="3">
      Updated the plugin to hide passwords in the repository settings.
    </release-note>

    <release-note plugin-version="4">
      Update to a newer version of a library for HTTP communication.
    </release-note>

    <release-note plugin-version="5">
      Updated the Populate step to correctly use the password property from the repository.
    </release-note>

    <release-note plugin-version="6">
      Delete the workspace from the server on cleanup using the configuration option 'Remove All Files'.
    </release-note>

    <release-note plugin-version="7">
      Fixed an issue where communication with the UrbanCode Build server would fail if it was running with an IBM JDK/JRE.
    </release-note>

    <release-note plugin-version="8">
      Fixed a bug where an empty directory offset would not be treated as the current directory and the checkout step would run a 'workfold /map' command.
    </release-note>
    <release-note plugin-version="9">Added RPX dependency and English translations</release-note>
      
    <release-note plugin-version="10">
Support property file encryption.
    </release-note>

    <release-note plugin-version="11">Updated change log step with additional diagnostic log</release-note>

  </release-notes>
</pluginInfo>
