<?xml version="1.0" encoding="UTF-8"?>
<!DOCTYPE project [
]>

<!-- 
====================================================================== 
Licensed Materials - Property of IBM Corp. 
IBM Middleware Configuration for WebSphere 
(c) Copyright IBM Corporation 2003, 2013. All Rights Reserved.   

U.S. Government Users Restricted Rights - Use, duplication or disclosure restricted by 
GSA ADP Schedule Contract with IBM Corp. 


File name: configure_was80_nd.xml

Defines actions available at the cell scope in WAS 8.0
====================================================================== 
-->

<project default="default" basedir=".">
	<description>
		WebSphere application server 80 ND config targets
	</description>

	<!-- import core first, in case any upstream .xml files didn't load it already  -->
	<import file="${RAFW_HOME}/product/lib/core.xml" />

	<!-- import the was custom product/actions targets -->
	<import file="${RAFW_HOME}/user/actions/configure/was/80/nd/custom_configure_was80_nd.xml" />

	<!-- import RAFW library -->
	<import file="${RAFW_HOME}/product/lib/RAFW_lib.xml" />

	<!-- import the was common product/actions targets -->
	<import file="${RAFW_HOME}/product/actions/configure/was/common/nd/configure_was_common_nd.xml" />

	<!-- import the was common product/actions targets -->
	<import file="${RAFW_HOME}/product/actions/configure/was/common/configure_was_common.xml" />
	
	<!-- import the was common cell-only actions added for 7.0 and higher -->
	<import file="${RAFW_HOME}/product/actions/configure/was/common/nd/configure_was_nd_since_70.xml" />

	<!-- import the was common all-scopes actions added for 6.1 and higher -->
	<import file="${RAFW_HOME}/product/actions/configure/was/common/configure_was_since_61.xml" />

	<!-- import the was common file registry targets -->
	<import file="${RAFW_HOME}/product/actions/configure/was/common/nd/configure_was_file_registry_common.xml" />

	<!-- import the was common cell-only actions added for 6.1 and higher -->
	<import file="${RAFW_HOME}/product/actions/configure/was/common/nd/configure_was_nd_since_61.xml" />

</project>

