<?xml version="1.0" encoding="UTF-8"?>
<plugin-upgrade
        xmlns="http://www.urbancode.com/UpgradeXMLSchema_v1"
        xmlns:xsi="http://www.w3.org/2001/XMLSchema-instance">
  
  <migrate to-version="2">
    <migrate-command name="RTC Create Baseline" old="RTC Create Snapshot">
      <migrate-properties>
        <migrate-property name="message"/>
        <migrate-property name="label" default="undefined"/>
      </migrate-properties>
    </migrate-command>
  </migrate>
  
  <migrate to-version="3">
  </migrate>
  
  <migrate to-version="4">
  </migrate>
  
  <migrate to-version="5">
  </migrate>
  
  <migrate to-version="6">
  </migrate>
  
  <migrate to-version="7">
    <migrate-property-group name="RTC Repository" type="Repository">
      <migrate-properties>
        <migrate-property name="listSnapshotDateFormat" old="listSnapshotDateFormate" default="MMM d, yyyy h:mm a"/>
      </migrate-properties>
    </migrate-property-group>
  </migrate>
  
  <migrate to-version="8">
  </migrate>
  
  <migrate to-version="9">
  </migrate>
  
  <migrate to-version="10">
  </migrate>
  
  <migrate to-version="11">
    <migrate-property-group name="RTC Repository" type="Repository">
      <migrate-properties>
        <migrate-property name="passScript"/>
      </migrate-properties>
    </migrate-property-group>
  </migrate>
  
  <migrate to-version="12">
  </migrate>
  
  <migrate to-version="13">
  </migrate>
  
  <migrate to-version="14">
  </migrate>
  
</plugin-upgrade>