{
    "path": "componentTemplates\/42296b13-877d-4164-8919-03ca804e3cb6",
    "name": "Middleware Configuration for WebSphere",
    "description": "Middleware configuration for WebSphere template",
    "active": true,
    "envPropDefs": [],
    "propDefs": [],
    "properties": [],
    "genericProcesses": [], 
    "processes": [
        {
            "name": "Compare WebSphere configuration",
            "description": "Compare configuration data between component and associated resource",
            "defaultWorkingDir": "${p:resource\/work.dir}\/${p:component.name}",
            "takesVersion": true,
            "status": "Active",
            "active": true,
            "path": "componentTemplates\/42296b13-877d-4164-8919-03ca804e3cb6\/processes\/7583fd1a-640f-40ed-9a43-2c490f7f2b7a",
            "propDefs": [],
            "rootActivity": {
                "edges": [
                    {
                        "to": "d82802498df38ef18da5833f2f47e6",
                        "from": "Compare server configuration",
                        "type": "FAILURE",
                        "value": ""
                    },
                    {
                        "to": "0d3f37becab91a69e0290cdf9130cd",
                        "from": "Compare configuration",
                        "type": "FAILURE",
                        "value": ""
                    },
                    {
                        "to": "e25991244818951250fd42b6e39c40",
                        "from": "Compare server configuration",
                        "type": "SUCCESS",
                        "value": ""
                    },
                    {
                        "to": "Compare configuration",
                        "from": "Generate configuration",
                        "type": "SUCCESS",
                        "value": ""
                    },
                    {
                        "to": "Generate configuration",
                        "from": "Download Artifacts",
                        "type": "SUCCESS",
                        "value": ""
                    },
                    {
                        "to": "Download Artifacts",
                        "from": "178d67d0d6053e39092109175cf14f",
                        "type": "SUCCESS",
                        "value": ""
                    },
                    {
                        "to": "5b33f6c742c788888ed68acf6f8f2f",
                        "from": "e25991244818951250fd42b6e39c40",
                        "type": "SUCCESS",
                        "value": ""
                    },
                    {
                        "to": "178d67d0d6053e39092109175cf14f",
                        "type": "ALWAYS",
                        "value": ""
                    },
                    {
                        "to": "Compare server configuration",
                        "from": "Compare configuration",
                        "type": "ALWAYS",
                        "value": ""
                    }
                ],
                "offsets": [
                    {
                        "name": "0d3f37becab91a69e0290cdf9130cd",
                        "x": -318,
                        "y": 360
                    },
                    {
                        "name": "Compare configuration",
                        "x": -75,
                        "y": 350
                    },
                    {
                        "name": "Download Artifacts",
                        "x": -65,
                        "y": 170
                    },
                    {
                        "name": "e25991244818951250fd42b6e39c40",
                        "x": -55,
                        "y": 536
                    },
                    {
                        "name": "d82802498df38ef18da5833f2f47e6",
                        "x": 252,
                        "y": 450
                    },
                    {
                        "name": "178d67d0d6053e39092109175cf14f",
                        "x": -55,
                        "y": 80
                    },
                    {
                        "name": "Generate configuration",
                        "x": -75,
                        "y": 260
                    },
                    {
                        "name": "Compare server configuration",
                        "x": -95,
                        "y": 440
                    },
                    {
                        "name": "5b33f6c742c788888ed68acf6f8f2f",
                        "x": 0,
                        "y": 620
                    }
                ],
                "type": "graph",
                "name": "ee12e166-67ab-45df-9217-957973111632",
                "children": [
                    {
                        "type": "finish",
                        "name": "5b33f6c742c788888ed68acf6f8f2f",
                        "children": []
                    },
                    {
                        "allowFailure": false,
                        "useImpersonation": false,
                        "showHidden": false,
                        "impersonationUseSudo": false,
                        "commandName": "Download Artifacts",
                        "pluginName": "IBM UrbanCode Deploy Versioned File Storage",
                        "pluginVersion": 18,
                        "properties": {
                            "directoryOffset": ".",
                            "artifactSetBaseDir": "",
                            "fileIncludePatterns": "**\/*",
                            "fileExcludePatterns": "",
                            "syncMode": "FULL",
                            "fullVerification": "true",
                            "setFileExecuteBits": "false",
                            "verifyFileIntegrity": "false",
                            "repositoryUrl": "${p:server.url}\/vfs",
                            "repositoryId": "${p:component\/code_station\/repository}",
                            "label": "${p:version.name}",
                            "serverUrl": "${p:server.url}",
                            "compId": "${p:component.id}",
                            "resId": "${p:resource.id}"
                        },
                        "type": "plugin",
                        "name": "Download Artifacts",
                        "children": []
                    },
                    {
                        "allowFailure": false,
                        "useImpersonation": false,
                        "showHidden": false,
                        "impersonationUseSudo": false,
                        "commandName": "Generate configuration",
                        "pluginName": "IBM Middleware Configuration for WebSphere",
                        "pluginVersion": 5,
                        "properties": {
                            "profilePath": "${p:resource\/websphere.profilePath}",
                            "soapPort": "${p:resource\/websphere.port}",
                            "wasUser": "${p?:resource\/websphere.user}",
                            "wasPassword": "${p?:resource\/websphere.password}",
                            "allEnvironmentProperties": "${p:environment\/allProperties}",
                            "readconfiguration": "",
                            "cell": "${p:resource\/websphere.cell}",
                            "cluster": "${p?:resource\/websphere.cluster}",
                            "node": "${p?:resource\/websphere.node}",
                            "server": "${p?:resource\/websphere.server}"
                        },
                        "type": "plugin",
                        "name": "Generate configuration",
                        "children": []
                    },
                    {
                        "allowFailure": false,
                        "useImpersonation": false,
                        "showHidden": false,
                        "impersonationUseSudo": false,
                        "commandName": "Compare server configuration",
                        "pluginName": "IBM Middleware Configuration for WebSphere",
                        "pluginVersion": 5,
                        "properties": {
                            "cell": "${p:resource\/websphere.cell}",
                            "cluster": "${p?:resource\/websphere.cluster}",
                            "node": "${p?:resource\/websphere.node}",
                            "server": "${p?:resource\/websphere.server}",
                            "MODE": "compare",
                            "options": ""
                        },
                        "type": "plugin",
                        "name": "Compare server configuration",
                        "children": []
                    },
                    {
                        "allowFailure": false,
                        "useImpersonation": false,
                        "showHidden": false,
                        "impersonationUseSudo": false,
                        "commandName": "Compare configuration",
                        "pluginName": "IBM Middleware Configuration for WebSphere",
                        "pluginVersion": 5,
                        "properties": {
                            "cell": "${p:resource\/websphere.cell}",
                            "cluster": "${p?:resource\/websphere.cluster}",
                            "node": "${p?:resource\/websphere.node}",
                            "server": "${p?:resource\/websphere.server}",
                            "MODE": "compare",
                            "options": ""
                        },
                        "type": "plugin",
                        "name": "Compare configuration",
                        "children": []
                    },
                    {
                        "lockName": "${p:agent.id}-${p:resource\/websphere.cell}",
                        "type": "acquireLock",
                        "name": "178d67d0d6053e39092109175cf14f",
                        "children": []
                    },
                    {
                        "lockName": "${p:agent.id}-${p:resource\/websphere.cell}",
                        "type": "releaseLock",
                        "name": "e25991244818951250fd42b6e39c40",
                        "children": []
                    },
                    {
                        "status": "FAILURE",
                        "type": "setStatus",
                        "name": "d82802498df38ef18da5833f2f47e6",
                        "children": []
                    },
                    {
                        "status": "FAILURE",
                        "type": "setStatus",
                        "name": "0d3f37becab91a69e0290cdf9130cd",
                        "children": []
                    }
                ]
            }
        },
        {
            "name": "Configure WebSphere Application Server",
            "description": "Configures the WebSphere configuration data to match the component template data",
            "defaultWorkingDir": "${p:resource\/work.dir}\/${p:component.name}",
            "takesVersion": true,
            "inventoryActionType": "ADD",
            "status": "Active",
            "configActionType": "ADD",
            "active": true,
            "path": "componentTemplates\/42296b13-877d-4164-8919-03ca804e3cb6\/processes\/1ba4957e-a20c-41bb-ba43-b366a0a30652",
            "propDefs": [],
            "rootActivity": {
                "edges": [
                    {
                        "to": "0912ffb2faba992b3e016805e50fab",
                        "type": "ALWAYS",
                        "value": ""
                    },
                    {
                        "to": "7df7d3a1095c41ea673a63a1ff5d38",
                        "from": "Manage server configuration",
                        "type": "SUCCESS",
                        "value": ""
                    },
                    {
                        "to": "Download Artifacts",
                        "from": "0912ffb2faba992b3e016805e50fab",
                        "type": "SUCCESS",
                        "value": ""
                    },
                    {
                        "to": "Manage server configuration",
                        "from": "Manage configuration",
                        "type": "SUCCESS",
                        "value": ""
                    },
                    {
                        "to": "Generate configuration",
                        "from": "Download Artifacts",
                        "type": "SUCCESS",
                        "value": ""
                    },
                    {
                        "to": "Manage configuration",
                        "from": "Generate configuration",
                        "type": "SUCCESS",
                        "value": ""
                    },
                    {
                        "to": "2217944d5585747ba41e4638c17f39",
                        "from": "7df7d3a1095c41ea673a63a1ff5d38",
                        "type": "SUCCESS",
                        "value": ""
                    }
                ],
                "offsets": [
                    {
                        "name": "Manage configuration",
                        "x": -70,
                        "y": 350
                    },
                    {
                        "name": "Manage server configuration",
                        "x": -90,
                        "y": 440
                    },
                    {
                        "name": "Download Artifacts",
                        "x": -65,
                        "y": 170
                    },
                    {
                        "name": "7df7d3a1095c41ea673a63a1ff5d38",
                        "x": -55,
                        "y": 530
                    },
                    {
                        "name": "2217944d5585747ba41e4638c17f39",
                        "x": 0,
                        "y": 620
                    },
                    {
                        "name": "0912ffb2faba992b3e016805e50fab",
                        "x": -55,
                        "y": 80
                    },
                    {
                        "name": "Generate configuration",
                        "x": -75,
                        "y": 260
                    }
                ],
                "type": "graph",
                "name": "ef771ce5-92fb-423d-97b3-c1ab56312e6a",
                "children": [
                    {
                        "type": "finish",
                        "name": "2217944d5585747ba41e4638c17f39",
                        "children": []
                    },
                    {
                        "allowFailure": false,
                        "useImpersonation": false,
                        "showHidden": false,
                        "impersonationUseSudo": false,
                        "commandName": "Download Artifacts",
                        "pluginName": "IBM UrbanCode Deploy Versioned File Storage",
                        "pluginVersion": 18,
                        "properties": {
                            "directoryOffset": ".",
                            "artifactSetBaseDir": "",
                            "fileIncludePatterns": "**\/*",
                            "fileExcludePatterns": "",
                            "syncMode": "FULL",
                            "fullVerification": "true",
                            "setFileExecuteBits": "false",
                            "verifyFileIntegrity": "false",
                            "repositoryUrl": "${p:server.url}\/vfs",
                            "repositoryId": "${p:component\/code_station\/repository}",
                            "label": "${p:version.name}",
                            "serverUrl": "${p:server.url}",
                            "compId": "${p:component.id}",
                            "resId": "${p:resource.id}"
                        },
                        "type": "plugin",
                        "name": "Download Artifacts",
                        "children": []
                    },
                    {
                        "allowFailure": false,
                        "useImpersonation": false,
                        "showHidden": false,
                        "impersonationUseSudo": false,
                        "commandName": "Generate configuration",
                        "pluginName": "IBM Middleware Configuration for WebSphere",
                        "pluginVersion": 5,
                        "properties": {
                            "profilePath": "${p:resource\/websphere.profilePath}",
                            "soapPort": "${p:resource\/websphere.port}",
                            "wasUser": "${p?:resource\/websphere.user}",
                            "wasPassword": "${p?:resource\/websphere.password}",
                            "allEnvironmentProperties": "${p:environment\/allProperties}",
                            "readconfiguration": "",
                            "cell": "${p:resource\/websphere.cell}",
                            "cluster": "${p?:resource\/websphere.cluster}",
                            "node": "${p?:resource\/websphere.node}",
                            "server": "${p?:resource\/websphere.server}"
                        },
                        "type": "plugin",
                        "name": "Generate configuration",
                        "children": []
                    },
                    {
                        "allowFailure": false,
                        "useImpersonation": false,
                        "showHidden": false,
                        "impersonationUseSudo": false,
                        "commandName": "Manage configuration",
                        "pluginName": "IBM Middleware Configuration for WebSphere",
                        "pluginVersion": 5,
                        "properties": {
                            "cell": "${p:resource\/websphere.cell}",
                            "cluster": "${p?:resource\/websphere.cluster}",
                            "node": "${p?:resource\/websphere.node}",
                            "server": "${p?:resource\/websphere.server}",
                            "MODE": "execute",
                            "options": ""
                        },
                        "type": "plugin",
                        "name": "Manage configuration",
                        "children": []
                    },
                    {
                        "allowFailure": false,
                        "useImpersonation": false,
                        "showHidden": false,
                        "impersonationUseSudo": false,
                        "commandName": "Manage server configuration",
                        "pluginName": "IBM Middleware Configuration for WebSphere",
                        "pluginVersion": 5,
                        "properties": {
                            "cell": "${p:resource\/websphere.cell}",
                            "cluster": "${p?:resource\/websphere.cluster}",
                            "node": "${p?:resource\/websphere.node}",
                            "server": "${p?:resource\/websphere.server}",
                            "MODE": "execute",
                            "options": ""
                        },
                        "type": "plugin",
                        "name": "Manage server configuration",
                        "children": []
                    },
                    {
                        "lockName": "${p:agent.id}-${p:resource\/websphere.cell}",
                        "type": "acquireLock",
                        "name": "0912ffb2faba992b3e016805e50fab",
                        "children": []
                    },
                    {
                        "lockName": "${p:agent.id}-${p:resource\/websphere.cell}",
                        "type": "releaseLock",
                        "name": "7df7d3a1095c41ea673a63a1ff5d38",
                        "children": []
                    }
                ]
            }
        },
        {
            "name": "Generate Template",
            "description": "This process generates a RAF configuration template and adds it as a component version",
            "defaultWorkingDir": "${p:resource\/work.dir}\/${p:component.name}",
            "takesVersion": false,
            "status": "",
            "active": true,
            "path": "componentTemplates\/42296b13-877d-4164-8919-03ca804e3cb6\/processes\/db1a7554-af95-4781-8977-4ca80c43e932",
            "propDefs": [
                {
                    "name": "ucdCompVer",
                    "label": "New Component Version",
                    "pattern": "",
                    "type": "TEXT",
                    "value": "1.0",
                    "required": false,
                    "description": "New component version where WebSphere configuration template files will be placed"
                },
                {
                    "name": "skipConfigCapture",
                    "label": "Skip Import of Websphere Configuration ?",
                    "pattern": "",
                    "type": "CHECKBOX",
                    "value": "false",
                    "required": false,
                    "description": "If enabled, existing Websphere configuration would be used as a base template. Normally this flag is enabled for the purpose of tokenization of an existing template."
                },
                {
                    "name": "useQuickCapture",
                    "label": "Use Quick Capture ?",
                    "pattern": "",
                    "type": "CHECKBOX",
                    "value": "true",
                    "required": false,
                    "description": "Quick Capture is on by default.  If for some reason Quick Capture is doing something unexpected, uncheck this flag for the current run."
                }
            ],
            "rootActivity": {
                "edges": [
                    {
                        "to": "c22d0c2147ee0de9e9c0e87b0b8978",
                        "from": "2c5cbba353ee230cbb5c9e5b1ad75a",
                        "type": "SUCCESS",
                        "value": ""
                    },
                    {
                        "to": "Create Version",
                        "from": "Generate Template",
                        "type": "SUCCESS",
                        "value": ""
                    },
                    {
                        "to": "2c5cbba353ee230cbb5c9e5b1ad75a",
                        "from": "Create Version",
                        "type": "SUCCESS",
                        "value": ""
                    },
                    {
                        "to": "Generate Template",
                        "from": "7b68a867a54d343bdf0c882fd60088",
                        "type": "SUCCESS",
                        "value": ""
                    },
                    {
                        "to": "7b68a867a54d343bdf0c882fd60088",
                        "type": "ALWAYS",
                        "value": ""
                    }
                ],
                "offsets": [
                    {
                        "name": "Create Version",
                        "x": -55,
                        "y": 290,
                        "h": 60,
                        "w": 190
                    },
                    {
                        "name": "Generate Template",
                        "x": -65,
                        "y": 190,
                        "h": 60,
                        "w": 210
                    },
                    {
                        "name": "c22d0c2147ee0de9e9c0e87b0b8978",
                        "x": 0,
                        "y": 490,
                        "h": 50,
                        "w": 80
                    },
                    {
                        "name": "2c5cbba353ee230cbb5c9e5b1ad75a",
                        "x": -55,
                        "y": 390,
                        "h": 60,
                        "w": 190
                    },
                    {
                        "name": "7b68a867a54d343bdf0c882fd60088",
                        "x": -55,
                        "y": 90,
                        "h": 60,
                        "w": 190
                    }
                ],
                "type": "graph",
                "name": "ee02181a-4a0a-4903-9d42-aa739373370f",
                "children": [
                    {
                        "type": "finish",
                        "name": "c22d0c2147ee0de9e9c0e87b0b8978",
                        "children": []
                    },
                    {
                        "lockName": "${p:agent.id}-${p:resource\/websphere.cell}",
                        "type": "acquireLock",
                        "name": "7b68a867a54d343bdf0c882fd60088",
                        "children": []
                    },
                    {
                        "lockName": "${p:agent.id}-${p:resource\/websphere.cell}",
                        "type": "releaseLock",
                        "name": "2c5cbba353ee230cbb5c9e5b1ad75a",
                        "children": []
                    },
                    {
                        "allowFailure": false,
                        "useImpersonation": false,
                        "showHidden": false,
                        "impersonationUseSudo": false,
                        "workingDir": "${p:Generate Template\/templatePath}",
                        "commandName": "Create Version",
                        "pluginName": "IBM UrbanCode Deploy Versions",
                        "pluginVersion": 60,
                        "properties": {
                            "componentName": "${p:component.name}",
                            "versionName": "${p:ucdCompVer}",
                            "uploadFiles": "true",
                            "includes": "**\/*",
                            "excludes": "",
                            "saveFileExecuteBits": "false"
                        },
                        "type": "plugin",
                        "name": "Create Version",
                        "children": []
                    },
                    {
                        "allowFailure": false,
                        "useImpersonation": false,
                        "showHidden": true,
                        "impersonationUseSudo": false,
                        "commandName": "Generate Template",
                        "pluginName": "IBM Middleware Configuration for WebSphere",
                        "pluginVersion": 5,
                        "properties": {
                            "skipConfigCapture": "${p:skipConfigCapture}",
                            "useQuickCapture": "${p:useQuickCapture}",
                            "profilePath": "${p:resource\/websphere.profilePath}",
                            "environment": "${p:resource.id}",
                            "resourceId": "${p:resource.id}",
                            "templateName": "${p:component.name}",
                            "soapPort": "${p:resource\/websphere.port}",
                            "wasHost": "${p?:resource\/websphere.host}",
                            "wasUser": "${p?:resource\/websphere.user}",
                            "wasPassword": "${p?:resource\/websphere.password}",
                            "ucdCompName": "${p:component.name}",
                            "ucdCompVer": "${p:ucdCompVer}",
                            "allEnvironmentProperties": "${p:environment\/allProperties}",
                            "cell": "${p:resource\/websphere.cell}",
                            "cluster": "${p?:resource\/websphere.cluster}",
                            "node": "${p?:resource\/websphere.node}",
                            "server": "${p?:resource\/websphere.server}"
                        },
                        "type": "plugin",
                        "name": "Generate Template",
                        "children": []
                    }
                ]
            }
        }
    ]
}