<?xml version="1.0" encoding="UTF-8"?>
<plugin-upgrade
        xmlns="http://www.urbancode.com/UpgradeXMLSchema_v1"
        xmlns:xsi="http://www.w3.org/2001/XMLSchema-instance">

  <migrate to-version="2">
    <migrate-command name="Create Component Version">
      <migrate-properties>
        <migrate-property name="includes"/>
        <migrate-property name="excludes"/>
      </migrate-properties>
      <remove-properties>
        <remove-property name="baseDir"/>
        <remove-property name="offset"/>
      </remove-properties>
    </migrate-command>
  </migrate>
  
  <migrate to-version="3">
    <migrate-command name="Deploy Component Version">
    </migrate-command>
  </migrate>
  
  <migrate to-version="4">
    <migrate-command name="Deploy Component Version">
      <migrate-properties>
        <migrate-property name="environmentName" old="envName" default="${p:environment}"/>
        <migrate-property name="applicationProcess" default="${p:appProcess}"/>
      </migrate-properties>
    </migrate-command>
  </migrate>
  
  <migrate to-version="5">
    <migrate-command name="Set Component Version Properties">
    </migrate-command>
  </migrate>
  
  <migrate to-version="6">
    <migrate-command name="Upload Artifacts To Version">
    </migrate-command>
  </migrate>
  
  <migrate to-version="7">
    <migrate-command name="Upload Artifact Set">
    </migrate-command>
    <migrate-command name="Upload All Artifact Sets">
    </migrate-command>
  </migrate>
  
  <migrate to-version="8">
    <migrate-id old="com.urbancode.ubuild.plugin.uDeploy" new="com.urbancode.air.plugin.uDeploy"></migrate-id>
  </migrate>

  <migrate to-version="9">
    <migrate-command name="Create Component Version">
      <migrate-properties>
        <migrate-property name="versionDesc"/>
        <migrate-property name="propertiesTextArea"/>
      </migrate-properties>
    </migrate-command>
  </migrate>

  <migrate to-version="10">
    <migrate-command name="Upload All Artifact Sets">
      <migrate-properties>
        <migrate-property name="versionDesc"/>
        <migrate-property name="propertiesTextArea"/>
      </migrate-properties>
    </migrate-command>
  </migrate>
    
  <migrate to-version="11">
  </migrate>
    
  <migrate to-version="12">
  </migrate>
  
  <migrate to-version="13">
  </migrate>
  
  <migrate to-version="14">
    <migrate-command name="Create Component Version">
      <migrate-properties>
        <migrate-property name="status"/>
      </migrate-properties>
    </migrate-command>
    <migrate-command name="Add Component Version Status" />
  </migrate>
  
  <migrate to-version="15">
  </migrate>
  
  <migrate to-version="16">
  </migrate>
  
</plugin-upgrade>