<?xml version="1.0" encoding="UTF-8"?>
<plugin-upgrade
        xmlns="http://www.urbancode.com/UpgradeXMLSchema_v1"
        xmlns:xsi="http://www.w3.org/2001/XMLSchema-instance">
  
  <migrate to-version="2">
    <migrate-id old="com.urbancode.plugin.findbugs" new="com.urbancode.air.plugin.findbugs"/>
  </migrate>
  <migrate to-version="3">
    <migrate-command name="Publish Results">
      <migrate-properties>
        <migrate-property name="findbugsZipFile"/>
      </migrate-properties>
    </migrate-command>
  </migrate>
  <migrate to-version="4">
    <migrate-command name="Publish Results">
      <remove-properties>
        <remove-property name="findbugsZipFile"/>
      </remove-properties>
    </migrate-command>
  </migrate>
</plugin-upgrade>