<?xml version="1.0" encoding="UTF-8"?>
<plugin-upgrade
        xmlns="http://www.urbancode.com/UpgradeXMLSchema_v1"
        xmlns:xsi="http://www.w3.org/2001/XMLSchema-instance">

  <migrate to-version="2">
    <migrate-command name="Xcode Build">
      <migrate-properties>
        <migrate-property name="xcode_onlyActiveArchs" default="false"/>
      </migrate-properties>
    </migrate-command>
  </migrate>

  <migrate to-version="3">
    <migrate-command name="Xcode Build">
      <migrate-properties>
        <migrate-property name="keychainName" default="login.keychain" />
        <migrate-property name="keychainPassword" />
        <migrate-property name="timeout" />
        <migrate-property name="doCodeSign" default="false" />
        <migrate-property name="xcode_onlyActiveArch" old="xcode_onlyActiveArchs" default="false" />
      </migrate-properties>
    </migrate-command>

    <migrate-command name="Package Application">
      <migrate-properties>
        <migrate-property name="keychainName" default="login.keychain" />
        <migrate-property name="keychainPassword" />
        <migrate-property name="timeout"/>
      </migrate-properties>
    </migrate-command>
  </migrate>
</plugin-upgrade>
