<?xml version="1.0" encoding="UTF-8"?><!--
- Licensed Materials - Property of IBM Corp.
- IBM UrbanCode Build
- (c) Copyright IBM Corporation 2012, 2014. All Rights Reserved.
-
- U.S. Government Users Restricted Rights - Use, duplication or disclosure restricted by
- GSA ADP Schedule Contract with IBM Corp.
--><pluginInfo>
  <!--
  
  **author name IS required**
  
  The Author Section is used to give credit to the author of the plugin.
  Name is the only required element/attribute, but feel free to also include your email, 
  website  or bio to allow users of your plugin to praise your work, ask questions 
  or share their use case to help grow your plugin's functionality. 
  -->
  
  <author name="UrbanCode">
    <organization>UrbanCode</organization>
    <email>info@urbancode.com</email>
    <website>http://urbancode.com</website>
    <bio/>
  </author>
  
  <!--
  
  **intergration type IS Required**
  
  The integration type section identifies where the plugin fits into the process
  excepted types are SCM, Build, Artifact, Automation, Deploy 
  
  For example:
  
  The plugin pulls Artifacts from an artifact repository during deployment
  the Type would be "Artifact"
  or 
  The plugin deploys to a middleware server 
  the Type would be "Deploy"
  -->
  
  <integration type="SCM"/>
  
  
  <!-- 
  **source is NOT required**
  
  The source section identifies the location of the plugin source code
  For example 
  https://github.com/...
  -->
  <!--
  <source url=""/>
  -->
  <!-- 
  **license type is NOT required**
  
  If your plugin uses any licensed software please acknowledge it by 
  listing the license type below  
  -->
  <!--
  <licenses>
    <license type=""/>
  </licenses>
  -->
  <!-- 
  **tool-description IS required**
  
  The tool-description section is used to summarize the software 
  the plugin was created to integrate with. 
  
  For example: 
  Apache Ant is a software tool to automate software processes during the build or 
  deployment of an application. Ant uses an propitiatory XML file to define build 
  and/or deployment steps(referred to as targets by ant) . The Ant executable is 
  called to execute the targets in the build.xml.
  -->
  
  <tool-description>Perforce is a commercial, proprietary, centralized revision control system developed by Perforce Software, Inc.</tool-description>
  
  <!-- 
  **related-info is NOT required**
  
  The releated-info section is used to define links which may be useful to users of the plugin 
  but don't fall into the release-notes or tool-description section. 
  
  For example: releated-info can be links to pdf documentation, help videos related to plugin setup or the product's
  website.
  
  excepted values for type include: PDF, WEBSITE, VIDEO  
  -->
  <related-info>
    <link description="Perforce Website" title="Perforce" type="WEBSITE" url="http://www.perforce.com/"/>
  </related-info>
  <!-- 
  **meta-html in NOT required**
  
  The meta-html section is used define the meta description and the meta keywords of the plugin page.The meta 
  description tag allows you to influence the description of your page in the web crawlers that support the 
  tag The meta keywords tag allows   you to provide additional text for crawler-based search engines to index 
  along with your body copy. 
  
  If multiple keywords are used they must be comma(,) delimited   
  -->  
  
  <meta-html>
    <meta content="" name="description"/>
    <meta content="" name="keywords"/>  
  </meta-html>
  
  <!-- Do not change the release-version, the build process injects it. -->
  <release-version>15.604318</release-version>  
    
  <release-notes>
    <!--
      **release-note IS required**
      
      The plugin-version name must match the plugin version found in the plugin.xml file 
      
      The release-note should document the changes, improvements, or bug fixes introduced 
      with the new plugin version 
        
      The release-note may contain text or reference a file in the plugin zip package
      
      For example your release note could be:
      Support for was added for version 10.0 for software X
      or 
      releaseNotes/release1.html (where release1.html contains html formatted version information)
      -->
      
    <release-note plugin-version="1">
      Installing this plugin will give you access to the steps listed below. These steps will be available for use when designing a Job.
    </release-note>
      
    <release-note plugin-version="2">
      Change the use of login to support multiple steps in parallel using the same credentials. Fix the populate step to parse the view paths.
    </release-note>

    <release-note plugin-version="3">
      Change the changelog command to use the -i flag. This will include changes that are merged into the current branch instead of just listing the merge commit
    </release-note>

    <release-note plugin-version="4">
      Update to a newer version of a library for HTTP communication.
    </release-note>

    <release-note plugin-version="5">
      Fix changelog step when it runs in a different timezone than the quiet period
    </release-note>

    <release-note plugin-version="6">
      Fix the determination of latest change date when the Perforce client and server are in different time zones. Set the latest submitted change list identifier on the build life during the populate step.
    </release-note>

    <release-note plugin-version="7">
      Added the ability to do a sync based on a label instead of a date
    </release-note>

    <release-note plugin-version="8">
      Updated the quiet period to properly handle the Client Spec Creation property when it is set to Create New Client Spec
    </release-note>

    <release-note plugin-version="9">
      Fixed a bug where the quiet period was closing the input stream for the client spec before it could be read
    </release-note>

    <release-note plugin-version="10">
      Removed client spec deletion from the quiet period step
    </release-note>

    <release-note plugin-version="11">
      Fix a memory leak in the get source changes step when there are many changes to process.
    </release-note>

    <release-note plugin-version="12">
      Added an option to the source config to toggle the -i flag for the Get Source Changes step.
    </release-note>

    <release-note plugin-version="13">
      Added a missing toggle for the -i flag when running the Populate Workspace step.
    </release-note>

    <release-note plugin-version="14">
      Updated the Populate Workspace step to use the -m flag when getting the latest changelist.
    </release-note>

    <release-note plugin-version="15">
      Fixed an issue where communication with the UrbanCode Build server would fail if it was running with an IBM JDK/JRE.
    </release-note>
    
  </release-notes>
</pluginInfo>