<?xml version="1.0" encoding="UTF-8"?>
<!--
- Licensed Materials - Property of IBM Corp.
- IBM UrbanCode Build
- (c) Copyright IBM Corporation 2012, 2014. All Rights Reserved.
-
- U.S. Government Users Restricted Rights - Use, duplication or disclosure restricted by
- GSA ADP Schedule Contract with IBM Corp.
-->
<pluginInfo>
  <author>
    <name>UrbanCode</name>
    <email></email>
    <website>http://urbancode.com</website>
  </author>
  <licenses>
    <license></license>
  </licenses>
  <integrationType>Automation</integrationType>
  <categories>
    <category>HP</category>
	<category>quality</category>
	<category>testing</category>
  </categories>
  <versions>
    <version name="1">
	  <releaseNote>
The QTP plugin is an automation based plugin. It is executed as part of the deployment to execute a QTP script. If the test fails the deployment will fail.
	  </releaseNote>
    </version>
  </versions>
</pluginInfo>