<?xml version="1.0" encoding="UTF-8"?><!--
- Licensed Materials - Property of IBM Corp.
- IBM UrbanCode Deploy
- (c) Copyright IBM Corporation 2015. All Rights Reserved.
-
- U.S. Government Users Restricted Rights - Use, duplication or disclosure restricted by
- GSA ADP Schedule Contract with IBM Corp.
-->
<plugin-upgrade xmlns="http://www.urbancode.com/UpgradeXMLSchema_v1" xmlns:server="http://www.urbancode.com/PluginServerXMLSchema_v1" xmlns:xsi="http://www.w3.org/2001/XMLSchema-instance">

  <migrate to-version="2">
  </migrate>
  <migrate to-version="3">
    <migrate-property-group name="Harvest Source Repo" type="Source">
      <migrate-properties>
        <migrate-property name="recursive"/>
      </migrate-properties>
    </migrate-property-group>
  </migrate>
   <!-- migrate to version 4 intentionally left blank -->

</plugin-upgrade>
