<?xml version="1.0" encoding="UTF-8"?><!--
- Licensed Materials - Property of IBM Corp.
- IBM UrbanCode Deploy
- (c) Copyright IBM Corporation 2011, 2017. All Rights Reserved.
-
- U.S. Government Users Restricted Rights - Use, duplication or disclosure restricted by
- GSA ADP Schedule Contract with IBM Corp.
--><pluginInfo>
  <!-- Do not change the release-version, the build process injects it. -->
  <release-version>23.974549</release-version>

  <release-notes>
    <!--
      The release-note should document the changes, improvements, or bug fixes introduced
      with the new plugin version

      The release-note may contain text

      For example your release note could be:
      Support for was added for version 10.0 for software X

      To add a new release note add this with a description in it of the changes:
      <release-note plugin-version="1">....</release-note>
    -->

    <release-note plugin-version="11">
Fixes issue with environment creation
    </release-note>

    <release-note plugin-version="12">
        Refactored plugin.
    </release-note>

    <release-note plugin-version="13">
        Create Child Resource step modifications made to match updated depedency. Fixes error found
        when creating environment property due to an invalid property sheet reference.
    </release-note>

    <release-note plugin-version="14">
        Updated bug when sourcing Environment Script file. Functionality only for *nix machines.
        Added Text Area Box for specifying indiviual environment value pairs for both Windows and *nix.
    </release-note>

    <release-note plugin-version="15">
        New "docker-compose Command Path" property to specify the location of the docker-compose executable for the "Compose Up" step.
        New "Do Not Delete Script" property to save the plugin's generated script following execution of the "Compose Up" step.
        Default interpreter now used for *nix operating system.
    </release-note>

    <release-note plugin-version="16">
        Implemented new "Compose Scale" step.
    </release-note>

    <release-note plugin-version="17">
        Implemented new "Run Docker Compose" step.
        Renamed "Compose Up" step to "Launch Docker Compose Application"
        Renamed "Compose Scale" step to "Scale Docker Compose Application"
            - Added "Timeout" property.
    </release-note>

    <release-note plugin-version="18">
        Support property file encryption.
    </release-note>

    <release-note plugin-version="19">
        Error discovered when trying to update a deployed version in the Create Child Resources step.
        Added catch in Create Child Resources step for unsupported IBM UrbanCode Deploy versions.
    </release-note>

    <release-note plugin-version="20">
        Create a compose.service.scale component environment property on the Docker Compose component
        and update with new service names.
    </release-note>

    <release-note plugin-version="21">
        Improvements for handling inventory.
    </release-note>

    <release-note plugin-version="22">
        Add support for Compose v3 files.
        Removed references to unset component property named 'docker-compose' from component template processes.
        Fixed problem where overrides file was not being generated correctly by plugin step Create Child Resources.
    </release-note>

    <release-note plugin-version="23">
        Add dependency on version 30 of the UrbanCode Versioned File Storage plug-in
    </release-note>

  </release-notes>
</pluginInfo>