<?xml version="1.0" encoding="UTF-8"?>
<!-- 
====================================================================== 
@IBM.COPYRIGHT@

File name: configure_liberty_common.xml     

Defines configuration actions that exist at all scopes. (profile and server)
====================================================================== 
-->
<project default="default" basedir=".">
	<description>
		Common Configuration Automation for Websphere Liberty Profile
	</description>

	<!-- include LIBERTY_COMMON variables -->
	<property file="${RAFW_HOME}/product/actions/configure/liberty/common/liberty_common.properties" />

	<!-- import core first, in case any upstream .xml files didn't load it already  -->
	<import file="${RAFW_HOME}/product/lib/core.xml" />

	<!-- import promote_shared.xml since we will support promote mode for some actions -->
	<import file="${RAFW_HOME}/product/lib/promote_shared.xml" />

	<!-- import RAFW library -->
	<import file="${RAFW_HOME}/product/lib/RAFW_lib_shared.xml" />

	<!-- import custom common targets  -->
	<import file="${RAFW_HOME}/user/actions/configure/liberty/common/custom_configure_liberty_common.xml" />

	<!-- import private config targets  -->
	<import file="${RAFW_HOME}/product/actions/configure/liberty/common/server/configure_liberty_server.xml" />

	<rafwaction name="liberty_common_configure_start_all_servers" />
	<target name="liberty_common_configure_start_all_servers"
	        description="Start all liberty servers in a liberty profile">
		<for list="${LIBERTY_SERVERS}" param="SERVER" trim="true">
			<sequential>
				<antcall target="liberty_configure_start_server">
					<param name="LIBERTY_SERVER_SERVER_NAME" value="@{SERVER}" />
				</antcall>
			</sequential>
		</for>
	</target>

	<rafwaction name="liberty_common_configure_stop_all_servers" />
	<target name="liberty_common_configure_stop_all_servers"
	        description="Stop all liberty servers in a liberty profile">
		<for list="${LIBERTY_SERVERS}" param="SERVER" trim="true">
			<sequential>
				<antcall target="liberty_configure_stop_server">
					<param name="LIBERTY_SERVER_SERVER_NAME" value="@{SERVER}" />
				</antcall>
			</sequential>
		</for>
	</target>


	<rafwaction name="liberty_common_configure_all_servers_status" />
	<target name="liberty_common_configure_all_servers_status"
	        description="Check the status of all liberty servers in a liberty profile">
		<for list="${LIBERTY_SERVERS}" param="SERVER" trim="true">
			<sequential>
				<antcall target="liberty_configure_server_status">
					<param name="LIBERTY_SERVER_SERVER_NAME" value="@{SERVER}" />
				</antcall>
			</sequential>
		</for>
	</target>

	<rafwaction name="liberty_common_configure_all_servers_all"
	            comparemode="true"
	            importmode="true" />
	<target name="liberty_common_configure_all_servers_all"
	        description="Configure all liberty servers in a liberty profile">
		<for list="${LIBERTY_SERVERS}" param="SERVER" trim="true">
			<sequential>
				<antcall target="liberty_configure_server_all">
					<param name="LIBERTY_SERVER_SERVER_NAME" value="@{SERVER}" />
					<param name="SCOPE" value="${SCOPE}/servers/${LIBERTY_SERVER_SERVER_NAME}" />
				</antcall>
			</sequential>
		</for>
	</target>
</project>
