<?xml version="1.0" encoding="UTF-8"?>
<plugin-upgrade
        xmlns="http://www.urbancode.com/UpgradeXMLSchema_v1"
        xmlns:xsi="http://www.w3.org/2001/XMLSchema-instance">

  <migrate to-version="2">
    <migrate-property-group type="Repository" name="TFS Repository">
      <migrate-properties/>
    </migrate-property-group>
  </migrate>
  
  <migrate to-version="3">
    <migrate-id old="com.urbancode.plugin.tfs" new="com.urbancode.air.plugin.tfs"></migrate-id>
  </migrate>
  
  <migrate to-version="4">
  </migrate>
  
  <migrate to-version="5">
  </migrate>
</plugin-upgrade>