{
    "securityResourceId": "2d9b9539-ad33-4e5e-a9f5-4510864239cc",
    "path": "componentTemplates\/a38d35d3-69b0-4fa4-ac3f-b43e8eb7c5dc",
    "name": "MVSCOMPONENT",
    "description": "Template component which stores and deploys z\/OS data set artifacts",
    "ignoreQualifiers": 0,
    "componentType": "ZOS",
    "tags": [],
    "active": true,
    "envPropDefs": [
        {
            "name": "deploy.env.pds.mapping",
            "label": "deploy.env.pds.mapping",
            "pattern": "",
            "type": "TEXTAREA",
            "required": true,
            "description": "Specify the PDS packaged, and where to deploy them in the restore mapping table. Each line is a mapping rule with the format of From PDS,To PDS. The value can be overrode by property with higher order of precedence, for example, Agent property or Resource property.",
            "placeholder": ""
        },
        {
            "name": "jes.host",
            "label": "jes.host",
            "pattern": "",
            "type": "TEXT",
            "value": "localhost",
            "required": false,
            "description": "Hostname of Job server. Use localhost unless you have a specific requirement to submit job to another z\/OS. ",
            "placeholder": ""
        },
        {
            "name": "jes.user",
            "label": "jes.user",
            "pattern": "",
            "type": "TEXT",
            "required": false,
            "description": "Userid to logon to JES subsystem.",
            "placeholder": ""
        },
        {
            "name": "jes.password",
            "label": "jes.password",
            "pattern": "",
            "type": "SECURE",
            "required": false,
            "description": "Password to logon to JES subsystem.",
            "placeholder": ""
        },
        {
            "name": "jes.monitor.port",
            "label": "jes.monitor.port",
            "pattern": "",
            "type": "TEXT",
            "value": "6715",
            "required": false,
            "description": "JES job monitor port (1-65535). Default is 6715.",
            "placeholder": ""
        },
        {
            "name": "BUZ_DEPLOY_BASE",
            "label": "BUZ_DEPLOY_BASE",
            "pattern": "",
            "type": "TEXT",
            "required": false,
            "description": "The base location to store deployment results and backups for rollback. Each agent provides a default value. If multiple environments use the same agent, this value can be overrode by property with higher order of precedence, for example: environment or resource. ",
            "placeholder": ""
        }
    ],
    "propDefs": [
        {
            "name": "ucd.repository.host",
            "label": "ucd.repository.host",
            "pattern": "",
            "type": "TEXT",
            "required": false,
            "description": "Hostname of the FTP server where you get version artifacts.",
            "placeholder": ""
        },
        {
            "name": "ucd.repository.location",
            "label": "ucd.repository.location",
            "pattern": "",
            "type": "TEXT",
            "required": true,
            "description": "The location of the repository where the z\/OS deploy toolkit stores artifacts.",
            "placeholder": ""
        },
        {
            "name": "ucd.repository.user",
            "label": "ucd.repository.user",
            "pattern": "",
            "type": "TEXT",
            "required": false,
            "description": "FTP username.",
            "placeholder": ""
        },
        {
            "name": "ucd.repository.password",
            "label": "ucd.repository.password",
            "pattern": "",
            "type": "SECURE",
            "required": false,
            "description": "FTP password.",
            "placeholder": ""
        }
    ],
    "properties": [],
    "processes": [
        {
            "name": "Deploy",
            "description": "Deploy data sets. Version artifacts is fetched from code station located in the same z\/OS.",
            "defaultWorkingDir": "${p:resource\/work.dir}\/${p:component.name}",
            "takesVersion": true,
            "inventoryActionType": "ADD",
            "status": "Active",
            "configActionType": "ADD",
            "active": true,
            "path": "componentTemplates\/a38d35d3-69b0-4fa4-ac3f-b43e8eb7c5dc\/processes\/d3d3986d-b3d1-4b8c-90ef-53705422647f",
            "propDefs": [],
            "rootActivity": {
                "edges": [
                    {
                        "to": "Deploy Data Sets",
                        "from": "Copy Artifacts",
                        "type": "SUCCESS",
                        "value": ""
                    },
                    {
                        "to": "Copy Artifacts",
                        "type": "ALWAYS",
                        "value": ""
                    },
                    {
                        "to": "8328a7e245b2d6f356e73791755c2a",
                        "from": "Deploy Data Sets",
                        "type": "SUCCESS",
                        "value": ""
                    }
                ],
                "offsets": [
                    {
                        "name": "8328a7e245b2d6f356e73791755c2a",
                        "x": 0,
                        "y": 420,
                        "h": 50,
                        "w": 90
                    },
                    {
                        "name": "Copy Artifacts",
                        "x": -45,
                        "y": 124,
                        "h": 60,
                        "w": 180
                    },
                    {
                        "name": "Deploy Data Sets",
                        "x": -55,
                        "y": 260,
                        "h": 60,
                        "w": 200
                    }
                ],
                "type": "graph",
                "name": "fb222c42-4c14-4de1-96fa-3740eff1b46a",
                "children": [
                    {
                        "type": "finish",
                        "name": "8328a7e245b2d6f356e73791755c2a",
                        "children": []
                    },
                    {
                        "allowFailure": false,
                        "useImpersonation": false,
                        "showHidden": false,
                        "impersonationUseSudo": false,
                        "commandName": "Copy Artifacts",
                        "pluginName": "zOS Utility",
                        "pluginVersion": 5,
                        "properties": {
                            "directoryOffset": ".",
                            "basePath": "${p:ucd.repository.location}",
                            "versionName": "${p:version.name}",
                            "componentName": "${p:component.name}"
                        },
                        "type": "plugin",
                        "name": "Copy Artifacts",
                        "children": []
                    },
                    {
                        "allowFailure": false,
                        "useImpersonation": false,
                        "showHidden": false,
                        "impersonationUseSudo": false,
                        "commandName": "Deploy Data Sets",
                        "pluginName": "zOS Utility",
                        "pluginVersion": 5,
                        "properties": {
                            "pdsMapping": "fromPDS,toPDS",
                            "checkAccess": "true",
                            "deployBasePath": "${BUZ_DEPLOY_BASE}",
                            "useEnvPdsMapping": "true",
                            "envPdsMapping": "${p:deploy.env.pds.mapping}",
                            "versionName": "${p:version.name}",
                            "componentName": "${p:component.name}"
                        },
                        "type": "plugin",
                        "name": "Deploy Data Sets",
                        "children": []
                    }
                ]
            }
        },
        {
            "name": "Deploy - get artifacts using FTP",
            "description": "Deploy data sets. Version artifacts is fetched from code station using FTP",
            "defaultWorkingDir": "${p:resource\/work.dir}\/${p:component.name}",
            "takesVersion": true,
            "inventoryActionType": "ADD",
            "status": "Active",
            "configActionType": "ADD",
            "active": true,
            "path": "componentTemplates\/a38d35d3-69b0-4fa4-ac3f-b43e8eb7c5dc\/processes\/62d99cfe-7c98-43e9-8b15-a8d30a5400cf",
            "propDefs": [],
            "rootActivity": {
                "edges": [
                    {
                        "to": "FTP Artifacts",
                        "type": "ALWAYS",
                        "value": ""
                    },
                    {
                        "to": "Deploy Data Sets",
                        "from": "FTP Artifacts",
                        "type": "SUCCESS",
                        "value": ""
                    },
                    {
                        "to": "cb186e01e1acada63dfc6eef9222cd",
                        "from": "Deploy Data Sets",
                        "type": "SUCCESS",
                        "value": ""
                    }
                ],
                "offsets": [
                    {
                        "name": "cb186e01e1acada63dfc6eef9222cd",
                        "x": 5,
                        "y": 430,
                        "h": 50,
                        "w": 90
                    },
                    {
                        "name": "FTP Artifacts",
                        "x": -50,
                        "y": 122,
                        "h": 60,
                        "w": 170
                    },
                    {
                        "name": "Deploy Data Sets",
                        "x": -50,
                        "y": 271,
                        "h": 60,
                        "w": 200
                    }
                ],
                "type": "graph",
                "name": "0a496ee2-6cc9-47fe-8999-5f7bedfbf349",
                "children": [
                    {
                        "type": "finish",
                        "name": "cb186e01e1acada63dfc6eef9222cd",
                        "children": []
                    },
                    {
                        "allowFailure": false,
                        "useImpersonation": false,
                        "showHidden": true,
                        "impersonationUseSudo": false,
                        "commandName": "FTP Artifacts",
                        "pluginName": "zOS Utility",
                        "pluginVersion": 5,
                        "properties": {
                            "directoryOffset": ".",
                            "hostName": "${p:ucd.repository.host}",
                            "userid": "${p:ucd.repository.user}",
                            "password": "crypt_v1{DESede\/CBC\/PKCS5Padding|desedekeysjsn|mcM2HbQM1G8=|NRk0T\/onCEbCj\/8ACzPgHTMjiXDVDbyWTfOfFeFc+Bw=}",
                            "basePath": "${p:ucd.repository.location}",
                            "versionName": "${p:version.name}",
                            "componentName": "${p:component.name}"
                        },
                        "type": "plugin",
                        "name": "FTP Artifacts",
                        "children": []
                    },
                    {
                        "allowFailure": false,
                        "useImpersonation": false,
                        "showHidden": false,
                        "impersonationUseSudo": false,
                        "commandName": "Deploy Data Sets",
                        "pluginName": "zOS Utility",
                        "pluginVersion": 5,
                        "properties": {
                            "pdsMapping": "fromPDS,toPDS",
                            "checkAccess": "true",
                            "deployBasePath": "${BUZ_DEPLOY_BASE}",
                            "useEnvPdsMapping": "true",
                            "envPdsMapping": "${p:deploy.env.pds.mapping}",
                            "versionName": "${p:version.name}",
                            "componentName": "${p:component.name}"
                        },
                        "type": "plugin",
                        "name": "Deploy Data Sets",
                        "children": []
                    }
                ]
            }
        },
        {
            "name": "Remove all versions",
            "description": "Remove all versions in an environment including the backup created during version deployment. Use this process when you want to start next round of development with a clean environment.  Audit history is available even if versions have been removed from the environment.  ",
            "defaultWorkingDir": "${p:resource\/work.dir}\/${p:component.name}",
            "takesVersion": false,
            "status": "",
            "active": true,
            "path": "componentTemplates\/a38d35d3-69b0-4fa4-ac3f-b43e8eb7c5dc\/processes\/cfcd641f-2032-4f01-bdbb-0cfc3d8626bc",
            "propDefs": [],
            "rootActivity": {
                "edges": [
                    {
                        "to": "7edd88f82ceb313ee19d35d0c10ed3",
                        "from": "Remove All Versions",
                        "type": "SUCCESS",
                        "value": ""
                    },
                    {
                        "to": "Remove All Versions",
                        "type": "ALWAYS",
                        "value": ""
                    }
                ],
                "offsets": [
                    {
                        "name": "Remove All Versions",
                        "x": -70,
                        "y": 118,
                        "h": 60,
                        "w": 220
                    },
                    {
                        "name": "7edd88f82ceb313ee19d35d0c10ed3",
                        "x": -5,
                        "y": 250,
                        "h": 50,
                        "w": 90
                    }
                ],
                "type": "graph",
                "name": "bd7ce259-4935-4515-8c13-12c8790204ec",
                "children": [
                    {
                        "type": "finish",
                        "name": "7edd88f82ceb313ee19d35d0c10ed3",
                        "children": []
                    },
                    {
                        "allowFailure": false,
                        "useImpersonation": false,
                        "showHidden": false,
                        "impersonationUseSudo": false,
                        "commandName": "Remove All Versions",
                        "pluginName": "zOS Utility",
                        "pluginVersion": 5,
                        "properties": {
                            "applicationName": "${p:application.name}",
                            "environmentName": "${p:environment.name}",
                            "componentName": "${p:component.name}",
                            "deployBasePath": "${BUZ_DEPLOY_BASE}"
                        },
                        "type": "plugin",
                        "name": "Remove All Versions",
                        "children": []
                    }
                ]
            }
        },
        {
            "name": "Remove redundant versions",
            "description": "Remove redundant versions in an environment. Redundant versions are these versions which are replaced completely by later deployed versions. ",
            "defaultWorkingDir": "${p:resource\/work.dir}\/${p:component.name}",
            "takesVersion": false,
            "status": "",
            "active": true,
            "path": "componentTemplates\/a38d35d3-69b0-4fa4-ac3f-b43e8eb7c5dc\/processes\/b89f1641-e0a2-4747-9332-dc681efb5f1a",
            "propDefs": [],
            "rootActivity": {
                "edges": [
                    {
                        "to": "Remove Redundant Versions",
                        "type": "ALWAYS",
                        "value": ""
                    },
                    {
                        "to": "41a9e39d9c9865d8001456cd9d7b54",
                        "from": "Remove Redundant Versions",
                        "type": "SUCCESS",
                        "value": ""
                    }
                ],
                "offsets": [
                    {
                        "name": "41a9e39d9c9865d8001456cd9d7b54",
                        "x": -5,
                        "y": 370,
                        "h": 50,
                        "w": 90
                    },
                    {
                        "name": "Remove Redundant Versions",
                        "x": -95,
                        "y": 166,
                        "h": 60,
                        "w": 270
                    }
                ],
                "type": "graph",
                "name": "e5673dc4-4049-4e3a-89fe-cf2096519f92",
                "children": [
                    {
                        "type": "finish",
                        "name": "41a9e39d9c9865d8001456cd9d7b54",
                        "children": []
                    },
                    {
                        "allowFailure": false,
                        "useImpersonation": false,
                        "showHidden": false,
                        "impersonationUseSudo": false,
                        "commandName": "Remove Redundant Versions",
                        "pluginName": "zOS Utility",
                        "pluginVersion": 5,
                        "properties": {
                            "isDryRun": "false",
                            "applicationName": "${p:application.name}",
                            "environmentName": "${p:environment.name}",
                            "componentName": "${p:component.name}",
                            "deployBasePath": "${BUZ_DEPLOY_BASE}"
                        },
                        "type": "plugin",
                        "name": "Remove Redundant Versions",
                        "children": []
                    }
                ]
            }
        },
        {
            "name": "Remove redundant versions with manual verification",
            "description": "Remove redundant versions in an environment. Redundant versions are these versions which are replaced completely by later deployed versions. ",
            "defaultWorkingDir": "${p:resource\/work.dir}\/${p:component.name}",
            "takesVersion": false,
            "status": "",
            "active": true,
            "path": "componentTemplates\/a38d35d3-69b0-4fa4-ac3f-b43e8eb7c5dc\/processes\/2c019eaa-ef49-404d-9d93-ec34361b8859",
            "propDefs": [],
            "rootActivity": {
                "edges": [
                    {
                        "to": "Remove Redundant Versions",
                        "from": "Review Versions To Be Removed",
                        "type": "SUCCESS",
                        "value": ""
                    },
                    {
                        "to": "Review Versions To Be Removed",
                        "from": "Remove Redundant Versions Dry Run",
                        "type": "SUCCESS",
                        "value": ""
                    },
                    {
                        "to": "0fbc34b5ab1760dad9dfef44d80cc6",
                        "from": "Remove Redundant Versions",
                        "type": "SUCCESS",
                        "value": ""
                    },
                    {
                        "to": "Remove Redundant Versions Dry Run",
                        "type": "ALWAYS",
                        "value": ""
                    }
                ],
                "offsets": [
                    {
                        "name": "Remove Redundant Versions Dry Run",
                        "x": -99.5,
                        "y": 107,
                        "h": 60,
                        "w": 290
                    },
                    {
                        "name": "Review Versions To Be Removed",
                        "x": -85,
                        "y": 230,
                        "h": 60,
                        "w": 260
                    },
                    {
                        "name": "Remove Redundant Versions",
                        "x": -99.5,
                        "y": 344,
                        "h": 60,
                        "w": 270
                    },
                    {
                        "name": "0fbc34b5ab1760dad9dfef44d80cc6",
                        "x": 0,
                        "y": 445,
                        "h": 50,
                        "w": 90
                    },
                    {
                        "name": "cb6d6cf1f7153da91b1bc30d718ea3",
                        "x": 326.5,
                        "y": 192,
                        "h": 50,
                        "w": 360
                    }
                ],
                "type": "graph",
                "name": "ecfff700-377c-4f29-b9d3-b366335ae1a8",
                "children": [
                    {
                        "type": "finish",
                        "name": "0fbc34b5ab1760dad9dfef44d80cc6",
                        "children": []
                    },
                    {
                        "templateName": "ApprovalCreated",
                        "roleRestrictionData": {"roleRestrictions": []},
                        "propDefs": [],
                        "type": "componentManualTask",
                        "name": "Review Versions To Be Removed",
                        "children": []
                    },
                    {
                        "name": "cb6d6cf1f7153da91b1bc30d718ea3",
                        "text": "The versions will be removed after the work item is approved. ",
                        "type": "note",
                        "children": []
                    },
                    {
                        "allowFailure": false,
                        "useImpersonation": false,
                        "showHidden": false,
                        "impersonationUseSudo": false,
                        "commandName": "Remove Redundant Versions",
                        "pluginName": "zOS Utility",
                        "pluginVersion": 5,
                        "properties": {
                            "isDryRun": "true",
                            "applicationName": "${p:application.name}",
                            "environmentName": "${p:environment.name}",
                            "componentName": "${p:component.name}",
                            "deployBasePath": "${BUZ_DEPLOY_BASE}"
                        },
                        "type": "plugin",
                        "name": "Remove Redundant Versions Dry Run",
                        "children": []
                    },
                    {
                        "allowFailure": false,
                        "useImpersonation": false,
                        "showHidden": false,
                        "impersonationUseSudo": false,
                        "commandName": "Remove Redundant Versions",
                        "pluginName": "zOS Utility",
                        "pluginVersion": 5,
                        "properties": {
                            "isDryRun": "false",
                            "applicationName": "${p:application.name}",
                            "environmentName": "${p:environment.name}",
                            "componentName": "${p:component.name}",
                            "deployBasePath": "${BUZ_DEPLOY_BASE}"
                        },
                        "type": "plugin",
                        "name": "Remove Redundant Versions",
                        "children": []
                    }
                ]
            }
        },
        {
            "name": "Sample JCL submission process",
            "description": "This process demonstrates two type  of usage of the JCL submission steps. ",
            "defaultWorkingDir": "${p:resource\/work.dir}\/${p:component.name}",
            "takesVersion": false,
            "status": "",
            "active": true,
            "path": "componentTemplates\/a38d35d3-69b0-4fa4-ac3f-b43e8eb7c5dc\/processes\/3bf352f1-cb23-44a6-a0cc-d8957b05c983",
            "propDefs": [],
            "rootActivity": {
                "edges": [
                    {
                        "to": "151c344677e54a10e4d6014864c9df",
                        "from": "Wait For Job",
                        "type": "SUCCESS",
                        "value": ""
                    },
                    {
                        "to": "151c344677e54a10e4d6014864c9df",
                        "from": "Submit  and Wait for Completion",
                        "type": "SUCCESS",
                        "value": ""
                    },
                    {
                        "to": "Wait For Job",
                        "from": "Do something else",
                        "type": "SUCCESS",
                        "value": ""
                    },
                    {
                        "to": "Submit Job",
                        "type": "ALWAYS",
                        "value": ""
                    },
                    {
                        "to": "Submit  and Wait for Completion",
                        "type": "ALWAYS",
                        "value": ""
                    },
                    {
                        "to": "Do something else",
                        "from": "Submit Job",
                        "type": "SUCCESS",
                        "value": ""
                    }
                ],
                "offsets": [
                    {
                        "name": "Submit Job",
                        "x": 176.5,
                        "y": 119,
                        "h": 60,
                        "w": 170
                    },
                    {
                        "name": "Do something else",
                        "x": 128.5,
                        "y": 230,
                        "h": 60,
                        "w": 260
                    },
                    {
                        "name": "Wait For Job",
                        "x": 176.5,
                        "y": 333,
                        "h": 60,
                        "w": 170
                    },
                    {
                        "name": "Submit  and Wait for Completion",
                        "x": -239.5,
                        "y": 190,
                        "h": 60,
                        "w": 250
                    },
                    {
                        "name": "151c344677e54a10e4d6014864c9df",
                        "x": 0,
                        "y": 420,
                        "h": 50,
                        "w": 90
                    }
                ],
                "type": "graph",
                "name": "c8d937bf-da35-409e-a351-5fbb1e43c093",
                "children": [
                    {
                        "type": "finish",
                        "name": "151c344677e54a10e4d6014864c9df",
                        "children": []
                    },
                    {
                        "allowFailure": false,
                        "useImpersonation": false,
                        "showHidden": false,
                        "impersonationUseSudo": false,
                        "commandName": "Submit Job",
                        "pluginName": "zOS Utility",
                        "pluginVersion": 5,
                        "properties": {
                            "mvsFilename": "",
                            "ussFilename": "",
                            "jclString": "\/\/TESTJCL  JOB  ,NOTIFY=&SYSUID\n\/\/TIME     EXEC PGM=IKJEFT1A   \n\/\/SYSPRINT DD   SYSOUT=*       \n\/\/SYSTSPRT DD   SYSOUT=*       \n\/\/SYSTSIN  DD   *              \n  TIME                         \n\/* ",
                            "explicitTokens": "",
                            "waitForJob": "true",
                            "timeout": "60",
                            "showOutput": "ALL",
                            "cutOff": "1000",
                            "maxRC": "4",
                            "hostname": "${p:jes.host}",
                            "userid": "${p:jes.user}",
                            "password": "${p:jes.password}",
                            "port": "${p:jes.monitor.port}"
                        },
                        "type": "plugin",
                        "name": "Submit  and Wait for Completion",
                        "children": []
                    },
                    {
                        "allowFailure": false,
                        "useImpersonation": false,
                        "showHidden": false,
                        "impersonationUseSudo": false,
                        "commandName": "Submit Job",
                        "pluginName": "zOS Utility",
                        "pluginVersion": 5,
                        "properties": {
                            "mvsFilename": "",
                            "ussFilename": "",
                            "jclString": "\/\/TESTJCL  JOB  ,NOTIFY=&SYSUID\n\/\/TIME     EXEC PGM=IKJEFT1A   \n\/\/SYSPRINT DD   SYSOUT=*       \n\/\/SYSTSPRT DD   SYSOUT=*       \n\/\/SYSTSIN  DD   *              \n  TIME                         \n\/*                             ",
                            "explicitTokens": "",
                            "waitForJob": "false",
                            "timeout": "60",
                            "showOutput": "ALL",
                            "cutOff": "1000",
                            "maxRC": "4",
                            "hostname": "${p:jes.host}",
                            "userid": "${p:jes.user}",
                            "password": "${p:jes.password}",
                            "port": "${p:jes.monitor.port}"
                        },
                        "type": "plugin",
                        "name": "Submit Job",
                        "children": []
                    },
                    {
                        "allowFailure": false,
                        "useImpersonation": false,
                        "showHidden": false,
                        "impersonationUseSudo": false,
                        "commandName": "Wait For Job",
                        "pluginName": "zOS Utility",
                        "pluginVersion": 5,
                        "properties": {
                            "jobId": "${p:submitStepName\/JobId}",
                            "timeout": "60",
                            "showOutput": "ALL",
                            "cutOff": "1000",
                            "maxRC": "4",
                            "hostname": "${p:jes.host}",
                            "userid": "${p:jes.user}",
                            "password": "${p:jes.password}",
                            "port": "${p:jes.monitor.port}"
                        },
                        "type": "plugin",
                        "name": "Wait For Job",
                        "children": []
                    },
                    {
                        "allowFailure": false,
                        "useImpersonation": false,
                        "showHidden": false,
                        "impersonationUseSudo": false,
                        "commandName": "Run TSO or ISPF Command",
                        "pluginName": "zOS Utility",
                        "pluginVersion": 5,
                        "properties": {
                            "serviceType": "TSO",
                            "tsoCommand": "TIME",
                            "loopType": "NONE",
                            "deployType": "*",
                            "reuseSession": "false",
                            "showLog": "false",
                            "ispProf": "",
                            "ispfGatewayPath": "\/usr\/lpp\/ispf\/bin",
                            "deployBasePath": "${BUZ_DEPLOY_BASE}",
                            "versionName": "${p:version.name}",
                            "componentName": "${p:component.name}"
                        },
                        "type": "plugin",
                        "name": "Do something else",
                        "children": []
                    }
                ]
            }
        },
        {
            "name": "Uninstall",
            "description": "Uninstall a version and restore the backup data sets",
            "defaultWorkingDir": "${p:resource\/work.dir}\/${p:component.name}",
            "takesVersion": true,
            "inventoryActionType": "REMOVE",
            "status": "Active",
            "active": true,
            "path": "componentTemplates\/a38d35d3-69b0-4fa4-ac3f-b43e8eb7c5dc\/processes\/d50ed860-4b63-45d8-aa5a-1e3d546a9e13",
            "propDefs": [],
            "rootActivity": {
                "edges": [
                    {
                        "to": "22f91f0dc4e35ac3094f81a5c5281e",
                        "from": "Rollback Data Sets",
                        "type": "SUCCESS",
                        "value": ""
                    },
                    {
                        "to": "Rollback Data Sets",
                        "type": "ALWAYS",
                        "value": ""
                    }
                ],
                "offsets": [
                    {
                        "name": "22f91f0dc4e35ac3094f81a5c5281e",
                        "x": 0,
                        "y": 420,
                        "h": 50,
                        "w": 90
                    },
                    {
                        "name": "Rollback Data Sets",
                        "x": -60,
                        "y": 187,
                        "h": 60,
                        "w": 210
                    }
                ],
                "type": "graph",
                "name": "75a9ad52-657c-4cc3-ac29-1705b2de30d2",
                "children": [
                    {
                        "type": "finish",
                        "name": "22f91f0dc4e35ac3094f81a5c5281e",
                        "children": []
                    },
                    {
                        "allowFailure": false,
                        "useImpersonation": false,
                        "showHidden": false,
                        "impersonationUseSudo": false,
                        "commandName": "Rollback Data Sets",
                        "pluginName": "zOS Utility",
                        "pluginVersion": 5,
                        "properties": {
                            "checkAccess": "true",
                            "delBackUpFiles": "false",
                            "deployBasePath": "${BUZ_DEPLOY_BASE}",
                            "versionName": "${p:version.name}",
                            "componentName": "${p:component.name}"
                        },
                        "type": "plugin",
                        "name": "Rollback Data Sets",
                        "children": []
                    }
                ]
            }
        }
    ],
    "genericProcesses": [],
    "teamMappings": []
}