<?xml version="1.0" encoding="UTF-8"?><snippets>
    <category filters="*" id="/jdbc/RAFW_JDBCProviders/JDBCProvider" initial_state="0" label="/jdbc/RAFW_JDBCProviders/JDBCProvider" largeicon="" smallicon="">
        <description/>
        <item category="/jdbc/RAFW_JDBCProviders/JDBCProvider" class="" editorclass="" id="item_1303926410156" label="DB2 Universal JDBC Driver Provider (XA)" largeicon="" smallicon="">
            <description><![CDATA[DB2 Universal JDBC Driver Provider (XA)]]></description>
            <content><![CDATA[<JDBCProvider classpath="${DB2UNIVERSAL_JDBC_DRIVER_PATH}/db2jcc.jar;${UNIVERSAL_JDBC_DRIVER_PATH}/db2jcc_license_cu.jar;${DB2UNIVERSAL_JDBC_DRIVER_PATH}/db2jcc_license_cisuz.jar" description="Two-phase commit DB2 JCC provider that supports JDBC 3.0. " implementationClassName="com.ibm.db2.jcc.DB2XADataSource" isolatedClassLoader="false" name="DB2 Universal JDBC Driver Provider (XA)" nativepath="${DB2UNIVERSAL_JDBC_DRIVER_NATIVEPATH}" providerType="DB2 Universal JDBC Driver Provider (XA)" xa="true" />]]></content>
        </item>
        <item category="/jdbc/RAFW_JDBCProviders/JDBCProvider" class="" editorclass="" id="item_1303926416511" label="Derby JDBC Provider (XA)" largeicon="" smallicon="">
            <description><![CDATA[Derby JDBC Provider (XA)]]></description>
            <content><![CDATA[<JDBCProvider classpath="${DERBY_JDBC_DRIVER_PATH}/derby.jar" description="Derby embedded XA JDBC Provider. This provider is only configurable in version 6.0.2 and later nodes" implementationClassName="org.apache.derby.jdbc.EmbeddedXADataSource" isolatedClassLoader="false" name="Derby JDBC Provider (XA)" nativepath="" providerType="Derby JDBC Provider (XA)" xa="true" />]]></content>
        </item>
        <item category="/jdbc/RAFW_JDBCProviders/JDBCProvider" class="" editorclass="" id="item_1303926421079" label="Oracle XA" largeicon="" smallicon="">
            <description><![CDATA[Oracle XA]]></description>
            <content><![CDATA[<JDBCProvider classpath="${ORACLE_JDBC_DRIVER_PATH}/ojdbc14.jar" description="Oracle JDBC Driver (XA)" implementationClassName="oracle.jdbc.xa.client.OracleXADataSource" isolatedClassLoader="false" name="Oracle XA" nativepath="" providerType="Oracle JDBC Driver (XA)" xa="true" />]]></content>
        </item>
    </category>
</snippets>