<?xml version="1.0" encoding="UTF-8"?><snippets>
    <category filters="*" id="/jms/RAFW_JMSConnFactories/GenericJMSConnectionFactory" initial_state="0" label="/jms/RAFW_JMSConnFactories/GenericJMSConnectionFactory" largeicon="" smallicon="">
        <description/>
        <item category="/jms/RAFW_JMSConnFactories/GenericJMSConnectionFactory" class="" editorclass="" id="item_1303928057042" label="aConnectionFactory" largeicon="" smallicon="">
            <description><![CDATA[aConnectionFactory]]></description>
            <content><![CDATA[<GenericJMSConnectionFactory XAEnabled="true" authDataAlias="dmgr/JAAS - J2C - alias" authMechanismPreference="BASIC_PASSWORD" category="category" description="description" diagnoseConnectionUsage="false" externalJNDIName="jndi/externalConnectionFactoryJNDIName" jndiName="jndi/ConnectionFactory" logMissingTransactionContext="true" manageCachedHandles="false" name="aConnectionFactory" properties="" type="UNIFIED" >]]>&#13;<![CDATA[
			<ConnectionPool WASKey="sessionPool" agedTimeout="0" connectionTimeout="180" freePoolDistributionTableSize="0" maxConnections="10" minConnections="1" numberOfFreePoolPartitions="0" numberOfSharedPoolPartitions="0" numberOfUnsharedPoolPartitions="0" properties="" purgePolicy="FailingConnectionOnly" reapTime="180" stuckThreshold="0" stuckTime="0" stuckTimerTime="0" surgeCreationInterval="0" surgeThreshold="-1" testConnection="false" testConnectionInterval="0" unusedTimeout="1800"/>]]>&#13;<![CDATA[
			<ConnectionPool WASKey="sessionPool" agedTimeout="0" connectionTimeout="180" freePoolDistributionTableSize="0" maxConnections="10" minConnections="1" numberOfFreePoolPartitions="0" numberOfSharedPoolPartitions="0" numberOfUnsharedPoolPartitions="0" purgePolicy="FailingConnectionOnly" reapTime="180" stuckThreshold="0" stuckTime="0" stuckTimerTime="0" surgeCreationInterval="0" surgeThreshold="-1" testConnection="false" testConnectionInterval="0" unusedTimeout="1800">]]>&#13;<![CDATA[
				<Property description="description" name="aJMSConnFactoryConnPoolCustomProperty" required="false" value="value"/>]]>&#13;<![CDATA[
			</ConnectionPool>]]>&#13;<![CDATA[
			<J2EEResourcePropertySet WASKey="propertySet">]]>&#13;<![CDATA[
				<J2EEResourceProperty WASKey="resourceProperties" description="description" name="AConnectionFactoryPropNname" required="false" type="java.lang.String" value="value"/>]]>&#13;<![CDATA[
			</J2EEResourcePropertySet>]]>&#13;<![CDATA[
			<JMSProvider RAFW_TYPE="reference" WASKey="provider" name="AJMSProvider"/>]]>&#13;<![CDATA[
			<MappingModule WASKey="mapping" authDataAlias="dmgr/JAAS - J2C - alias" mappingConfigAlias="DefaultPrincipalMapping"/>]]>&#13;<![CDATA[
		</GenericJMSConnectionFactory>]]></content>
        </item>
    </category>
</snippets>