<?xml version="1.0" encoding="UTF-8"?><snippets>
    <category filters="*" id="/jms/RAFW_JMSProviders/JMSProvider" initial_state="0" label="/jms/RAFW_JMSProviders/JMSProvider" largeicon="" smallicon="">
        <description/>
        <item category="/jms/RAFW_JMSProviders/JMSProvider" class="" editorclass="" id="item_1303926541084" label="AJMSProvider" largeicon="" smallicon="">
            <description><![CDATA[AJMSProvider]]></description>
            <content><![CDATA[<JMSProvider classpath="classpath" description="description" externalInitialContextFactory="externalInitialContextFactory" externalProviderURL="externalProviderURL" isolatedClassLoader="false" name="AJMSProvider" nativepath="nativepath" supportsASF="true" >]]>&#13;<![CDATA[
			<J2EEResourcePropertySet WASKey="propertySet">]]>&#13;<![CDATA[
				<J2EEResourceProperty WASKey="resourceProperties" description="description" name="AJMSProviderCustomProperty" required="false" type="java.lang.String" value="value"/>]]>&#13;<![CDATA[
			</J2EEResourcePropertySet>]]>&#13;<![CDATA[
		</JMSProvider>]]></content>
        </item>
    </category>
</snippets>