<?xml version="1.0" encoding="UTF-8"?>
<!--
- Licensed Materials - Property of IBM Corp.
- IBM UrbanCode Deploy
- (c) Copyright IBM Corporation 2011, 2016. All Rights Reserved.
-
- U.S. Government Users Restricted Rights - Use, duplication or disclosure restricted by
- GSA ADP Schedule Contract with IBM Corp.
-->
<plugin-upgrade
        xmlns="http://www.urbancode.com/UpgradeXMLSchema_v1"
        xmlns:xsi="http://www.w3.org/2001/XMLSchema-instance">

  <migrate to-version="2">
    <migrate-command name="Set Process Request Property"/>
    <migrate-command name="Set Link on Process Request"/>
  </migrate>
  <migrate to-version="3">
    <migrate-command name="Set Process Request Property"/>
    <migrate-command name="Set Link on Process Request"/>
  </migrate>
  <migrate to-version="4">
    <migrate-command name="Set Process Request Property"/>
    <migrate-command name="Set Link on Process Request"/>
  </migrate>
  <migrate to-version="5">
    <migrate-command name="Set Process Request Property"/>
    <migrate-command name="Set Link on Process Request"/>
  </migrate>
  <migrate to-version="6">
    <migrate-command name="Set Process Request Property"/>
    <migrate-command name="Set Link on Process Request"/>
  </migrate>
</plugin-upgrade>