<?xml version="1.0" encoding="UTF-8"?>

<!-- 
====================================================================== 
Licensed Materials - Property of IBM Corp. 
IBM Middleware Configuration for WebSphere 
(c) Copyright IBM Corporation 2003, 2013. All Rights Reserved.   

U.S. Government Users Restricted Rights - Use, duplication or disclosure restricted by 
GSA ADP Schedule Contract with IBM Corp. 



File name: configure_was_nd_since_70.xml     

This file contains actions that are available at cell scope only.
These actions support features which were added in WAS 7.0
The actions apply to WAS 7.0 and higher.

====================================================================== 
-->

<project default="default" basedir=".">
	<description>
	  Contains actions that are available at all scopes (cell, node, server, cluster)
	  These actions support features which were added in WAS7.0 and apply to WAS7.0 and higher.
	</description>

	<rafwaction name="was_common_configure_sibus_bootstrapmembers"
	            augmentmode="true"
	            comparemode="true"
	            importmode="true"
	            promotemode="true" />
	<target name="was_common_configure_sibus_bootstrapmembers"
	        description="Manages bootstrap members defined for service integration buses"
	        depends="scope_init">
		<rafwlog id="CRWWA3074I" resourcebundle="was">
									<logarg value="${MODE}" />
									<logarg value="${CELL_NAME}" />
		</rafwlog>
		<setdatafile resourcefile="sib" />
		<antcall target="assert_file">
			<param name="FILE" value="${DATA_FILE}" />
		</antcall>
		<cfgcallwsadmin target="was_common_configure_sibus_bootstrapmembers"
		                datamarker="SIB_BootstrapMember"
		                script="${WAS_COMMON_ND_SCRIPTS}/siBuses.py"
		                extraargs="-version ${WAS_VERSION} -config_type SIBBootstrapMember" />
	</target>

	<rafwaction name="was_common_configure_osgi_internal_repositories"
	            augmentmode="true"
	            comparemode="true"
	            importmode="true"
	            promotemode="true" />
	<target name="was_common_configure_osgi_internal_repositories"
	        description="Manages OSGi Internal Bundle Repositories"
	        depends="was_init,promote_source_scope_init">
		<if>
			<and>
				<equals arg1="${WAS_VERSION}" arg2="70" />
				<not>
					<available file="${WAS_HOME}/profileTemplates/aries" type="dir" />
				</not>
			</and>
			<then>
				<rafwlog resourcebundle="WAS" id="CRWWA9708I" />
			</then>
			<else>
				
				<rafwlog id="CRWWA3075I" resourcebundle="was">
						<logarg value="${MODE}" />
						<logarg value="${CELL_NAME}" />
				</rafwlog>
				<setdatafile resourcefile="osgi" />
				<antcall target="assert_file">
					<param name="FILE" value="${DATA_FILE}" />
				</antcall>
				<cfgcallwsadmin target="was_common_configure_osgi_internal_repositories"
				                datamarker="OSGi_InternalRepositories"
				                script="${WAS_COMMON_ND_SCRIPTS}/osgiInternalRepos.py"
				                extraargs='-version ${WAS_VERSION} -scopeHome "${SCOPE_HOME}" -wasProfHome "${WAS_PROF_HOME}"' />
				<!-- if MODE is import we also need to copy the bundleRepository -->
				<!-- if MODE is promote we also need to promote the bundleRepository -->
				<if>
					<or>
						<equals arg1="${MODE}" arg2="promote" />
						<equals arg1="${MODE}" arg2="import" />
					</or>
					<then>
						<if>
							<and>
								<equals arg1="${MODE}" arg2="import" />
								<not>
									<available file="${WAS_PROF_HOME}/config/bundleRepository" />
								</not>
							</and>
							<then>
								<rafwlog id="CRWWA9719I" resourcebundle="WAS">
									<logarg value="${WAS_PROF_HOME}/config/bundleRepository" />
								</rafwlog>
							</then>
							<else>
								<copy_content frameworkdir="bundleRepository"
								              scopedir="${CELL_HOME}"
								              sourcescopedir="${SOURCE_SCOPE_HOME}"
								              runtimedir="${WAS_PROF_HOME}/config/bundleRepository"
								              includepath="*.jar *.cba" />
							</else>
						</if>
					</then>
				</if>
			</else>
		</if>

	</target>

	<rafwaction name="was_common_configure_osgi_external_repositories"
	            augmentmode="true"
	            comparemode="true"
	            importmode="true"
	            promotemode="true" />
	<target name="was_common_configure_osgi_external_repositories"
	        description="Manages OSGi External Bundle Repositories"
	        depends="was_init">
		<if>
			<and>
				<equals arg1="${WAS_VERSION}" arg2="70" />
				<not>
					<available file="${WAS_HOME}/profileTemplates/aries" type="dir" />
				</not>
			</and>
			<then>
				<rafwlog resourcebundle="WAS" id="CRWWA9708I" />
			</then>
			<else>
				<rafwlog id="CRWWA3076I" resourcebundle="was">
										<logarg value="${MODE}" />
										<logarg value="${CELL_NAME}" />
				</rafwlog>
				<setdatafile resourcefile="osgi" />
				<antcall target="assert_file">
					<param name="FILE" value="${DATA_FILE}" />
				</antcall>
				<cfgcallwsadmin target="was_common_configure_osgi_internal_repositories"
				                datamarker="OSGi_ExternalRepositories"
				                script="${WAS_COMMON_ND_SCRIPTS}/osgiExternalRepos.py"
				                extraargs="-version ${WAS_VERSION}" />
			</else>
		</if>
	</target>

</project>
