<?xml version="1.0" encoding="UTF-8" standalone="no"?>
<plugin-upgrade xmlns="http://www.urbancode.com/UpgradeXMLSchema_v1" xmlns:xsi="http://www.w3.org/2001/XMLSchema-instance">

  <migrate to-version="2">
    <migrate-command name="Xcode Build">
      <migrate-properties>
        <migrate-property default="false" name="xcode_onlyActiveArchs"/>
      </migrate-properties>
    </migrate-command>
  </migrate>

  <migrate to-version="3">
    <migrate-command name="Xcode Build">
      <migrate-properties>
        <migrate-property default="login.keychain" name="keychainName"/>
        <migrate-property name="keychainPassword"/>
        <migrate-property name="timeout"/>
        <migrate-property default="false" name="doCodeSign"/>
        <migrate-property default="false" name="xcode_onlyActiveArch" old="xcode_onlyActiveArchs"/>
      </migrate-properties>
    </migrate-command>

    <migrate-command name="Package Application">
      <migrate-properties>
        <migrate-property default="login.keychain" name="keychainName"/>
        <migrate-property name="keychainPassword"/>
        <migrate-property name="timeout"/>
      </migrate-properties>
    </migrate-command>
  </migrate>
  <migrate to-version="4"/>
</plugin-upgrade>
