<?xml version="1.0" encoding="UTF-8"?>
<!--
- Licensed Materials - Property of IBM Corp.
- IBM UrbanCode Deploy
- (c) Copyright IBM Corporation 2011, 2017. All Rights Reserved.
- (c) Copyright HCL Technologies Ltd. 2020. All Rights Reserved.
- U.S. Government Users Restricted Rights - Use, duplication or disclosure restricted by
- GSA ADP Schedule Contract with IBM Corp.
-->
<plugin-upgrade xmlns="http://www.urbancode.com/UpgradeXMLSchema_v1" xmlns:xsi="http://www.w3.org/2001/XMLSchema-instance">

    <migrate to-version="5">
        <migrate-command name="Integration">
            <migrate-properties>
                <migrate-property name="deployHostName" default="" />
                <migrate-property name="deployToken" default="" />
            </migrate-properties>
        </migrate-command>
     </migrate>

</plugin-upgrade>
