<?xml version="1.0" encoding="UTF-8"?><plugin-upgrade xmlns="http://www.urbancode.com/UpgradeXMLSchema_v1" xmlns:server="http://www.urbancode.com/PluginServerXMLSchema_v1" xmlns:xsi="http://www.w3.org/2001/XMLSchema-instance">

    <!-- The purpose of plugin.xml is to provide upgrade paths when the plugin version is changed.
         If the upgrade paths are specified correctly, users will be upgraded to the new version
         without interruption. -->
    <migrate to-version="2">
        <migrate-command name="Copy Artifacts"></migrate-command>
        <migrate-command name="FTP Artifacts"></migrate-command>
        <migrate-command name="Deploy Data Sets"></migrate-command>
        <migrate-command name="Rollback Data Sets"></migrate-command>
        <migrate-command name="Run TSO or ISPF Command"></migrate-command>
        <migrate-command name="Allocate Data Set"></migrate-command>
        <migrate-command name="Allocate SMS Managed Data Set"></migrate-command>
        <migrate-command name="Copy Data Set"></migrate-command>
        <migrate-command name="Allocate Data Set From Existing"></migrate-command>
        <migrate-command name="Submit Job"></migrate-command>
        <migrate-command name="Wait For Job"></migrate-command>
        <migrate-command name="Remove Redundant Versions"></migrate-command>
        <migrate-command name="Remove All Versions"></migrate-command>
        <migrate-command name="Replace Tokens MVS"></migrate-command>
    </migrate>
    <migrate to-version="3">
        <migrate-command name="Copy Artifacts"></migrate-command>
        <migrate-command name="FTP Artifacts"></migrate-command>
        <migrate-command name="Deploy Data Sets"></migrate-command>
        <migrate-command name="Rollback Data Sets"></migrate-command>
        <migrate-command name="Run TSO or ISPF Command"></migrate-command>
        <migrate-command name="Allocate Data Set"></migrate-command>
        <migrate-command name="Allocate SMS Managed Data Set"></migrate-command>
        <migrate-command name="Copy Data Set"></migrate-command>
        <migrate-command name="Allocate Data Set From Existing"></migrate-command>
        <migrate-command name="Submit Job"></migrate-command>
        <migrate-command name="Wait For Job"></migrate-command>
        <migrate-command name="Remove Redundant Versions"></migrate-command>
        <migrate-command name="Remove All Versions"></migrate-command>
        <migrate-command name="Replace Tokens MVS"></migrate-command>
    </migrate>

    <migrate to-version="4">
        <migrate-command name="Copy Artifacts"></migrate-command>
        <migrate-command name="FTP Artifacts"></migrate-command>
        <migrate-command name="Deploy Data Sets">
            <migrate-properties>
                <migrate-property name="deployBasePath" default="${BUZ_DEPLOY_BASE}"/>
            </migrate-properties>
        </migrate-command>
        <migrate-command name="Rollback Data Sets">
            <migrate-properties>
                <migrate-property name="deployBasePath" default="${BUZ_DEPLOY_BASE}"/>
            </migrate-properties>
        </migrate-command>
        <migrate-command name="Run TSO or ISPF Command">
            <migrate-properties>
                <migrate-property name="deployBasePath" default="${BUZ_DEPLOY_BASE}"/>
            </migrate-properties>
        </migrate-command>
        <migrate-command name="Allocate Data Set"></migrate-command>
        <migrate-command name="Allocate SMS Managed Data Set"></migrate-command>
        <migrate-command name="Copy Data Set"></migrate-command>
        <migrate-command name="Allocate Data Set From Existing"></migrate-command>
        <migrate-command name="Submit Job"></migrate-command>
        <migrate-command name="Wait For Job"></migrate-command>
        <migrate-command name="Remove Redundant Versions">
            <migrate-properties>
                <migrate-property name="deployBasePath" default="${BUZ_DEPLOY_BASE}"/>
            </migrate-properties>
        </migrate-command>
        <migrate-command name="Remove All Versions">
            <migrate-properties>
                <migrate-property name="deployBasePath" default="${BUZ_DEPLOY_BASE}"/>
            </migrate-properties>
        </migrate-command>
        <migrate-command name="Replace Tokens MVS"></migrate-command>
    </migrate>
    <migrate to-version="5">
        <migrate-command name="Copy Artifacts"></migrate-command>
        <migrate-command name="FTP Artifacts"></migrate-command>
        <migrate-command name="Deploy Data Sets"></migrate-command>
        <migrate-command name="Rollback Data Sets"></migrate-command>
        <migrate-command name="Run TSO or ISPF Command"></migrate-command>
        <migrate-command name="Allocate Data Set"></migrate-command>
        <migrate-command name="Allocate SMS Managed Data Set"></migrate-command>
        <migrate-command name="Copy Data Set"></migrate-command>
        <migrate-command name="Allocate Data Set From Existing"></migrate-command>
        <migrate-command name="Submit Job"></migrate-command>
        <migrate-command name="Wait For Job"></migrate-command>
        <migrate-command name="Remove Redundant Versions"></migrate-command>
        <migrate-command name="Remove All Versions"></migrate-command>
        <migrate-command name="Replace Tokens MVS"></migrate-command>
    </migrate>
    <migrate to-version="6">
        <migrate-command name="Copy Artifacts"></migrate-command>
        <migrate-command name="FTP Artifacts">
            <migrate-properties>
                <migrate-property name="password"/>
            </migrate-properties>
        </migrate-command>
        <migrate-command name="Deploy Data Sets"></migrate-command>
        <migrate-command name="Rollback Data Sets"></migrate-command>
        <migrate-command name="Run TSO or ISPF Command">
            <migrate-properties>
                <migrate-property name="deployTypeName" old="deployType"/>
            </migrate-properties>
        </migrate-command>
        <migrate-command name="Allocate Data Set"></migrate-command>
        <migrate-command name="Allocate SMS Managed Data Set"></migrate-command>
        <migrate-command name="Copy Data Set"></migrate-command>
        <migrate-command name="Allocate Data Set From Existing"></migrate-command>
        <migrate-command name="Submit Job"></migrate-command>
        <migrate-command name="Wait For Job"></migrate-command>
        <migrate-command name="Remove Redundant Versions"></migrate-command>
        <migrate-command name="Remove All Versions"></migrate-command>
        <migrate-command name="Replace Tokens MVS"></migrate-command>
    </migrate>

    <migrate to-version="7">
        <migrate-command name="Copy Artifacts"></migrate-command>
        <migrate-command name="FTP Artifacts"></migrate-command>
        <migrate-command name="Deploy Data Sets"></migrate-command>
        <migrate-command name="Rollback Data Sets"></migrate-command>
        <migrate-command name="Run TSO or ISPF Command">
            <migrate-properties>
                <migrate-property name="stopOnFail" default="true"/>
                <migrate-property name="tsoCommand"/>
            </migrate-properties>
        </migrate-command>
        <migrate-command name="Allocate Data Set"></migrate-command>
        <migrate-command name="Allocate SMS Managed Data Set"></migrate-command>
        <migrate-command name="Copy Data Set"></migrate-command>
        <migrate-command name="Allocate Data Set From Existing"></migrate-command>
        <migrate-command name="Submit Job"></migrate-command>
        <migrate-command name="Wait For Job"></migrate-command>
        <migrate-command name="Remove Redundant Versions"></migrate-command>
        <migrate-command name="Remove All Versions"></migrate-command>
        <migrate-command name="Replace Tokens MVS">
            <migrate-properties>
                <migrate-property name="isWildCardAllowed" default="false"/>
                <migrate-property name="excludes" />
                <migrate-property name="includes" />
            </migrate-properties>
        </migrate-command>
        <migrate-command name="Generate Artifact Information">
            <migrate-properties>
                <migrate-property name="srcDatasetName" default=""/>
                <migrate-property name="datasetName" default=""/>
            </migrate-properties>
        </migrate-command>
    </migrate>
   <migrate to-version="8">
        <migrate-command name="Copy Artifacts"></migrate-command>
        <migrate-command name="FTP Artifacts"></migrate-command>
        <migrate-command name="Deploy Data Sets"></migrate-command>
        <migrate-command name="Rollback Data Sets"></migrate-command>
        <migrate-command name="Run TSO or ISPF Command"></migrate-command>
        <migrate-command name="Allocate Data Set"></migrate-command>
        <migrate-command name="Allocate SMS Managed Data Set"></migrate-command>
        <migrate-command name="Copy Data Set"></migrate-command>
        <migrate-command name="Allocate Data Set From Existing"></migrate-command>
        <migrate-command name="Submit Job"></migrate-command>
        <migrate-command name="Wait For Job"></migrate-command>
        <migrate-command name="Remove Redundant Versions"></migrate-command>
        <migrate-command name="Remove All Versions"></migrate-command>
        <migrate-command name="Replace Tokens MVS"></migrate-command>
        <migrate-command name="Generate Artifact Information"></migrate-command>
    </migrate>
   <migrate to-version="9">
        <migrate-command name="Copy Artifacts"></migrate-command>
        <migrate-command name="FTP Artifacts"></migrate-command>
        <migrate-command name="Deploy Data Sets"></migrate-command>
        <migrate-command name="Rollback Data Sets"></migrate-command>
        <migrate-command name="Run TSO or ISPF Command"></migrate-command>
        <migrate-command name="Allocate Data Set"></migrate-command>
        <migrate-command name="Allocate SMS Managed Data Set"></migrate-command>
        <migrate-command name="Copy Data Set"></migrate-command>
        <migrate-command name="Allocate Data Set From Existing"></migrate-command>
        <migrate-command name="Submit Job"></migrate-command>
        <migrate-command name="Wait For Job"></migrate-command>
        <migrate-command name="Remove Redundant Versions"></migrate-command>
        <migrate-command name="Remove All Versions"></migrate-command>
        <migrate-command name="Replace Tokens MVS"></migrate-command>
        <migrate-command name="Generate Artifact Information"></migrate-command>
    </migrate>

   <migrate to-version="10">
        <migrate-command name="Copy Artifacts"></migrate-command>
        <migrate-command name="FTP Artifacts"></migrate-command>
        <migrate-command name="Deploy Data Sets">
            <migrate-properties>
                <migrate-property name="allowCreateDataset" default="TRUE"/>
                <migrate-property name="pdsMapping" default="${p?:deploy.env.pds.mapping}"/>
            </migrate-properties>
        </migrate-command>
        <migrate-command name="Rollback Data Sets"></migrate-command>
        <migrate-command name="Run TSO or ISPF Command"></migrate-command>
        <migrate-command name="Allocate Data Set"></migrate-command>
        <migrate-command name="Allocate SMS Managed Data Set"></migrate-command>
        <migrate-command name="Copy Data Set"></migrate-command>
        <migrate-command name="Allocate Data Set From Existing"></migrate-command>
        <migrate-command name="Submit Job"></migrate-command>
        <migrate-command name="Wait For Job"></migrate-command>
        <migrate-command name="Remove Redundant Versions"></migrate-command>
        <migrate-command name="Remove All Versions"></migrate-command>
        <migrate-command name="Replace Tokens MVS"></migrate-command>
        <migrate-command name="Generate Artifact Information"></migrate-command>
    </migrate>

    <migrate to-version="11">
        <migrate-command name="Copy Artifacts"></migrate-command>
        <migrate-command name="FTP Artifacts"></migrate-command>
        <migrate-command name="Deploy Data Sets"></migrate-command>
        <migrate-command name="Rollback Data Sets"></migrate-command>
        <migrate-command name="Run TSO or ISPF Command"></migrate-command>
        <migrate-command name="Allocate Data Set"></migrate-command>
        <migrate-command name="Allocate SMS Managed Data Set"></migrate-command>
        <migrate-command name="Copy Data Set"></migrate-command>
        <migrate-command name="Allocate Data Set From Existing"></migrate-command>
        <migrate-command name="Submit Job"></migrate-command>
        <migrate-command name="Wait For Job"></migrate-command>
        <migrate-command name="Remove Redundant Versions"></migrate-command>
        <migrate-command name="Remove All Versions"></migrate-command>
        <migrate-command name="Replace Tokens MVS"></migrate-command>
        <migrate-command name="Generate Artifact Information"></migrate-command>
    </migrate>

    <migrate to-version="13">
        <migrate-command name="Copy Artifacts"></migrate-command>
        <migrate-command name="FTP Artifacts"></migrate-command>
        <migrate-command name="Deploy Data Sets"></migrate-command>
        <migrate-command name="Rollback Data Sets"></migrate-command>
        <migrate-command name="Run TSO or ISPF Command"></migrate-command>
        <migrate-command name="Allocate Data Set"></migrate-command>
        <migrate-command name="Allocate SMS Managed Data Set"></migrate-command>
        <migrate-command name="Copy Data Set"></migrate-command>
        <migrate-command name="Allocate Data Set From Existing"></migrate-command>
        <migrate-command name="Submit Job"></migrate-command>
        <migrate-command name="Wait For Job"></migrate-command>
        <migrate-command name="Remove Redundant Versions"></migrate-command>
        <migrate-command name="Remove All Versions"></migrate-command>
        <migrate-command name="Replace Tokens MVS"></migrate-command>
        <migrate-command name="Generate Artifact Information"></migrate-command>
    </migrate>

    <migrate to-version="14">
        <migrate-command name="Copy Artifacts"></migrate-command>
        <migrate-command name="FTP Artifacts"></migrate-command>
        <migrate-command name="Deploy Data Sets"></migrate-command>
        <migrate-command name="Rollback Data Sets"></migrate-command>
        <migrate-command name="Run TSO or ISPF Command"></migrate-command>
        <migrate-command name="Allocate Data Set"></migrate-command>
        <migrate-command name="Allocate SMS Managed Data Set"></migrate-command>
        <migrate-command name="Copy Data Set"></migrate-command>
        <migrate-command name="Allocate Data Set From Existing"></migrate-command>
        <migrate-command name="Submit Job"></migrate-command>
        <migrate-command name="Wait For Job"></migrate-command>
        <migrate-command name="Remove Redundant Versions"></migrate-command>
        <migrate-command name="Remove All Versions"></migrate-command>
        <migrate-command name="Replace Tokens MVS"></migrate-command>
        <migrate-command name="Generate Artifact Information"></migrate-command>
    </migrate>
    <migrate to-version="15">
        <migrate-command name="Copy Artifacts"></migrate-command>
        <migrate-command name="FTP Artifacts"></migrate-command>
        <migrate-command name="Deploy Data Sets"></migrate-command>
        <migrate-command name="Rollback Data Sets"></migrate-command>
        <migrate-command name="Run TSO or ISPF Command"></migrate-command>
        <migrate-command name="Allocate Data Set"></migrate-command>
        <migrate-command name="Allocate SMS Managed Data Set"></migrate-command>
        <migrate-command name="Copy Data Set"></migrate-command>
        <migrate-command name="Allocate Data Set From Existing"></migrate-command>
        <migrate-command name="Submit Job"></migrate-command>
        <migrate-command name="Wait For Job"></migrate-command>
        <migrate-command name="Remove Redundant Versions"></migrate-command>
        <migrate-command name="Remove All Versions"></migrate-command>
        <migrate-command name="Replace Tokens MVS"></migrate-command>
        <migrate-command name="Generate Artifact Information">
            <migrate-properties>
                <migrate-property name="failOnEmpty" default="false"/>
            </migrate-properties>
        </migrate-command>
    </migrate>
    <migrate to-version="16">
        <migrate-command name="Copy Artifacts"></migrate-command>
        <migrate-command name="FTP Artifacts"></migrate-command>
        <migrate-command name="Deploy Data Sets"></migrate-command>
        <migrate-command name="Rollback Data Sets"></migrate-command>
        <migrate-command name="Run TSO or ISPF Command"></migrate-command>
        <migrate-command name="Allocate Data Set"></migrate-command>
        <migrate-command name="Allocate SMS Managed Data Set"></migrate-command>
        <migrate-command name="Copy Data Set"></migrate-command>
        <migrate-command name="Allocate Data Set From Existing"></migrate-command>
        <migrate-command name="Submit Job">
            <migrate-properties>
                <migrate-property name="jobCard" default="${p?:deploy.env.jobstatement}"/>
            </migrate-properties>
        </migrate-command>
        <migrate-command name="Wait For Job"></migrate-command>
        <migrate-command name="Remove Redundant Versions"></migrate-command>
        <migrate-command name="Remove All Versions"></migrate-command>
        <migrate-command name="Replace Tokens MVS"></migrate-command>
        <migrate-command name="Generate Artifact Information"></migrate-command>
    </migrate>
    <migrate to-version="17">
        <migrate-command name="Copy Artifacts"></migrate-command>
        <migrate-command name="FTP Artifacts"></migrate-command>
        <migrate-command name="Deploy Data Sets"></migrate-command>
        <migrate-command name="Rollback Data Sets"></migrate-command>
        <migrate-command name="Run TSO or ISPF Command"></migrate-command>
        <migrate-command name="Allocate Data Set"></migrate-command>
        <migrate-command name="Allocate SMS Managed Data Set"></migrate-command>
        <migrate-command name="Copy Data Set"></migrate-command>
        <migrate-command name="Allocate Data Set From Existing"></migrate-command>
        <migrate-command name="Submit Job">
            <migrate-properties>
                <migrate-property name="irrracfLibraryPath" default="/usr/lib"/>
            </migrate-properties>
        </migrate-command>
        <migrate-command name="Wait For Job">
            <migrate-properties>
                <migrate-property name="irrracfLibraryPath" default="/usr/lib"/>
            </migrate-properties>
        </migrate-command>
        <migrate-command name="Remove Redundant Versions"></migrate-command>
        <migrate-command name="Remove All Versions"></migrate-command>
        <migrate-command name="Replace Tokens MVS"></migrate-command>
        <migrate-command name="Generate Artifact Information"></migrate-command>
    </migrate>
    <migrate to-version="18">
        <migrate-command name="Copy Artifacts">
            <migrate-properties>
                <migrate-property name="resourceId" default="${p:resource.id}"/>
            </migrate-properties>
        </migrate-command>
        <migrate-command name="FTP Artifacts">
            <migrate-properties>
                <migrate-property name="resourceId" default="${p:resource.id}"/>
            </migrate-properties>
        </migrate-command>
        <migrate-command name="Deploy Data Sets">
            <migrate-properties>
                <migrate-property name="resourceId" default="${p:resource.id}"/>
            </migrate-properties>
        </migrate-command>
        <migrate-command name="Rollback Data Sets">
            <migrate-properties>
                <migrate-property name="resourceId" default="${p:resource.id}"/>
            </migrate-properties>
        </migrate-command>
        <migrate-command name="Run TSO or ISPF Command"/>
        <migrate-command name="Allocate Data Set"/>
        <migrate-command name="Allocate SMS Managed Data Set"/>
        <migrate-command name="Copy Data Set"/>
        <migrate-command name="Allocate Data Set From Existing"/>
        <migrate-command name="Submit Job"/>
        <migrate-command name="Wait For Job"/>
        <migrate-command name="Remove Redundant Versions">
            <migrate-properties>
                <migrate-property name="resourceId" default="${p:resource.id}"/>
            </migrate-properties>
        </migrate-command>
        <migrate-command name="Remove All Versions">
            <migrate-properties>
                <migrate-property name="resourceId" default="${p:resource.id}"/>
            </migrate-properties>
        </migrate-command>
        <migrate-command name="Replace Tokens MVS"/>
        <migrate-command name="Generate Artifact Information">
            <migrate-properties>
                <migrate-property name="resourceId" default="${p:resource.id}"/>
            </migrate-properties>
        </migrate-command>
    </migrate>
    <migrate to-version="19">
        <migrate-command name="Copy Artifacts"></migrate-command>
        <migrate-command name="FTP Artifacts"></migrate-command>
        <migrate-command name="Deploy Data Sets">
            <migrate-properties>
                <migrate-property name="componentId" default="${p:component.id}"/>
            </migrate-properties>
        </migrate-command>
        <migrate-command name="Rollback Data Sets"></migrate-command>
        <migrate-command name="Run TSO or ISPF Command"/>
        <migrate-command name="Allocate Data Set"/>
        <migrate-command name="Allocate SMS Managed Data Set"/>
        <migrate-command name="Copy Data Set"/>
        <migrate-command name="Allocate Data Set From Existing"/>
        <migrate-command name="Submit Job"/>
        <migrate-command name="Wait For Job"/>
        <migrate-command name="Remove Redundant Versions"></migrate-command>
        <migrate-command name="Remove All Versions"></migrate-command>
        <migrate-command name="Replace Tokens MVS"/>
        <migrate-command name="Generate Artifact Information"></migrate-command>
    </migrate>
    <migrate to-version="20">
        <migrate-command name="Copy Artifacts"></migrate-command>
        <migrate-command name="FTP Artifacts">
            <migrate-properties>
                <migrate-property name="password" default="p?:ucd.repository.password"/>
                <migrate-property name="usePassticket" default="true"/>
                <migrate-property name="applID" default="FTPAPPL"/>
                <migrate-property name="irrracfJarFile" default="/usr/include/java_classes/IRRRacf.jar"/>
                <migrate-property name="irrracfLibraryPath" default="/usr/lib"/>
            </migrate-properties>
        </migrate-command>
        <migrate-command name="Deploy Data Sets"></migrate-command>
        <migrate-command name="Rollback Data Sets"></migrate-command>
        <migrate-command name="Run TSO or ISPF Command"/>
        <migrate-command name="Allocate Data Set"/>
        <migrate-command name="Allocate SMS Managed Data Set"/>
        <migrate-command name="Copy Data Set"/>
        <migrate-command name="Allocate Data Set From Existing"/>
        <migrate-command name="Submit Job"/>
        <migrate-command name="Wait For Job"/>
        <migrate-command name="Remove Redundant Versions"></migrate-command>
        <migrate-command name="Remove All Versions"></migrate-command>
        <migrate-command name="Replace Tokens MVS"/>
        <migrate-command name="Generate Artifact Information"></migrate-command>
    </migrate>
    <migrate to-version="21">
        <migrate-command name="Copy Artifacts"></migrate-command>
        <migrate-command name="FTP Artifacts"></migrate-command>
        <migrate-command name="Deploy Data Sets"></migrate-command>
        <migrate-command name="Rollback Data Sets"></migrate-command>
        <migrate-command name="Run TSO or ISPF Command"/>
        <migrate-command name="Allocate Data Set"/>
        <migrate-command name="Allocate SMS Managed Data Set"/>
        <migrate-command name="Copy Data Set"/>
        <migrate-command name="Allocate Data Set From Existing"/>
        <migrate-command name="Submit Job"/>
        <migrate-command name="Wait For Job"/>
        <migrate-command name="Remove Redundant Versions"></migrate-command>
        <migrate-command name="Remove All Versions"></migrate-command>
        <migrate-command name="Replace Tokens MVS"/>
        <migrate-command name="Generate Artifact Information">
            <migrate-properties>
                <migrate-property name="loopType"/>
            </migrate-properties>
        </migrate-command>
    </migrate>
    <migrate to-version="22">
        <migrate-command name="Copy Artifacts"></migrate-command>
        <migrate-command name="FTP Artifacts"></migrate-command>
        <migrate-command name="Deploy Data Sets"></migrate-command>
        <migrate-command name="Rollback Data Sets"></migrate-command>
        <migrate-command name="Run TSO or ISPF Command"/>
        <migrate-command name="Allocate Data Set"/>
        <migrate-command name="Allocate SMS Managed Data Set"/>
        <migrate-command name="Copy Data Set"/>
        <migrate-command name="Allocate Data Set From Existing"/>
        <migrate-command name="Submit Job"/>
        <migrate-command name="Wait For Job"/>
        <migrate-command name="Remove Redundant Versions"></migrate-command>
        <migrate-command name="Remove All Versions"></migrate-command>
        <migrate-command name="Replace Tokens MVS"/>
        <migrate-command name="Generate Artifact Information"></migrate-command>
    </migrate>
    <migrate to-version="23">
        <migrate-command name="Copy Artifacts"></migrate-command>
        <migrate-command name="FTP Artifacts"></migrate-command>
        <migrate-command name="Deploy Data Sets"></migrate-command>
        <migrate-command name="Rollback Data Sets"></migrate-command>
        <migrate-command name="Run TSO or ISPF Command"/>
        <migrate-command name="Allocate Data Set"/>
        <migrate-command name="Allocate SMS Managed Data Set"/>
        <migrate-command name="Copy Data Set"/>
        <migrate-command name="Allocate Data Set From Existing"/>
        <migrate-command name="Submit Job"/>
        <migrate-command name="Wait For Job"/>
        <migrate-command name="Remove Redundant Versions"></migrate-command>
        <migrate-command name="Remove All Versions"></migrate-command>
        <migrate-command name="Replace Tokens MVS"/>
        <migrate-command name="Generate Artifact Information"></migrate-command>
    </migrate>
    <migrate to-version="24">
        <migrate-command name="Copy Artifacts"></migrate-command>
        <migrate-command name="FTP Artifacts"></migrate-command>
        <migrate-command name="Deploy Data Sets"></migrate-command>
        <migrate-command name="Rollback Data Sets"></migrate-command>
        <migrate-command name="Run TSO or ISPF Command"/>
        <migrate-command name="Allocate Data Set"/>
        <migrate-command name="Allocate SMS Managed Data Set"/>
        <migrate-command name="Copy Data Set"/>
        <migrate-command name="Allocate Data Set From Existing"/>
        <migrate-command name="Submit Job"/>
        <migrate-command name="Wait For Job"/>
        <migrate-command name="Remove Redundant Versions"></migrate-command>
        <migrate-command name="Remove All Versions"></migrate-command>
        <migrate-command name="Replace Tokens MVS"/>
        <migrate-command name="Generate Artifact Information"></migrate-command>
    </migrate>
    <migrate to-version="25">
        <migrate-command name="Copy Artifacts"></migrate-command>
        <migrate-command name="FTP Artifacts"></migrate-command>
        <migrate-command name="Deploy Data Sets"></migrate-command>
        <migrate-command name="Rollback Data Sets"></migrate-command>
        <migrate-command name="Run TSO or ISPF Command"/>
        <migrate-command name="Allocate Data Set"/>
        <migrate-command name="Allocate SMS Managed Data Set"/>
        <migrate-command name="Copy Data Set"/>
        <migrate-command name="Allocate Data Set From Existing"/>
        <migrate-command name="Submit Job"/>
        <migrate-command name="Wait For Job"/>
        <migrate-command name="Remove Redundant Versions"></migrate-command>
        <migrate-command name="Remove All Versions"></migrate-command>
        <migrate-command name="Replace Tokens MVS"/>
        <migrate-command name="Generate Artifact Information"></migrate-command>
    </migrate>
    <migrate to-version="26">
        <migrate-command name="Copy Artifacts"></migrate-command>
        <migrate-command name="FTP Artifacts"></migrate-command>
        <migrate-command name="Deploy Data Sets"></migrate-command>
        <migrate-command name="Rollback Data Sets"></migrate-command>
        <migrate-command name="Run TSO or ISPF Command"/>
        <migrate-command name="Allocate Data Set"/>
        <migrate-command name="Allocate SMS Managed Data Set"/>
        <migrate-command name="Copy Data Set"/>
        <migrate-command name="Allocate Data Set From Existing"/>
        <migrate-command name="Submit Job"/>
        <migrate-command name="Wait For Job"/>
        <migrate-command name="Remove Redundant Versions"></migrate-command>
        <migrate-command name="Remove All Versions"></migrate-command>
        <migrate-command name="Replace Tokens MVS"/>
        <migrate-command name="Generate Artifact Information"></migrate-command>
    </migrate>    
</plugin-upgrade>