<?xml version="1.0" encoding="UTF-8"?>
<!--
- Licensed Materials - Property of IBM* and/or HCL**
- UrbanCode Deploy
- UrbanCode Build
- UrbanCode Release
- AnthillPro
- (c) Copyright IBM Corporation 2011, 2017. All Rights Reserved.
- (c) Copyright HCL Technologies Ltd. 2018. All Rights Reserved.
-
- U.S. Government Users Restricted Rights - Use, duplication or disclosure restricted by
- GSA ADP Schedule Contract with IBM Corp.
-
- * Trademark of International Business Machines
- ** Trademark of HCL Technologies Limited
-->
<plugin-upgrade
        xmlns="http://www.urbancode.com/UpgradeXMLSchema_v1"
        xmlns:xsi="http://www.w3.org/2001/XMLSchema-instance">
  <migrate to-version="3">
    <migrate-command name="Create Component Property"/>
    <migrate-command name="Create Component Role"/>
  </migrate>
  <migrate to-version="4">
    <migrate-command name="Create Component Property"/>
    <migrate-command name="Create Component Role"/>
    <migrate-command name="Add User To Role For Component"/>
    <migrate-command name="Add Group To Role For Component"/>
    <migrate-command name="Check If Component Exists"/>
  </migrate>
  <migrate to-version="60">
    <migrate-command name="Create Component Property"/>
    <migrate-command name="Create Component Role"/>
    <migrate-command name="Add User To Role For Component"/>
    <migrate-command name="Add Group To Role For Component"/>
    <migrate-command name="Check If Component Exists"/>
    <migrate-command name="Create Component"/>
  </migrate>
  <migrate to-version="61">
    <migrate-command name="Create Component Property"/>
    <migrate-command name="Check If Component Exists"/>
    <migrate-command name="Create Component"/>
  </migrate>
  <migrate to-version="62">
    <migrate-command name="Create Component Property"/>
    <migrate-command name="Check If Component Exists"/>
    <migrate-command name="Create Component"/>
    <migrate-command name="Add Component To Team"/>
  </migrate>
  <migrate to-version="63">
    <migrate-command name="Create Component Property"/>
    <migrate-command name="Check If Component Exists"/>
    <migrate-command name="Create Component"/>
    <migrate-command name="Add Component To Team"/>
    <migrate-command name="Get Component Properties"/>
    <migrate-command name="Get Component Details"/>
  </migrate>
  <migrate to-version="65">
    <migrate-command name="Create Component Property"/>
    <migrate-command name="Check If Component Exists"/>
    <migrate-command name="Create Component"/>
    <migrate-command name="Delete Component"/>
    <migrate-command name="Get Component Applications"/>
    <migrate-command name="Add Component To Team"/>
    <migrate-command name="Get Component Properties"/>
    <migrate-command name="Get Component Details"/>
  </migrate>
  <migrate to-version="66">
    <migrate-command name="Create Component Property"/>
    <migrate-command name="Check If Component Exists"/>
    <migrate-command name="Create Component"/>
    <migrate-command name="Delete Component"/>
    <migrate-command name="Get Component Applications"/>
    <migrate-command name="Add Component To Team"/>
    <migrate-command name="Get Component Properties"/>
    <migrate-command name="Get Component Details"/>
    <migrate-command name="Add Tag to Component"/>
    <migrate-command name="Remove Tag from Component"/>
  </migrate>
  <migrate to-version="67">
    <migrate-command name="Create Component Property"/>
    <migrate-command name="Check If Component Exists"/>
    <migrate-command name="Create Component"/>
    <migrate-command name="Delete Component"/>
    <migrate-command name="Get Component Applications"/>
    <migrate-command name="Add Component To Team"/>
    <migrate-command name="Get Component Properties"/>
    <migrate-command name="Get Component Details"/>
    <migrate-command name="Add Tag to Component"/>
    <migrate-command name="Remove Tag from Component"/>
  </migrate>
  <migrate to-version="68">
  </migrate>
  <migrate to-version="69">
    <migrate-command name="Add Component To Team">
      <migrate-properties>
        <migrate-property name="component" default=""/>
      </migrate-properties>
    </migrate-command>
  </migrate>
  <migrate to-version="70">
    <migrate-command name="Create Component">
      <migrate-properties>
        <migrate-property name="sourceConfig" default="None"/>
      </migrate-properties>
    </migrate-command>
  </migrate>
  <migrate to-version="73">
    <migrate-command name="Create Component Property">
      <migrate-properties>
        <migrate-property name="secureValue" default=""/>
      </migrate-properties>
    </migrate-command>
  </migrate>
  <migrate to-version="74">
  </migrate>
  <migrate to-version="75">
  </migrate>
</plugin-upgrade>
