<?xml version="1.0" encoding="UTF-8"?>
<plugin-upgrade
        xmlns="http://www.urbancode.com/UpgradeXMLSchema_v1"
        xmlns:xsi="http://www.w3.org/2001/XMLSchema-instance">

  <migrate to-version="2">
    <migrate-command name="Add Comment">
      <migrate-properties>
        <migrate-property name="chnglgComments" default="true"/>
      </migrate-properties>
    </migrate-command>
    <migrate-command name="Change Work Item Status">
      <migrate-properties>
        <migrate-property name="workflowType"/>
        <migrate-property name="newState"/>
      </migrate-properties>
    </migrate-command>
  </migrate>
  
</plugin-upgrade>