<?xml version="1.0" encoding="UTF-8"?>
<!-- 
====================================================================== 
@IBM.COPYRIGHT@

File name: configure_liberty_common_server.xml     

Defines configuration actions that exist at server scope
====================================================================== 
-->
<project default="default" basedir=".">
	<description>
		Common Configuration Automation for Websphere Liberty Server
	</description>

	<!-- import core first, in case any upstream .xml files didn't load it already  -->
	<import file="${RAFW_HOME}/product/lib/core.xml" />

	<!-- import promote_shared.xml since we will support promote mode for some actions -->
	<import file="${RAFW_HOME}/product/lib/promote_shared.xml" />

	<import file="${RAFW_HOME}/product/lib/ant_utils.xml" />

	<!-- include LIBERTY_COMMON variables -->
	<property file="${RAFW_HOME}/product/actions/configure/liberty/common/liberty_common.properties" />

	<!-- import RAFW library -->
	<import file="${RAFW_HOME}/product/lib/RAFW_lib_shared.xml" />

	<!-- Import custom common targets  -->
	<import file="${RAFW_HOME}/user/actions/configure/liberty/common/server/custom_configure_liberty_common_server.xml" />


	<target name="liberty_configure_start_server" depends="prepare_liberty_shell">
		<if>
			<equals arg1="${OS}" arg2="windows" />
			<then>
				<execOnWin command="${LIBERTY_PROFILE_HOME}/wlp/bin/server.bat start ${LIBERTY_SERVER_SERVER_NAME}" />
			</then>
			<else>
				<exec dir="${LIBERTY_PROFILE_HOME}/wlp/bin"
				      executable="${EXECUTABLE_SHELL}"
				      failonerror="true">
					<arg line="${SHELL_SWITCH} '${CURRENT_FOLDER_PREFIX}server'" />
					<arg value="start" />
					<arg value="${LIBERTY_SERVER_SERVER_NAME}" />
				</exec>
			</else>
		</if>
	</target>

	<target name="liberty_configure_stop_server" depends="prepare_liberty_shell">
		<exec dir="${LIBERTY_PROFILE_HOME}/wlp/bin"
		      executable="${EXECUTABLE_SHELL}"
		      failonerror="true">
			<arg line="${SHELL_SWITCH} '${CURRENT_FOLDER_PREFIX}server'" />
			<arg value="stop" />
			<arg value="${LIBERTY_SERVER_SERVER_NAME}" />
		</exec>
	</target>

	<target name="liberty_configure_server_status" depends="prepare_liberty_shell">
		<exec dir="${LIBERTY_PROFILE_HOME}/wlp/bin"
		      executable="${EXECUTABLE_SHELL}"
		      failonerror="false">
			<arg line="${SHELL_SWITCH} '${CURRENT_FOLDER_PREFIX}server'" />
			<arg value="status" />
			<arg value="${LIBERTY_SERVER_SERVER_NAME}" />
		</exec>
	</target>

	<target name="liberty_configure_server_all" depends="prepare_liberty_shell,liberty_scope_init">
		<var name="remote.CONFIG_FILE"
		     value="${LIBERTY_PROFILE_HOME}/wlp/usr/servers/${LIBERTY_SERVER_SERVER_NAME}/server.xml" />
		<if>
			<equals arg1="${SCOPE}" arg2="liberty_server" />
			<then>
				<var name="local.CONFIG_FILE" value="${SCOPE_HOME}/server.xml" />
			</then>
			<elseif>
				<equals arg1="${SCOPE}" arg2="profile" />
				<then>
					<var name="local.CONFIG_FILE"
					     value="${SCOPE_HOME}/servers/${LIBERTY_SERVER_SERVER_NAME}/server.xml" />
				</then>
			</elseif>
		</if>
		<if>
			<equals arg1="${MODE}" arg2="promote" />
			<then>
				<set_promote_scope property="SOURCE_REL_SCOPE_HOME" />
				<promote_xml_file filename="server.xml"
				                  scopedir="${RAFW_HOME}/${REL_SCOPE_HOME}"
				                  sourcescopedir="${RAFW_HOME}/${SOURCE_REL_SCOPE_HOME}"
				                  promotionpropsclass="com.ibm.rational.raf.extend.liberty.promote.LibertyPromotionProps" />
			</then>
			<elseif>
				<equals arg1="${MODE}" arg2="import" />
				<then>
					<copy file="${remote.CONFIG_FILE}"
					      tofile="${local.CONFIG_FILE}"
					      overwrite="true"
					      verbose="true" />
				</then>
			</elseif>
			<elseif>
				<equals arg1="${MODE}" arg2="compare" />
				<then>
					<configcompare file1="${local.CONFIG_FILE}" file2="${remote.CONFIG_FILE}" />
				</then>
			</elseif>
			<else>
				<copy file="${local.CONFIG_FILE}"
				      tofile="${remote.CONFIG_FILE}"
				      overwrite="true"
				      verbose="true" />
			</else>
		</if>
	</target>
	<macrodef name="set_promote_scope">
		<attribute name="property" />
		<sequential>

			<if>
				<equals arg1="${MODE}" arg2="promote" />
				<then>
					<assertpropertyset property="opt.source.env" />
					<assertpropertyset property="opt.source.profile" />
					<assertpropertyset property="opt.source.server" />
				</then>
			</if>
			<var name="@{property}"
			     value="user/environments/${opt.source.env}/profiles/${opt.source.profile}/servers/${opt.source.server}" />
		</sequential>
	</macrodef>
	<target name="prepare_liberty_shell">
		<if>
			<equals arg1="${OS}" arg2="windows" />
			<then>
				<property name="EXECUTABLE_SHELL" value="cmd" />
				<property name="SHELL_SWITCH" value="/c" />
				<property name="CURRENT_FOLDER_PREFIX" value="" />
				<property name="COMMAND_DELIMITER" value=" &amp; " />
				<property name="EXECUTE_SOURCE_PREFIX" value="" />
			</then>
			<else>
				<!-- <property name="EXECUTABLE_SHELL" value="bash" /> -->
				<property name="EXECUTABLE_SHELL" value="sh" />
				<property name="SHELL_SWITCH" value="" />
				<property name="CURRENT_FOLDER_PREFIX" value="./" />
				<property name="COMMAND_DELIMITER" value=";" />
				<property name="EXECUTE_SOURCE_PREFIX" value=". " />
			</else>
		</if>
	</target>
	<target name="liberty_scope_init">
		<var name="SCOPE_HOME" unset="true" />
		<var name="SCOPE_NAME" unset="true" />
		<if>
			<equals arg1="${SCOPE}" arg2="profile" />
			<then>
				<var name="SCOPE_HOME" value="${PROFILE_HOME}" />
				<var name="SCOPE_NAME" value="${CONFIGURATION}" />
			</then>
		</if>
		<if>
			<equals arg1="${SCOPE}" arg2="liberty_server" />
			<then>
				<var name="SCOPE_HOME" value="${LIBERTY_SERVER_HOME}" />
				<var name="SCOPE_NAME" value="${LIBERTY_SERVER_SERVER_NAME}" />
			</then>
		</if>
	</target>
</project>
