<?xml version="1.0" encoding="utf-8"?>
<!--

    Licensed Materials - Property of IBM, 5724-E76, (C) Copyright IBM Corp. 2008 - All Rights reserved.

-->
<request xmlns:xsi="http://www.w3.org/2001/XMLSchema-instance" build="wp610_270" version="6.1.0.0" xsi:noNamespaceSchemaLocation="PortalConfig_6.1.0.xsd" type="update" create-oids="true">
    <portal action="locate">

        <!--AI periodic tasks-->
        <task action="create" name="com.ibm.portal.ai.task.AITask_Purger">
            <startTime>22:30</startTime>
        </task>
        <task action="create" name="com.ibm.portal.ai.task.AITask_PolicyHandler">
            <dayOfWeek>6</dayOfWeek>
            <startTime>21:00</startTime>
        </task>

        <skin action="locate" domain="rel" objectid="NoSkinSkin" uniquename="wps.skin.noSkin"/>
        <skin action="locate" objectid="ThinSkin" uniquename="wps.skin.thinSkin" />

        <web-app action="locate" domain="rel" uid="BlurbPortlet.3088d83ae7690017105c9e64cce97eb8">
            <portlet-app action="locate" domain="rel" uid="BlurbPortlet.3088d83ae7690017105c9e64cce97eb8.1">
                <portlet action="locate" domain="rel" objectid="WelcometoWebSpherePortal" uniquename="wps.p.Welcome To WebSphere Portal"/>
            </portlet-app>
        </web-app>
        <web-app action="locate" uid="login.war.webmod">
            <portlet-app action="locate" uid="login.war">
                <portlet action="locate" name="Login Portlet" objectid="login.portlet" />
            </portlet-app>
        </web-app>

        <content-node action="locate" domain="rel" objectid="Content.Root" uniquename="wps.content.root"/>

		<!-- create Home page -->
        <content-node action="update" ordinal="100" content-parentref="Content.Root" active="true" objectid="Content.Root.Home" uniquename="ibm.portal.admin.vp.Home" skinref="undefined" type="label"  themeref="undefined">
            <supported-markup markup="html" update="set"/>

            <localedata locale="ar" prefix="content.home">
                <url>file:///$server_root$/installer/wp.config/config/templates/SetupPortal_ar.properties</url>
            </localedata>
            <localedata locale="cs" prefix="content.home">
                <url>file:///$server_root$/installer/wp.config/config/templates/SetupPortal_cs.properties</url>
            </localedata>
            <localedata locale="da" prefix="content.home">
                <url>file:///$server_root$/installer/wp.config/config/templates/SetupPortal_da.properties</url>
            </localedata>
            <localedata locale="de" prefix="content.home">
                <url>file:///$server_root$/installer/wp.config/config/templates/SetupPortal_de.properties</url>
            </localedata>
            <localedata locale="el" prefix="content.home">
                <url>file:///$server_root$/installer/wp.config/config/templates/SetupPortal_el.properties</url>
            </localedata>
            <localedata locale="en" prefix="content.home">
                <url>file:///$server_root$/installer/wp.config/config/templates/SetupPortal_en.properties</url>
            </localedata>
            <localedata locale="es" prefix="content.home">
                <url>file:///$server_root$/installer/wp.config/config/templates/SetupPortal_es.properties</url>
            </localedata>
            <localedata locale="fi" prefix="content.home">
                <url>file:///$server_root$/installer/wp.config/config/templates/SetupPortal_fi.properties</url>
            </localedata>
            <localedata locale="fr" prefix="content.home">
                <url>file:///$server_root$/installer/wp.config/config/templates/SetupPortal_fr.properties</url>
            </localedata>
            <localedata locale="hu" prefix="content.home">
                <url>file:///$server_root$/installer/wp.config/config/templates/SetupPortal_hu.properties</url>
            </localedata>
            <localedata locale="it" prefix="content.home">
                <url>file:///$server_root$/installer/wp.config/config/templates/SetupPortal_it.properties</url>
            </localedata>
            <localedata locale="iw" prefix="content.home">
                <url>file:///$server_root$/installer/wp.config/config/templates/SetupPortal_iw.properties</url>
            </localedata>
            <localedata locale="ja" prefix="content.home">
                <url>file:///$server_root$/installer/wp.config/config/templates/SetupPortal_ja.properties</url>
            </localedata>
            <localedata locale="ko" prefix="content.home">
                <url>file:///$server_root$/installer/wp.config/config/templates/SetupPortal_ko.properties</url>
            </localedata>
            <localedata locale="nl" prefix="content.home">
                <url>file:///$server_root$/installer/wp.config/config/templates/SetupPortal_nl.properties</url>
            </localedata>
            <localedata locale="no" prefix="content.home">
                <url>file:///$server_root$/installer/wp.config/config/templates/SetupPortal_no.properties</url>
            </localedata>
            <localedata locale="pl" prefix="content.home">
                <url>file:///$server_root$/installer/wp.config/config/templates/SetupPortal_pl.properties</url>
            </localedata>
            <localedata locale="pt" prefix="content.home">
                <url>file:///$server_root$/installer/wp.config/config/templates/SetupPortal_pt.properties</url>
            </localedata>
            <localedata locale="pt_BR" prefix="content.home">
                <url>file:///$server_root$/installer/wp.config/config/templates/SetupPortal_pt_BR.properties</url>
            </localedata>
            <localedata locale="ru" prefix="content.home">
                <url>file:///$server_root$/installer/wp.config/config/templates/SetupPortal_ru.properties</url>
            </localedata>
            <localedata locale="sv" prefix="content.home">
                <url>file:///$server_root$/installer/wp.config/config/templates/SetupPortal_sv.properties</url>
            </localedata>
            <localedata locale="tr" prefix="content.home">
                <url>file:///$server_root$/installer/wp.config/config/templates/SetupPortal_tr.properties</url>
            </localedata>
            <localedata locale="zh" prefix="content.home">
                <url>file:///$server_root$/installer/wp.config/config/templates/SetupPortal_zh.properties</url>
            </localedata>
            <localedata locale="zh_TW" prefix="content.home">
                <url>file:///$server_root$/installer/wp.config/config/templates/SetupPortal_zh_TW.properties</url>
            </localedata>
            <localedata locale="ro" prefix="content.home">
                <url>file:///$server_root$/installer/wp.config/config/templates/SetupPortal_ro.properties</url>
            </localedata>
            <localedata locale="th" prefix="content.home">
                <url>file:///$server_root$/installer/wp.config/config/templates/SetupPortal_th.properties</url>
            </localedata>
            <localedata locale="uk" prefix="content.home">
                <url>file:///$server_root$/installer/wp.config/config/templates/SetupPortal_uk.properties</url>
            </localedata>
			<localedata locale="ca" prefix="content.home">
                <url>file:///$server_root$/installer/wp.config/config/templates/SetupPortal_ca.properties</url>
            </localedata>
			<localedata locale="sl" prefix="content.home">
                <url>file:///$server_root$/installer/wp.config/config/templates/SetupPortal_sl.properties</url>
            </localedata>
			<localedata locale="sk" prefix="content.home">
                <url>file:///$server_root$/installer/wp.config/config/templates/SetupPortal_sk.properties</url>
            </localedata>
            <parameter name="com.ibm.portal.PageIcon" type="string" update="set">icons/page/home.gif</parameter>
            <access-control externalized="false" owner="undefined" private="false">
                <role actionset="Privileged User" update="set">
                    <mapping subjectid="all authenticated portal users" subjecttype="user_group" update="set"/>
                </role>
            </access-control>
        </content-node>

        <!-- create welcome page -->
        <content-node action="update" active="true" allportletsallowed="true" content-parentref="Content.Root.Home" create-type="explicit" domain="rel" ordinal="100" type="page" uniquename="ibm.portal.WebSphere Portal.Welcome">
            <supported-markup markup="html" update="set"/>
			<localedata locale="ar" prefix="content.welcome">
                <url>file:///$server_root$/installer/wp.config/config/templates/SetupPortal_ar.properties</url>
            </localedata>
            <localedata locale="cs" prefix="content.welcome">
                <url>file:///$server_root$/installer/wp.config/config/templates/SetupPortal_cs.properties</url>
            </localedata>
            <localedata locale="da" prefix="content.welcome">
                <url>file:///$server_root$/installer/wp.config/config/templates/SetupPortal_da.properties</url>
            </localedata>
            <localedata locale="de" prefix="content.welcome">
                <url>file:///$server_root$/installer/wp.config/config/templates/SetupPortal_de.properties</url>
            </localedata>
            <localedata locale="el" prefix="content.welcome">
                <url>file:///$server_root$/installer/wp.config/config/templates/SetupPortal_el.properties</url>
            </localedata>
            <localedata locale="en" prefix="content.welcome">
                <url>file:///$server_root$/installer/wp.config/config/templates/SetupPortal_en.properties</url>
            </localedata>
            <localedata locale="es" prefix="content.welcome">
                <url>file:///$server_root$/installer/wp.config/config/templates/SetupPortal_es.properties</url>
            </localedata>
            <localedata locale="fi" prefix="content.welcome">
                <url>file:///$server_root$/installer/wp.config/config/templates/SetupPortal_fi.properties</url>
            </localedata>
            <localedata locale="fr" prefix="content.welcome">
                <url>file:///$server_root$/installer/wp.config/config/templates/SetupPortal_fr.properties</url>
            </localedata>
            <localedata locale="hu" prefix="content.welcome">
                <url>file:///$server_root$/installer/wp.config/config/templates/SetupPortal_hu.properties</url>
            </localedata>
            <localedata locale="it" prefix="content.welcome">
                <url>file:///$server_root$/installer/wp.config/config/templates/SetupPortal_it.properties</url>
            </localedata>
            <localedata locale="iw" prefix="content.welcome">
                <url>file:///$server_root$/installer/wp.config/config/templates/SetupPortal_iw.properties</url>
            </localedata>
            <localedata locale="ja" prefix="content.welcome">
                <url>file:///$server_root$/installer/wp.config/config/templates/SetupPortal_ja.properties</url>
            </localedata>
            <localedata locale="ko" prefix="content.welcome">
                <url>file:///$server_root$/installer/wp.config/config/templates/SetupPortal_ko.properties</url>
            </localedata>
            <localedata locale="nl" prefix="content.welcome">
                <url>file:///$server_root$/installer/wp.config/config/templates/SetupPortal_nl.properties</url>
            </localedata>
            <localedata locale="no" prefix="content.welcome">
                <url>file:///$server_root$/installer/wp.config/config/templates/SetupPortal_no.properties</url>
            </localedata>
            <localedata locale="pl" prefix="content.welcome">
                <url>file:///$server_root$/installer/wp.config/config/templates/SetupPortal_pl.properties</url>
            </localedata>
            <localedata locale="pt" prefix="content.welcome">
                <url>file:///$server_root$/installer/wp.config/config/templates/SetupPortal_pt.properties</url>
            </localedata>
            <localedata locale="pt_BR" prefix="content.welcome">
                <url>file:///$server_root$/installer/wp.config/config/templates/SetupPortal_pt_BR.properties</url>
            </localedata>
            <localedata locale="ru" prefix="content.welcome">
                <url>file:///$server_root$/installer/wp.config/config/templates/SetupPortal_ru.properties</url>
            </localedata>
            <localedata locale="sv" prefix="content.welcome">
                <url>file:///$server_root$/installer/wp.config/config/templates/SetupPortal_sv.properties</url>
            </localedata>
            <localedata locale="tr" prefix="content.welcome">
                <url>file:///$server_root$/installer/wp.config/config/templates/SetupPortal_tr.properties</url>
            </localedata>
            <localedata locale="zh" prefix="content.welcome">
                <url>file:///$server_root$/installer/wp.config/config/templates/SetupPortal_zh.properties</url>
            </localedata>
            <localedata locale="zh_TW" prefix="content.welcome">
                <url>file:///$server_root$/installer/wp.config/config/templates/SetupPortal_zh_TW.properties</url>
            </localedata>
            <localedata locale="ro" prefix="content.welcome">
                <url>file:///$server_root$/installer/wp.config/config/templates/SetupPortal_ro.properties</url>
            </localedata>
            <localedata locale="th" prefix="content.welcome">
                <url>file:///$server_root$/installer/wp.config/config/templates/SetupPortal_th.properties</url>
            </localedata>
            <localedata locale="uk" prefix="content.welcome">
                <url>file:///$server_root$/installer/wp.config/config/templates/SetupPortal_uk.properties</url>
            </localedata>
			<localedata locale="ca" prefix="content.welcome">
                <url>file:///$server_root$/installer/wp.config/config/templates/SetupPortal_ca.properties</url>
            </localedata>
			<localedata locale="sl" prefix="content.welcome">
                <url>file:///$server_root$/installer/wp.config/config/templates/SetupPortal_sl.properties</url>
            </localedata>
			<localedata locale="sk" prefix="content.welcome">
                <url>file:///$server_root$/installer/wp.config/config/templates/SetupPortal_sk.properties</url>
            </localedata>

            <!-- add welcome message to page -->
            <component action="update" active="true" deletable="undefined" domain="rel" modifiable="undefined" ordinal="100" orientation="H" type="container" width="undefined">
                <component action="update" active="true" deletable="undefined" domain="rel" modifiable="undefined" ordinal="100" orientation="V" type="container" width="undefined">
                    <component action="update" active="true" deletable="undefined" domain="rel" modifiable="undefined" ordinal="100" skinref="NoSkinSkin" type="control" width="undefined">
                        <portletinstance action="update" domain="rel" portletref="WelcometoWebSpherePortal">
                            <parameter name="view_jsp" type="string" update="set"><![CDATA[jsp/oob/home_welcome_welcome.jsp]]></parameter>
                        </portletinstance>
                    </component>
                </component>
            </component>
        </content-node>

        <!-- login page -->
        <content-node action="update" ordinal="350" content-parentref="Content.Root" active="true" objectid="Content.Root.Login" uniquename="wps.Login" skinref="undefined" themeref="undefined" type="page">
            <supported-markup markup="html" update="set"/>
            <localedata locale="ar" prefix="content.Login">
                <url>file:///$server_root$/installer/wp.config/config/templates/SetupPortal_ar.properties</url>
            </localedata>
            <localedata locale="cs" prefix="content.Login">
                <url>file:///$server_root$/installer/wp.config/config/templates/SetupPortal_cs.properties</url>
            </localedata>
            <localedata locale="da" prefix="content.Login">
                <url>file:///$server_root$/installer/wp.config/config/templates/SetupPortal_da.properties</url>
            </localedata>
            <localedata locale="de" prefix="content.Login">
                <url>file:///$server_root$/installer/wp.config/config/templates/SetupPortal_de.properties</url>
            </localedata>
            <localedata locale="el" prefix="content.Login">
                <url>file:///$server_root$/installer/wp.config/config/templates/SetupPortal_el.properties</url>
            </localedata>
            <localedata locale="en" prefix="content.Login">
                <url>file:///$server_root$/installer/wp.config/config/templates/SetupPortal_en.properties</url>
            </localedata>
            <localedata locale="es" prefix="content.Login">
                <url>file:///$server_root$/installer/wp.config/config/templates/SetupPortal_es.properties</url>
            </localedata>
            <localedata locale="fi" prefix="content.Login">
                <url>file:///$server_root$/installer/wp.config/config/templates/SetupPortal_fi.properties</url>
            </localedata>
            <localedata locale="fr" prefix="content.Login">
                <url>file:///$server_root$/installer/wp.config/config/templates/SetupPortal_fr.properties</url>
            </localedata>
            <localedata locale="hr" prefix="content.Login">
                <url>file:///$server_root$/installer/wp.config/config/templates/SetupPortal_hr.properties</url>
            </localedata>
            <localedata locale="hu" prefix="content.Login">
                <url>file:///$server_root$/installer/wp.config/config/templates/SetupPortal_hu.properties</url>
            </localedata>
            <localedata locale="it" prefix="content.Login">
                <url>file:///$server_root$/installer/wp.config/config/templates/SetupPortal_it.properties</url>
            </localedata>
            <localedata locale="iw" prefix="content.Login">
                <url>file:///$server_root$/installer/wp.config/config/templates/SetupPortal_iw.properties</url>
            </localedata>
            <localedata locale="ja" prefix="content.Login">
                <url>file:///$server_root$/installer/wp.config/config/templates/SetupPortal_ja.properties</url>
            </localedata>
            <localedata locale="ko" prefix="content.Login">
                <url>file:///$server_root$/installer/wp.config/config/templates/SetupPortal_ko.properties</url>
            </localedata>
            <localedata locale="nl" prefix="content.Login">
                <url>file:///$server_root$/installer/wp.config/config/templates/SetupPortal_nl.properties</url>
            </localedata>
            <localedata locale="no" prefix="content.Login">
                <url>file:///$server_root$/installer/wp.config/config/templates/SetupPortal_no.properties</url>
            </localedata>
            <localedata locale="pl" prefix="content.Login">
                <url>file:///$server_root$/installer/wp.config/config/templates/SetupPortal_pl.properties</url>
            </localedata>
            <localedata locale="pt" prefix="content.Login">
                <url>file:///$server_root$/installer/wp.config/config/templates/SetupPortal_pt.properties</url>
            </localedata>
            <localedata locale="pt_BR" prefix="content.Login">
                <url>file:///$server_root$/installer/wp.config/config/templates/SetupPortal_pt_BR.properties</url>
            </localedata>
            <localedata locale="ru" prefix="content.Login">
                <url>file:///$server_root$/installer/wp.config/config/templates/SetupPortal_ru.properties</url>
            </localedata>
            <localedata locale="sv" prefix="content.Login">
                <url>file:///$server_root$/installer/wp.config/config/templates/SetupPortal_sv.properties</url>
            </localedata>
            <localedata locale="tr" prefix="content.Login">
                <url>file:///$server_root$/installer/wp.config/config/templates/SetupPortal_tr.properties</url>
            </localedata>
            <localedata locale="zh" prefix="content.Login">
                <url>file:///$server_root$/installer/wp.config/config/templates/SetupPortal_zh.properties</url>
            </localedata>
            <localedata locale="zh_TW" prefix="content.Login">
                <url>file:///$server_root$/installer/wp.config/config/templates/SetupPortal_zh_TW.properties</url>
            </localedata>
            <localedata locale="ro" prefix="content.Login">
                <url>file:///$server_root$/installer/wp.config/config/templates/SetupPortal_ro.properties</url>
            </localedata>
            <localedata locale="th" prefix="content.Login">
                <url>file:///$server_root$/installer/wp.config/config/templates/SetupPortal_th.properties</url>
            </localedata>
            <localedata locale="uk" prefix="content.Login">
                <url>file:///$server_root$/installer/wp.config/config/templates/SetupPortal_uk.properties</url>
            </localedata>
            <localedata locale="ca" prefix="content.Login">
                <url>file:///$server_root$/installer/wp.config/config/templates/SetupPortal_ca.properties</url>
            </localedata>
            <localedata locale="sl" prefix="content.Login">
                <url>file:///$server_root$/installer/wp.config/config/templates/SetupPortal_sl.properties</url>
            </localedata>
            <localedata locale="sk" prefix="content.Login">
                <url>file:///$server_root$/installer/wp.config/config/templates/SetupPortal_sk.properties</url>
            </localedata>
            <parameter name="com.ibm.portal.PageIcon" type="string" update="set">icons/page/login.gif</parameter>
            <parameter name="com.ibm.portal.ThemePolicy" type="string" update="set">theme/SingleTopNavMinimal</parameter>
            <parameter name="com.ibm.portal.Hidden" type="string" update="set">true</parameter>
            <parameter name="RenderMode" type="string" update="set">force_ssa</parameter>

            <access-control externalized="false" owner="undefined" private="false">
                <role actionset="User" update="set">
                    <mapping subjectid="anonymous portal user" subjecttype="user" update="set"/>
                </role>
            </access-control>
            <component action="update" active="true" deletable="undefined" modifiable="undefined" objectid="_7_0830MVP9KE0A1B94_CH" ordinal="undefined" orientation="H" skinref="undefined" type="container" width="undefined">
                <component action="update" active="true" deletable="undefined" modifiable="undefined" objectid="_7_0830MVP9KE0A1B94_CI" ordinal="99" orientation="V" skinref="undefined" type="container" width="700">
                    <component action="update" active="true" deletable="undefined" modifiable="undefined" objectid="_7_0830MVP9KE0A1B94_CV" ordinal="99" skinref="ThinSkin" type="control" width="undefined">
                        <portletinstance action="update" handle="" objectid="_5_0830MVP9KE0A1B94_9F" portletref="login.portlet"/>
                    </component>
                </component>
            </component>
        </content-node>

        <content-node action="locate" domain="rel" objectid="content.root" uniquename="wps.content.root"/>
        <content-node action="update" active="true" content-parentref="content.root" domain="comm" objectid="application.root" ordinal="1600" type="label" uniquename="wps.application.root">
            <supported-markup display-option="EXTERNAL_BROWSER_WINDOW" markup="html" update="set"/>
            <localedata locale="en">
                <title>Application Root</title>
            </localedata>
            <parameter name="com.ibm.portal.Hidden" type="string" update="set"><![CDATA[true]]></parameter>
            <parameter name="com.ibm.portal.ThemePolicy" type="string" update="set"><![CDATA[theme/SingleTopNavLevel2]]></parameter>
            <parameter name="com.ibm.portal.app.page" type="string" update="set"><![CDATA[true]]></parameter>
            <parameter name="com.ibm.portal.friendly.name" type="string" update="set"><![CDATA[com.ibm.portal.friendly.wildcard]]></parameter>
            <access-control externalized="false" owner="undefined" private="false">
                <role-block actionset="User" type="propagation"/>
                <role actionset="User" update="set">
                    <mapping subjectid="all authenticated portal users" subjecttype="user_group" update="set"/>
                </role>
            </access-control>
        </content-node>
        <content-node action="update" active="true" content-parentref="application.root" domain="comm" objectid="temporary.application.root" ordinal="2147483647" type="label" uniquename="wps.temporary.application.root">
            <supported-markup display-option="EXTERNAL_BROWSER_WINDOW" markup="html" update="set"/>
            <localedata locale="en">
                <title>Temporary Application Root</title>
            </localedata>
            <parameter name="com.ibm.portal.Hidden" type="string" update="set"><![CDATA[true]]></parameter>
            <parameter name="com.ibm.portal.ThemePolicy" type="string" update="set"><![CDATA[theme/SingleTopNavLevel2]]></parameter>
            <parameter name="com.ibm.portal.app.page" type="string" update="set"><![CDATA[true]]></parameter>
            <access-control externalized="false" owner="undefined" private="false">
                <role-block actionset="User" type="propagation"/>
                <role actionset="User" update="set">
                    <mapping subjectid="all authenticated portal users" subjecttype="user_group" update="set"/>
                </role>
            </access-control>
        </content-node>

        <!--Create root folders for AI-->
        <application-folder action="update" objectid="1N_I0000000089VA0UCMSRVHM2010" uniquename="ibm.portal.application.root.folder">
            <localedata charset="UTF-8" locale="ar" prefix="appFolder.root">
                <url>file:///$server_root$/base/wp.ai.base.impl/service/config/rootFolder_ar.properties</url>
            </localedata>
            <localedata charset="UTF-8" locale="cs" prefix="appFolder.root">
                <url>file:///$server_root$/base/wp.ai.base.impl/service/config/rootFolder_cs.properties</url>
            </localedata>
            <localedata charset="UTF-8" locale="da" prefix="appFolder.root">
                <url>file:///$server_root$/base/wp.ai.base.impl/service/config/rootFolder_da.properties</url>
            </localedata>
            <localedata charset="UTF-8" locale="de" prefix="appFolder.root">
                <url>file:///$server_root$/base/wp.ai.base.impl/service/config/rootFolder_de.properties</url>
            </localedata>
            <localedata charset="UTF-8" locale="el" prefix="appFolder.root">
                <url>file:///$server_root$/base/wp.ai.base.impl/service/config/rootFolder_el.properties</url>
            </localedata>
            <localedata charset="UTF-8" locale="en" prefix="appFolder.root">
                <url>file:///$server_root$/base/wp.ai.base.impl/service/config/rootFolder_en.properties</url>
            </localedata>
            <localedata charset="UTF-8" locale="es" prefix="appFolder.root">
                <url>file:///$server_root$/base/wp.ai.base.impl/service/config/rootFolder_es.properties</url>
            </localedata>
            <localedata charset="UTF-8" locale="fi" prefix="appFolder.root">
                <url>file:///$server_root$/base/wp.ai.base.impl/service/config/rootFolder_fi.properties</url>
            </localedata>
            <localedata charset="UTF-8" locale="fr" prefix="appFolder.root">
                <url>file:///$server_root$/base/wp.ai.base.impl/service/config/rootFolder_fr.properties</url>
            </localedata>
            <localedata charset="UTF-8" locale="hu" prefix="appFolder.root">
                <url>file:///$server_root$/base/wp.ai.base.impl/service/config/rootFolder_hu.properties</url>
            </localedata>
            <localedata charset="UTF-8" locale="it" prefix="appFolder.root">
                <url>file:///$server_root$/base/wp.ai.base.impl/service/config/rootFolder_it.properties</url>
            </localedata>
            <localedata charset="UTF-8" locale="iw" prefix="appFolder.root">
                <url>file:///$server_root$/base/wp.ai.base.impl/service/config/rootFolder_iw.properties</url>
            </localedata>
            <localedata charset="UTF-8" locale="ja" prefix="appFolder.root">
                <url>file:///$server_root$/base/wp.ai.base.impl/service/config/rootFolder_ja.properties</url>
            </localedata>
            <localedata charset="UTF-8" locale="ko" prefix="appFolder.root">
                <url>file:///$server_root$/base/wp.ai.base.impl/service/config/rootFolder_ko.properties</url>
            </localedata>
            <localedata charset="UTF-8" locale="nl" prefix="appFolder.root">
                <url>file:///$server_root$/base/wp.ai.base.impl/service/config/rootFolder_nl.properties</url>
            </localedata>
            <localedata charset="UTF-8" locale="no" prefix="appFolder.root">
                <url>file:///$server_root$/base/wp.ai.base.impl/service/config/rootFolder_no.properties</url>
            </localedata>
            <localedata charset="UTF-8" locale="pl" prefix="appFolder.root">
                <url>file:///$server_root$/base/wp.ai.base.impl/service/config/rootFolder_pl.properties</url>
            </localedata>
            <localedata charset="UTF-8" locale="pt" prefix="appFolder.root">
                <url>file:///$server_root$/base/wp.ai.base.impl/service/config/rootFolder_pt.properties</url>
            </localedata>
            <localedata charset="UTF-8" locale="pt_BR" prefix="appFolder.root">
                <url>file:///$server_root$/base/wp.ai.base.impl/service/config/rootFolder_pt_BR.properties</url>
            </localedata>
            <localedata charset="UTF-8" locale="ru" prefix="appFolder.root">
                <url>file:///$server_root$/base/wp.ai.base.impl/service/config/rootFolder_ru.properties</url>
            </localedata>
            <localedata charset="UTF-8" locale="sv" prefix="appFolder.root">
                <url>file:///$server_root$/base/wp.ai.base.impl/service/config/rootFolder_sv.properties</url>
            </localedata>
            <localedata charset="UTF-8" locale="tr" prefix="appFolder.root">
                <url>file:///$server_root$/base/wp.ai.base.impl/service/config/rootFolder_tr.properties</url>
            </localedata>
            <localedata charset="UTF-8" locale="zh" prefix="appFolder.root">
                <url>file:///$server_root$/base/wp.ai.base.impl/service/config/rootFolder_zh.properties</url>
            </localedata>
            <localedata charset="UTF-8" locale="zh_TW" prefix="appFolder.root">
                <url>file:///$server_root$/base/wp.ai.base.impl/service/config/rootFolder_zh_TW.properties</url>
            </localedata>
            <localedata charset="UTF-8" locale="ro" prefix="appFolder.root">
                <url>file:///$server_root$/base/wp.ai.base.impl/service/config/rootFolder_ro.properties</url>
            </localedata>
            <localedata charset="UTF-8" locale="th" prefix="appFolder.root">
                <url>file:///$server_root$/base/wp.ai.base.impl/service/config/rootFolder_th.properties</url>
            </localedata>
            <localedata charset="UTF-8" locale="uk" prefix="appFolder.root">
                <url>file:///$server_root$/base/wp.ai.base.impl/service/config/rootFolder_uk.properties</url>
            </localedata>
            <localedata charset="UTF-8" locale="ca" prefix="appFolder.root">
                <url>file:///$server_root$/base/wp.ai.base.impl/service/config/rootFolder_ca.properties</url>
            </localedata>
            <localedata charset="UTF-8" locale="sk" prefix="appFolder.root">
                <url>file:///$server_root$/base/wp.ai.base.impl/service/config/rootFolder_sk.properties</url>
            </localedata>
            <localedata charset="UTF-8" locale="sl" prefix="appFolder.root">
                <url>file:///$server_root$/base/wp.ai.base.impl/service/config/rootFolder_sl.properties</url>
            </localedata>
        </application-folder>
        <template-folder action="update" objectid="1H_I00000000G4P40UCMSJBH53010" uniquename="ibm.portal.template.root.folder">
            <localedata charset="UTF-8" locale="ar" prefix="tempFolder.root">
                <url>file:///$server_root$/base/wp.ai.base.impl/service/config/rootFolder_ar.properties</url>
            </localedata>
            <localedata charset="UTF-8" locale="cs" prefix="tempFolder.root">
                <url>file:///$server_root$/base/wp.ai.base.impl/service/config/rootFolder_cs.properties</url>
            </localedata>
            <localedata charset="UTF-8" locale="da" prefix="tempFolder.root">
                <url>file:///$server_root$/base/wp.ai.base.impl/service/config/rootFolder_da.properties</url>
            </localedata>
            <localedata charset="UTF-8" locale="de" prefix="tempFolder.root">
                <url>file:///$server_root$/base/wp.ai.base.impl/service/config/rootFolder_de.properties</url>
            </localedata>
            <localedata charset="UTF-8" locale="el" prefix="tempFolder.root">
                <url>file:///$server_root$/base/wp.ai.base.impl/service/config/rootFolder_el.properties</url>
            </localedata>
            <localedata charset="UTF-8" locale="en" prefix="tempFolder.root">
                <url>file:///$server_root$/base/wp.ai.base.impl/service/config/rootFolder_en.properties</url>
            </localedata>
            <localedata charset="UTF-8" locale="es" prefix="tempFolder.root">
                <url>file:///$server_root$/base/wp.ai.base.impl/service/config/rootFolder_es.properties</url>
            </localedata>
            <localedata charset="UTF-8" locale="fi" prefix="tempFolder.root">
                <url>file:///$server_root$/base/wp.ai.base.impl/service/config/rootFolder_fi.properties</url>
            </localedata>
            <localedata charset="UTF-8" locale="fr" prefix="tempFolder.root">
                <url>file:///$server_root$/base/wp.ai.base.impl/service/config/rootFolder_fr.properties</url>
            </localedata>
            <localedata charset="UTF-8" locale="hu" prefix="tempFolder.root">
                <url>file:///$server_root$/base/wp.ai.base.impl/service/config/rootFolder_hu.properties</url>
            </localedata>
            <localedata charset="UTF-8" locale="it" prefix="tempFolder.root">
                <url>file:///$server_root$/base/wp.ai.base.impl/service/config/rootFolder_it.properties</url>
            </localedata>
            <localedata charset="UTF-8" locale="iw" prefix="tempFolder.root">
                <url>file:///$server_root$/base/wp.ai.base.impl/service/config/rootFolder_iw.properties</url>
            </localedata>
            <localedata charset="UTF-8" locale="ja" prefix="tempFolder.root">
                <url>file:///$server_root$/base/wp.ai.base.impl/service/config/rootFolder_ja.properties</url>
            </localedata>
            <localedata charset="UTF-8" locale="ko" prefix="tempFolder.root">
                <url>file:///$server_root$/base/wp.ai.base.impl/service/config/rootFolder_ko.properties</url>
            </localedata>
            <localedata charset="UTF-8" locale="nl" prefix="tempFolder.root">
                <url>file:///$server_root$/base/wp.ai.base.impl/service/config/rootFolder_nl.properties</url>
            </localedata>
            <localedata charset="UTF-8" locale="no" prefix="tempFolder.root">
                <url>file:///$server_root$/base/wp.ai.base.impl/service/config/rootFolder_no.properties</url>
            </localedata>
            <localedata charset="UTF-8" locale="pl" prefix="tempFolder.root">
                <url>file:///$server_root$/base/wp.ai.base.impl/service/config/rootFolder_pl.properties</url>
            </localedata>
            <localedata charset="UTF-8" locale="pt" prefix="tempFolder.root">
                <url>file:///$server_root$/base/wp.ai.base.impl/service/config/rootFolder_pt.properties</url>
            </localedata>
            <localedata charset="UTF-8" locale="pt_BR" prefix="tempFolder.root">
                <url>file:///$server_root$/base/wp.ai.base.impl/service/config/rootFolder_pt_BR.properties</url>
            </localedata>
            <localedata charset="UTF-8" locale="ru" prefix="tempFolder.root">
                <url>file:///$server_root$/base/wp.ai.base.impl/service/config/rootFolder_ru.properties</url>
            </localedata>
            <localedata charset="UTF-8" locale="sv" prefix="tempFolder.root">
                <url>file:///$server_root$/base/wp.ai.base.impl/service/config/rootFolder_sv.properties</url>
            </localedata>
            <localedata charset="UTF-8" locale="tr" prefix="tempFolder.root">
                <url>file:///$server_root$/base/wp.ai.base.impl/service/config/rootFolder_tr.properties</url>
            </localedata>
            <localedata charset="UTF-8" locale="zh" prefix="tempFolder.root">
                <url>file:///$server_root$/base/wp.ai.base.impl/service/config/rootFolder_zh.properties</url>
            </localedata>
            <localedata charset="UTF-8" locale="zh_TW" prefix="tempFolder.root">
                <url>file:///$server_root$/base/wp.ai.base.impl/service/config/rootFolder_zh_TW.properties</url>
            </localedata>
            <localedata charset="UTF-8" locale="ro" prefix="tempFolder.root">
                <url>file:///$server_root$/base/wp.ai.base.impl/service/config/rootFolder_ro.properties</url>
            </localedata>
            <localedata charset="UTF-8" locale="th" prefix="tempFolder.root">
                <url>file:///$server_root$/base/wp.ai.base.impl/service/config/rootFolder_th.properties</url>
            </localedata>
            <localedata charset="UTF-8" locale="uk" prefix="tempFolder.root">
                <url>file:///$server_root$/base/wp.ai.base.impl/service/config/rootFolder_uk.properties</url>
            </localedata>
            <localedata charset="UTF-8" locale="ca" prefix="tempFolder.root">
                <url>file:///$server_root$/base/wp.ai.base.impl/service/config/rootFolder_ca.properties</url>
            </localedata>
            <localedata charset="UTF-8" locale="sk" prefix="tempFolder.root">
                <url>file:///$server_root$/base/wp.ai.base.impl/service/config/rootFolder_sk.properties</url>
            </localedata>
            <localedata charset="UTF-8" locale="sl" prefix="tempFolder.root">
                <url>file:///$server_root$/base/wp.ai.base.impl/service/config/rootFolder_sl.properties</url>
            </localedata>
        </template-folder>
    </portal>
</request>
