{
    "name": "IISApp",
    "description": "",
    "enforceCompleteSnapshots": false,
    "propSheet": {"properties": []},
    "templatePropSheet": {
        "name": "template",
        "properties": []
    },
    "components": [
        {
            "name": "IIS App Pool Config",
            "created": 1472142358111,
            "componentType": "STANDARD",
            "ignoreQualifiers": 0,
            "importAutomatically": false,
            "useVfs": true,
            "active": true,
            "deleted": false,
            "defaultVersionType": "FULL",
            "cleanupDaysToKeep": 0,
            "cleanupCountToKeep": 0,
            "componentTemplate": {
                "securityResourceId": "f3ba61de-a74c-4026-9bb8-76b82c6805ab",
                "path": "componentTemplates\/5713f367-2a31-4bc2-8604-4654fbbb58c5",
                "name": "IIS Config",
                "description": "",
                "ignoreQualifiers": 0,
                "componentType": "STANDARD",
                "tags": [],
                "active": true,
                "envPropDefs": [],
                "resPropDefs": [],
                "propDefs": [],
                "properties": [],
                "processes": [{
                    "name": "Apply",
                    "description": "",
                    "defaultWorkingDir": "${p:resource\/work.dir}\/${p:component.name}",
                    "takesVersion": true,
                    "inventoryActionType": "ADD",
                    "status": "Active",
                    "configActionType": "ADD",
                    "active": true,
                    "path": "componentTemplates\/5713f367-2a31-4bc2-8604-4654fbbb58c5\/processes\/568ba014-a0b6-4801-be09-ed3ed1b8bec4",
                    "propDefs": [],
                    "rootActivity": {
                        "edges": [
                            {
                                "to": "IIS Configuration Apply",
                                "from": "IIS Configuration Replace Tokens",
                                "type": "SUCCESS",
                                "value": ""
                            },
                            {
                                "to": "12d3243ca0b35a17423f4af659f53c",
                                "from": "IIS Configuration Apply",
                                "type": "SUCCESS",
                                "value": ""
                            },
                            {
                                "to": "Delete Files and Directories",
                                "type": "ALWAYS",
                                "value": ""
                            },
                            {
                                "to": "Download Artifacts",
                                "from": "Delete Files and Directories",
                                "type": "SUCCESS",
                                "value": ""
                            },
                            {
                                "to": "IIS Configuration Replace Tokens",
                                "from": "Download Artifacts",
                                "type": "SUCCESS",
                                "value": ""
                            }
                        ],
                        "offsets": [
                            {
                                "name": "IIS Configuration Replace Tokens",
                                "x": -195,
                                "y": 280,
                                "h": 50,
                                "w": 470
                            },
                            {
                                "name": "12d3243ca0b35a17423f4af659f53c",
                                "x": -5,
                                "y": 460,
                                "h": 50,
                                "w": 90
                            },
                            {
                                "name": "IIS Configuration Apply",
                                "x": -140,
                                "y": 370,
                                "h": 50,
                                "w": 360
                            },
                            {
                                "name": "Download Artifacts",
                                "x": -120,
                                "y": 190,
                                "h": 50,
                                "w": 320
                            },
                            {
                                "name": "Delete Files and Directories",
                                "x": -170,
                                "y": 110,
                                "h": 50,
                                "w": 420
                            }
                        ],
                        "type": "graph",
                        "name": "8973df96-eded-4589-b015-2289f6830e7f",
                        "children": [
                            {
                                "type": "finish",
                                "name": "12d3243ca0b35a17423f4af659f53c",
                                "children": []
                            },
                            {
                                "allowFailure": false,
                                "useImpersonation": false,
                                "showHidden": false,
                                "impersonationUseSudo": false,
                                "commandName": "Delete Files and Directories",
                                "pluginName": "File Utils",
                                "pluginVersion": 49,
                                "properties": {
                                    "baseDir": ".",
                                    "includes": "**\/*",
                                    "excludes": "",
                                    "followSymlinks": "false",
                                    "caseSensitive": "true"
                                },
                                "type": "plugin",
                                "name": "Delete Files and Directories",
                                "children": []
                            },
                            {
                                "allowFailure": false,
                                "useImpersonation": false,
                                "showHidden": false,
                                "impersonationUseSudo": false,
                                "commandName": "Download Artifacts",
                                "pluginName": "IBM UrbanCode Deploy Versioned File Storage",
                                "pluginVersion": 26,
                                "properties": {
                                    "directoryOffset": ".",
                                    "artifactSetBaseDir": "",
                                    "fileIncludePatterns": "**\/*",
                                    "fileExcludePatterns": "",
                                    "syncMode": "true",
                                    "fullVerification": "true",
                                    "setFileExecuteBits": "false",
                                    "verifyFileIntegrity": "false",
                                    "versionId": "${p:version.id}",
                                    "serverUrl": "${p:server.url}",
                                    "compId": "${p:component.id}",
                                    "resId": "${p:resource.id}",
                                    "charset": "",
                                    "label": ""
                                },
                                "type": "plugin",
                                "name": "Download Artifacts",
                                "children": []
                            },
                            {
                                "allowFailure": false,
                                "useImpersonation": false,
                                "showHidden": false,
                                "impersonationUseSudo": false,
                                "commandName": "IIS Configuration Apply",
                                "pluginName": "IIS-Configuration",
                                "pluginVersion": 1,
                                "properties": {
                                    "webDeployPath": "${p?:resource\/iis.webDeployPath}",
                                    "msDeployArgs": "",
                                    "resourcePath": "${p?:resource.path}"
                                },
                                "type": "plugin",
                                "name": "IIS Configuration Apply",
                                "children": []
                            },
                            {
                                "allowFailure": false,
                                "useImpersonation": false,
                                "showHidden": false,
                                "impersonationUseSudo": false,
                                "commandName": "IIS Configuration Replace Tokens",
                                "pluginName": "IIS-Configuration",
                                "pluginVersion": 1,
                                "properties": {
                                    "tokenDelimiter": "@",
                                    "propertyPrefix": "",
                                    "customEncoding": "",
                                    "envPropValues": "${p:environment\/allProperties}, ${p:component\/allProperties}, ${p:resource\/allProperties}"
                                },
                                "type": "plugin",
                                "name": "IIS Configuration Replace Tokens",
                                "children": []
                            }
                        ]
                    }
                }],
                "genericProcesses": [],
                "teamMappings": []
            },
            "envPropDefs": [],
            "resPropDefs": [],
            "versionPropDefs": [],
            "propSheetGroup": {"propSheets": [
                {
                    "name": "custom",
                    "properties": []
                },
                {
                    "name": "template",
                    "properties": []
                }
            ]},
            "processes": [],
            "configTemplates": [],
            "genericProcesses": [],
            "teamMappings": [],
            "tags": []
        },
        {
            "name": "IIS Application Config",
            "created": 1472142358285,
            "componentType": "STANDARD",
            "ignoreQualifiers": 0,
            "importAutomatically": false,
            "useVfs": true,
            "active": true,
            "deleted": false,
            "defaultVersionType": "FULL",
            "cleanupDaysToKeep": 0,
            "cleanupCountToKeep": 0,
            "componentTemplate": {
                "securityResourceId": "f3ba61de-a74c-4026-9bb8-76b82c6805ab",
                "path": "componentTemplates\/5713f367-2a31-4bc2-8604-4654fbbb58c5",
                "name": "IIS Config",
                "description": "",
                "ignoreQualifiers": 0,
                "componentType": "STANDARD",
                "tags": [],
                "active": true,
                "envPropDefs": [],
                "resPropDefs": [],
                "propDefs": [],
                "properties": [],
                "processes": [{
                    "name": "Apply",
                    "description": "",
                    "defaultWorkingDir": "${p:resource\/work.dir}\/${p:component.name}",
                    "takesVersion": true,
                    "inventoryActionType": "ADD",
                    "status": "Active",
                    "configActionType": "ADD",
                    "active": true,
                    "path": "componentTemplates\/5713f367-2a31-4bc2-8604-4654fbbb58c5\/processes\/568ba014-a0b6-4801-be09-ed3ed1b8bec4",
                    "propDefs": [],
                    "rootActivity": {
                        "edges": [
                            {
                                "to": "IIS Configuration Apply",
                                "from": "IIS Configuration Replace Tokens",
                                "type": "SUCCESS",
                                "value": ""
                            },
                            {
                                "to": "12d3243ca0b35a17423f4af659f53c",
                                "from": "IIS Configuration Apply",
                                "type": "SUCCESS",
                                "value": ""
                            },
                            {
                                "to": "Delete Files and Directories",
                                "type": "ALWAYS",
                                "value": ""
                            },
                            {
                                "to": "Download Artifacts",
                                "from": "Delete Files and Directories",
                                "type": "SUCCESS",
                                "value": ""
                            },
                            {
                                "to": "IIS Configuration Replace Tokens",
                                "from": "Download Artifacts",
                                "type": "SUCCESS",
                                "value": ""
                            }
                        ],
                        "offsets": [
                            {
                                "name": "IIS Configuration Replace Tokens",
                                "x": -195,
                                "y": 280,
                                "h": 50,
                                "w": 470
                            },
                            {
                                "name": "12d3243ca0b35a17423f4af659f53c",
                                "x": -5,
                                "y": 460,
                                "h": 50,
                                "w": 90
                            },
                            {
                                "name": "IIS Configuration Apply",
                                "x": -140,
                                "y": 370,
                                "h": 50,
                                "w": 360
                            },
                            {
                                "name": "Download Artifacts",
                                "x": -120,
                                "y": 190,
                                "h": 50,
                                "w": 320
                            },
                            {
                                "name": "Delete Files and Directories",
                                "x": -170,
                                "y": 110,
                                "h": 50,
                                "w": 420
                            }
                        ],
                        "type": "graph",
                        "name": "8973df96-eded-4589-b015-2289f6830e7f",
                        "children": [
                            {
                                "type": "finish",
                                "name": "12d3243ca0b35a17423f4af659f53c",
                                "children": []
                            },
                            {
                                "allowFailure": false,
                                "useImpersonation": false,
                                "showHidden": false,
                                "impersonationUseSudo": false,
                                "commandName": "Delete Files and Directories",
                                "pluginName": "File Utils",
                                "pluginVersion": 49,
                                "properties": {
                                    "baseDir": ".",
                                    "includes": "**\/*",
                                    "excludes": "",
                                    "followSymlinks": "false",
                                    "caseSensitive": "true"
                                },
                                "type": "plugin",
                                "name": "Delete Files and Directories",
                                "children": []
                            },
                            {
                                "allowFailure": false,
                                "useImpersonation": false,
                                "showHidden": false,
                                "impersonationUseSudo": false,
                                "commandName": "Download Artifacts",
                                "pluginName": "IBM UrbanCode Deploy Versioned File Storage",
                                "pluginVersion": 26,
                                "properties": {
                                    "directoryOffset": ".",
                                    "artifactSetBaseDir": "",
                                    "fileIncludePatterns": "**\/*",
                                    "fileExcludePatterns": "",
                                    "syncMode": "true",
                                    "fullVerification": "true",
                                    "setFileExecuteBits": "false",
                                    "verifyFileIntegrity": "false",
                                    "versionId": "${p:version.id}",
                                    "serverUrl": "${p:server.url}",
                                    "compId": "${p:component.id}",
                                    "resId": "${p:resource.id}",
                                    "charset": "",
                                    "label": ""
                                },
                                "type": "plugin",
                                "name": "Download Artifacts",
                                "children": []
                            },
                            {
                                "allowFailure": false,
                                "useImpersonation": false,
                                "showHidden": false,
                                "impersonationUseSudo": false,
                                "commandName": "IIS Configuration Apply",
                                "pluginName": "IIS-Configuration",
                                "pluginVersion": 1,
                                "properties": {
                                    "webDeployPath": "${p?:resource\/iis.webDeployPath}",
                                    "msDeployArgs": "",
                                    "resourcePath": "${p?:resource.path}"
                                },
                                "type": "plugin",
                                "name": "IIS Configuration Apply",
                                "children": []
                            },
                            {
                                "allowFailure": false,
                                "useImpersonation": false,
                                "showHidden": false,
                                "impersonationUseSudo": false,
                                "commandName": "IIS Configuration Replace Tokens",
                                "pluginName": "IIS-Configuration",
                                "pluginVersion": 1,
                                "properties": {
                                    "tokenDelimiter": "@",
                                    "propertyPrefix": "",
                                    "customEncoding": "",
                                    "envPropValues": "${p:environment\/allProperties}, ${p:component\/allProperties}, ${p:resource\/allProperties}"
                                },
                                "type": "plugin",
                                "name": "IIS Configuration Replace Tokens",
                                "children": []
                            }
                        ]
                    }
                }],
                "genericProcesses": [],
                "teamMappings": []
            },
            "envPropDefs": [],
            "resPropDefs": [],
            "versionPropDefs": [],
            "propSheetGroup": {"propSheets": [
                {
                    "name": "custom",
                    "properties": []
                },
                {
                    "name": "template",
                    "properties": []
                }
            ]},
            "processes": [],
            "configTemplates": [],
            "genericProcesses": [],
            "teamMappings": [],
            "tags": []
        },
        {
            "name": "IIS Full Config",
            "created": 1472142358371,
            "componentType": "STANDARD",
            "ignoreQualifiers": 0,
            "importAutomatically": false,
            "useVfs": true,
            "active": true,
            "deleted": false,
            "defaultVersionType": "FULL",
            "cleanupDaysToKeep": 0,
            "cleanupCountToKeep": 0,
            "componentTemplate": {
                "securityResourceId": "f3ba61de-a74c-4026-9bb8-76b82c6805ab",
                "path": "componentTemplates\/5713f367-2a31-4bc2-8604-4654fbbb58c5",
                "name": "IIS Config",
                "description": "",
                "ignoreQualifiers": 0,
                "componentType": "STANDARD",
                "tags": [],
                "active": true,
                "envPropDefs": [],
                "resPropDefs": [],
                "propDefs": [],
                "properties": [],
                "processes": [{
                    "name": "Apply",
                    "description": "",
                    "defaultWorkingDir": "${p:resource\/work.dir}\/${p:component.name}",
                    "takesVersion": true,
                    "inventoryActionType": "ADD",
                    "status": "Active",
                    "configActionType": "ADD",
                    "active": true,
                    "path": "componentTemplates\/5713f367-2a31-4bc2-8604-4654fbbb58c5\/processes\/568ba014-a0b6-4801-be09-ed3ed1b8bec4",
                    "propDefs": [],
                    "rootActivity": {
                        "edges": [
                            {
                                "to": "IIS Configuration Apply",
                                "from": "IIS Configuration Replace Tokens",
                                "type": "SUCCESS",
                                "value": ""
                            },
                            {
                                "to": "12d3243ca0b35a17423f4af659f53c",
                                "from": "IIS Configuration Apply",
                                "type": "SUCCESS",
                                "value": ""
                            },
                            {
                                "to": "Delete Files and Directories",
                                "type": "ALWAYS",
                                "value": ""
                            },
                            {
                                "to": "Download Artifacts",
                                "from": "Delete Files and Directories",
                                "type": "SUCCESS",
                                "value": ""
                            },
                            {
                                "to": "IIS Configuration Replace Tokens",
                                "from": "Download Artifacts",
                                "type": "SUCCESS",
                                "value": ""
                            }
                        ],
                        "offsets": [
                            {
                                "name": "IIS Configuration Replace Tokens",
                                "x": -195,
                                "y": 280,
                                "h": 50,
                                "w": 470
                            },
                            {
                                "name": "12d3243ca0b35a17423f4af659f53c",
                                "x": -5,
                                "y": 460,
                                "h": 50,
                                "w": 90
                            },
                            {
                                "name": "IIS Configuration Apply",
                                "x": -140,
                                "y": 370,
                                "h": 50,
                                "w": 360
                            },
                            {
                                "name": "Download Artifacts",
                                "x": -120,
                                "y": 190,
                                "h": 50,
                                "w": 320
                            },
                            {
                                "name": "Delete Files and Directories",
                                "x": -170,
                                "y": 110,
                                "h": 50,
                                "w": 420
                            }
                        ],
                        "type": "graph",
                        "name": "8973df96-eded-4589-b015-2289f6830e7f",
                        "children": [
                            {
                                "type": "finish",
                                "name": "12d3243ca0b35a17423f4af659f53c",
                                "children": []
                            },
                            {
                                "allowFailure": false,
                                "useImpersonation": false,
                                "showHidden": false,
                                "impersonationUseSudo": false,
                                "commandName": "Delete Files and Directories",
                                "pluginName": "File Utils",
                                "pluginVersion": 49,
                                "properties": {
                                    "baseDir": ".",
                                    "includes": "**\/*",
                                    "excludes": "",
                                    "followSymlinks": "false",
                                    "caseSensitive": "true"
                                },
                                "type": "plugin",
                                "name": "Delete Files and Directories",
                                "children": []
                            },
                            {
                                "allowFailure": false,
                                "useImpersonation": false,
                                "showHidden": false,
                                "impersonationUseSudo": false,
                                "commandName": "Download Artifacts",
                                "pluginName": "IBM UrbanCode Deploy Versioned File Storage",
                                "pluginVersion": 26,
                                "properties": {
                                    "directoryOffset": ".",
                                    "artifactSetBaseDir": "",
                                    "fileIncludePatterns": "**\/*",
                                    "fileExcludePatterns": "",
                                    "syncMode": "true",
                                    "fullVerification": "true",
                                    "setFileExecuteBits": "false",
                                    "verifyFileIntegrity": "false",
                                    "versionId": "${p:version.id}",
                                    "serverUrl": "${p:server.url}",
                                    "compId": "${p:component.id}",
                                    "resId": "${p:resource.id}",
                                    "charset": "",
                                    "label": ""
                                },
                                "type": "plugin",
                                "name": "Download Artifacts",
                                "children": []
                            },
                            {
                                "allowFailure": false,
                                "useImpersonation": false,
                                "showHidden": false,
                                "impersonationUseSudo": false,
                                "commandName": "IIS Configuration Apply",
                                "pluginName": "IIS-Configuration",
                                "pluginVersion": 1,
                                "properties": {
                                    "webDeployPath": "${p?:resource\/iis.webDeployPath}",
                                    "msDeployArgs": "",
                                    "resourcePath": "${p?:resource.path}"
                                },
                                "type": "plugin",
                                "name": "IIS Configuration Apply",
                                "children": []
                            },
                            {
                                "allowFailure": false,
                                "useImpersonation": false,
                                "showHidden": false,
                                "impersonationUseSudo": false,
                                "commandName": "IIS Configuration Replace Tokens",
                                "pluginName": "IIS-Configuration",
                                "pluginVersion": 1,
                                "properties": {
                                    "tokenDelimiter": "@",
                                    "propertyPrefix": "",
                                    "customEncoding": "",
                                    "envPropValues": "${p:environment\/allProperties}, ${p:component\/allProperties}, ${p:resource\/allProperties}"
                                },
                                "type": "plugin",
                                "name": "IIS Configuration Replace Tokens",
                                "children": []
                            }
                        ]
                    }
                }],
                "genericProcesses": [],
                "teamMappings": []
            },
            "envPropDefs": [],
            "resPropDefs": [],
            "versionPropDefs": [],
            "propSheetGroup": {"propSheets": [
                {
                    "name": "custom",
                    "properties": []
                },
                {
                    "name": "template",
                    "properties": []
                }
            ]},
            "processes": [],
            "configTemplates": [],
            "genericProcesses": [],
            "teamMappings": [],
            "tags": []
        },
        {
            "name": "IIS Site Config",
            "created": 1472142358448,
            "componentType": "STANDARD",
            "ignoreQualifiers": 0,
            "importAutomatically": false,
            "useVfs": true,
            "active": true,
            "deleted": false,
            "defaultVersionType": "FULL",
            "cleanupDaysToKeep": 0,
            "cleanupCountToKeep": 0,
            "componentTemplate": {
                "securityResourceId": "f3ba61de-a74c-4026-9bb8-76b82c6805ab",
                "path": "componentTemplates\/5713f367-2a31-4bc2-8604-4654fbbb58c5",
                "name": "IIS Config",
                "description": "",
                "ignoreQualifiers": 0,
                "componentType": "STANDARD",
                "tags": [],
                "active": true,
                "envPropDefs": [],
                "resPropDefs": [],
                "propDefs": [],
                "properties": [],
                "processes": [{
                    "name": "Apply",
                    "description": "",
                    "defaultWorkingDir": "${p:resource\/work.dir}\/${p:component.name}",
                    "takesVersion": true,
                    "inventoryActionType": "ADD",
                    "status": "Active",
                    "configActionType": "ADD",
                    "active": true,
                    "path": "componentTemplates\/5713f367-2a31-4bc2-8604-4654fbbb58c5\/processes\/568ba014-a0b6-4801-be09-ed3ed1b8bec4",
                    "propDefs": [],
                    "rootActivity": {
                        "edges": [
                            {
                                "to": "IIS Configuration Apply",
                                "from": "IIS Configuration Replace Tokens",
                                "type": "SUCCESS",
                                "value": ""
                            },
                            {
                                "to": "12d3243ca0b35a17423f4af659f53c",
                                "from": "IIS Configuration Apply",
                                "type": "SUCCESS",
                                "value": ""
                            },
                            {
                                "to": "Delete Files and Directories",
                                "type": "ALWAYS",
                                "value": ""
                            },
                            {
                                "to": "Download Artifacts",
                                "from": "Delete Files and Directories",
                                "type": "SUCCESS",
                                "value": ""
                            },
                            {
                                "to": "IIS Configuration Replace Tokens",
                                "from": "Download Artifacts",
                                "type": "SUCCESS",
                                "value": ""
                            }
                        ],
                        "offsets": [
                            {
                                "name": "IIS Configuration Replace Tokens",
                                "x": -195,
                                "y": 280,
                                "h": 50,
                                "w": 470
                            },
                            {
                                "name": "12d3243ca0b35a17423f4af659f53c",
                                "x": -5,
                                "y": 460,
                                "h": 50,
                                "w": 90
                            },
                            {
                                "name": "IIS Configuration Apply",
                                "x": -140,
                                "y": 370,
                                "h": 50,
                                "w": 360
                            },
                            {
                                "name": "Download Artifacts",
                                "x": -120,
                                "y": 190,
                                "h": 50,
                                "w": 320
                            },
                            {
                                "name": "Delete Files and Directories",
                                "x": -170,
                                "y": 110,
                                "h": 50,
                                "w": 420
                            }
                        ],
                        "type": "graph",
                        "name": "8973df96-eded-4589-b015-2289f6830e7f",
                        "children": [
                            {
                                "type": "finish",
                                "name": "12d3243ca0b35a17423f4af659f53c",
                                "children": []
                            },
                            {
                                "allowFailure": false,
                                "useImpersonation": false,
                                "showHidden": false,
                                "impersonationUseSudo": false,
                                "commandName": "Delete Files and Directories",
                                "pluginName": "File Utils",
                                "pluginVersion": 49,
                                "properties": {
                                    "baseDir": ".",
                                    "includes": "**\/*",
                                    "excludes": "",
                                    "followSymlinks": "false",
                                    "caseSensitive": "true"
                                },
                                "type": "plugin",
                                "name": "Delete Files and Directories",
                                "children": []
                            },
                            {
                                "allowFailure": false,
                                "useImpersonation": false,
                                "showHidden": false,
                                "impersonationUseSudo": false,
                                "commandName": "Download Artifacts",
                                "pluginName": "IBM UrbanCode Deploy Versioned File Storage",
                                "pluginVersion": 26,
                                "properties": {
                                    "directoryOffset": ".",
                                    "artifactSetBaseDir": "",
                                    "fileIncludePatterns": "**\/*",
                                    "fileExcludePatterns": "",
                                    "syncMode": "true",
                                    "fullVerification": "true",
                                    "setFileExecuteBits": "false",
                                    "verifyFileIntegrity": "false",
                                    "versionId": "${p:version.id}",
                                    "serverUrl": "${p:server.url}",
                                    "compId": "${p:component.id}",
                                    "resId": "${p:resource.id}",
                                    "charset": "",
                                    "label": ""
                                },
                                "type": "plugin",
                                "name": "Download Artifacts",
                                "children": []
                            },
                            {
                                "allowFailure": false,
                                "useImpersonation": false,
                                "showHidden": false,
                                "impersonationUseSudo": false,
                                "commandName": "IIS Configuration Apply",
                                "pluginName": "IIS-Configuration",
                                "pluginVersion": 1,
                                "properties": {
                                    "webDeployPath": "${p?:resource\/iis.webDeployPath}",
                                    "msDeployArgs": "",
                                    "resourcePath": "${p?:resource.path}"
                                },
                                "type": "plugin",
                                "name": "IIS Configuration Apply",
                                "children": []
                            },
                            {
                                "allowFailure": false,
                                "useImpersonation": false,
                                "showHidden": false,
                                "impersonationUseSudo": false,
                                "commandName": "IIS Configuration Replace Tokens",
                                "pluginName": "IIS-Configuration",
                                "pluginVersion": 1,
                                "properties": {
                                    "tokenDelimiter": "@",
                                    "propertyPrefix": "",
                                    "customEncoding": "",
                                    "envPropValues": "${p:environment\/allProperties}, ${p:component\/allProperties}, ${p:resource\/allProperties}"
                                },
                                "type": "plugin",
                                "name": "IIS Configuration Replace Tokens",
                                "children": []
                            }
                        ]
                    }
                }],
                "genericProcesses": [],
                "teamMappings": []
            },
            "envPropDefs": [],
            "resPropDefs": [],
            "versionPropDefs": [],
            "propSheetGroup": {"propSheets": [
                {
                    "name": "template",
                    "properties": []
                },
                {
                    "name": "custom",
                    "properties": []
                }
            ]},
            "processes": [],
            "configTemplates": [],
            "genericProcesses": [],
            "teamMappings": [],
            "tags": []
        }
    ],
    "environments": [],
    "statuses": [],
    "processes": [
        {
            "name": "Apply",
            "description": "",
            "inventoryManagementType": "AUTOMATIC",
            "offlineAgentHandling": "PRE_EXECUTION_CHECK",
            "rootActivity": {
                "edges": [
                    {
                        "to": "48a6cddfcd9078caf12c4add197244",
                        "from": "d3d2441db668fdd1dd230278a188c4",
                        "type": "SUCCESS",
                        "value": ""
                    },
                    {
                        "to": "53519e9cdd1f223a1556bef56d6381",
                        "from": "48a6cddfcd9078caf12c4add197244",
                        "type": "SUCCESS",
                        "value": ""
                    },
                    {
                        "to": "d3d2441db668fdd1dd230278a188c4",
                        "from": "7bed014ca869e750ae631ffbd33efb",
                        "type": "SUCCESS",
                        "value": ""
                    },
                    {
                        "to": "7bed014ca869e750ae631ffbd33efb",
                        "type": "ALWAYS",
                        "value": ""
                    }
                ],
                "offsets": [
                    {
                        "name": "53519e9cdd1f223a1556bef56d6381",
                        "x": -5,
                        "y": 420,
                        "h": 50,
                        "w": 90
                    },
                    {
                        "name": "7bed014ca869e750ae631ffbd33efb",
                        "x": -101.5,
                        "y": 95,
                        "h": 50,
                        "w": 280
                    },
                    {
                        "name": "d3d2441db668fdd1dd230278a188c4",
                        "x": -141.5,
                        "y": 190,
                        "h": 50,
                        "w": 350
                    },
                    {
                        "name": "48a6cddfcd9078caf12c4add197244",
                        "x": -129.5,
                        "y": 295,
                        "h": 50,
                        "w": 330
                    }
                ],
                "type": "graph",
                "name": "a90073e4-bd4d-4400-9045-248ccbc02e13",
                "children": [
                    {
                        "type": "finish",
                        "name": "53519e9cdd1f223a1556bef56d6381",
                        "children": []
                    },
                    {
                        "componentName": "IIS Site Config",
                        "properties": [
                            {
                                "name": "maxIteration",
                                "value": "1"
                            },
                            {
                                "name": "runOnlyOnFirst",
                                "value": "false"
                            },
                            {
                                "name": "failFast",
                                "value": "false"
                            }
                        ],
                        "type": "componentEnvironmentIterator",
                        "name": "7bed014ca869e750ae631ffbd33efb",
                        "children": [{
                            "name": "c918d429e438699e97901e5995e81e",
                            "componentName": "IIS Site Config",
                            "type": "allVersionsIterator",
                            "children": [{
                                "componentProcessName": "Apply",
                                "componentName": "IIS Site Config",
                                "allowFailure": false,
                                "properties": {},
                                "type": "componentProcess",
                                "name": "Sites",
                                "children": []
                            }]
                        }]
                    },
                    {
                        "componentName": "IIS Application Config",
                        "properties": [
                            {
                                "name": "maxIteration",
                                "value": "1"
                            },
                            {
                                "name": "runOnlyOnFirst",
                                "value": "false"
                            },
                            {
                                "name": "failFast",
                                "value": "false"
                            }
                        ],
                        "type": "componentEnvironmentIterator",
                        "name": "d3d2441db668fdd1dd230278a188c4",
                        "children": [{
                            "name": "9898ac53da5d140ce5284b566d584d",
                            "componentName": "IIS Application Config",
                            "type": "allVersionsIterator",
                            "children": [{
                                "componentProcessName": "Apply",
                                "componentName": "IIS Application Config",
                                "allowFailure": false,
                                "properties": {},
                                "type": "componentProcess",
                                "name": "Applications",
                                "children": []
                            }]
                        }]
                    },
                    {
                        "componentName": "IIS App Pool Config",
                        "properties": [
                            {
                                "name": "maxIteration",
                                "value": "1"
                            },
                            {
                                "name": "runOnlyOnFirst",
                                "value": "false"
                            },
                            {
                                "name": "failFast",
                                "value": "false"
                            }
                        ],
                        "type": "componentEnvironmentIterator",
                        "name": "48a6cddfcd9078caf12c4add197244",
                        "children": [{
                            "name": "660bd0c828f59c573cb78c620adf6e",
                            "componentName": "IIS App Pool Config",
                            "type": "allVersionsIterator",
                            "children": [{
                                "componentProcessName": "Apply",
                                "componentName": "IIS App Pool Config",
                                "allowFailure": false,
                                "properties": {},
                                "type": "componentProcess",
                                "name": "App Pools",
                                "children": []
                            }]
                        }]
                    }
                ]
            },
            "propDefs": [],
            "versionPresets": []
        },
        {
            "name": "Apply Full",
            "description": "",
            "inventoryManagementType": "AUTOMATIC",
            "offlineAgentHandling": "PRE_EXECUTION_CHECK",
            "rootActivity": {
                "edges": [
                    {
                        "to": "04d281bc16072e70676b8fcbb34a9a",
                        "type": "ALWAYS",
                        "value": ""
                    },
                    {
                        "to": "5aafa9091e4f2a3b99f0579383784f",
                        "from": "04d281bc16072e70676b8fcbb34a9a",
                        "type": "SUCCESS",
                        "value": ""
                    }
                ],
                "offsets": [
                    {
                        "name": "04d281bc16072e70676b8fcbb34a9a",
                        "x": -105,
                        "y": 190,
                        "h": 50,
                        "w": 290
                    },
                    {
                        "name": "5aafa9091e4f2a3b99f0579383784f",
                        "x": -5,
                        "y": 420,
                        "h": 50,
                        "w": 90
                    }
                ],
                "type": "graph",
                "name": "6f61a0d6-5612-4551-ae3f-aa3f9135ebce",
                "children": [
                    {
                        "type": "finish",
                        "name": "5aafa9091e4f2a3b99f0579383784f",
                        "children": []
                    },
                    {
                        "componentName": "IIS Full Config",
                        "properties": [
                            {
                                "name": "maxIteration",
                                "value": "1"
                            },
                            {
                                "name": "runOnlyOnFirst",
                                "value": "false"
                            },
                            {
                                "name": "failFast",
                                "value": "false"
                            }
                        ],
                        "type": "componentEnvironmentIterator",
                        "name": "04d281bc16072e70676b8fcbb34a9a",
                        "children": [{
                            "name": "5dde0463510be3317d4f5a0b2eabb1",
                            "componentName": "IIS Full Config",
                            "type": "allVersionsIterator",
                            "children": [{
                                "componentProcessName": "Apply",
                                "componentName": "IIS Full Config",
                                "allowFailure": false,
                                "properties": {},
                                "type": "componentProcess",
                                "name": "Full Site",
                                "children": []
                            }]
                        }]
                    }
                ]
            },
            "propDefs": [],
            "versionPresets": []
        }
    ],
    "genericProcesses": [],
    "teamMappings": [],
    "tags": []
}