<?xml version="1.0" encoding="UTF-8" standalone="no"?>
<!--
- Licensed Materials - Property of HCL
- UrbanCode Deploy
- (c) Copyright HCL Technologies Ltd. 2018. All Rights Reserved.
-
- U.S. Government Users Restricted Rights - Use, duplication or disclosure restricted by
- Trademark of HCL Technologies Limited
--><pluginInfo>
  <!-- Do not change the release-version, the build process injects it. -->
  <release-version>2.1053929</release-version>

  <release-notes>

    <release-note plugin-version="1">
      Initial plugin version that provides a step for executing builds using IBM Dependency Based Build.
    </release-note>

    <release-note plugin-version="2">
      Use JAVA_HOME instead of PATH for launching the executable
    </release-note>
  </release-notes>
</pluginInfo>
