<?xml version="1.0" encoding="UTF-8"?><snippets>
    <category filters="*" id="/jms/RAFW_JMSActivationSpec/J2CActivationSpec" initial_state="0" label="/jms/RAFW_JMSActivationSpec/J2CActivationSpec" largeicon="" smallicon="">
        <description/>
        <item category="/jms/RAFW_JMSActivationSpec/J2CActivationSpec" class="" editorclass="" id="item_1303829862729" label="aDefaultActivationSpec" largeicon="" smallicon="">
            <description><![CDATA[aDefaultActivationSpec]]></description>
            <content><![CDATA[	<J2CActivationSpec]]>&#13;<![CDATA[
		authenticationAlias="dmgr/JAAS - J2C - alias"]]>&#13;<![CDATA[
		description="description"]]>&#13;<![CDATA[
		destinationJndiName="jndi/dest/aDefaultActivationSpec"]]>&#13;<![CDATA[
		jndiName="jndi/aDefaultActivationSpec"]]>&#13;<![CDATA[
		name="aDefaultActivationSpec"]]>&#13;<![CDATA[
	>]]>&#13;<![CDATA[
		<J2CResourceAdapter]]>&#13;<![CDATA[
			RAFW_TYPE="parentName"]]>&#13;<![CDATA[
			name="SIB JMS Resource Adapter"]]>&#13;<![CDATA[
		>]]>&#13;<![CDATA[
		</J2CResourceAdapter>]]>&#13;<![CDATA[
		<ActivationSpec]]>&#13;<![CDATA[
			RAFW_TYPE="reference"]]>&#13;<![CDATA[
			WASKey="activationSpec"]]>&#13;<![CDATA[
			activationSpecClass="com.ibm.ws.sib.api.jmsra.impl.JmsJcaActivationSpecImpl"]]>&#13;<![CDATA[
		>]]>&#13;<![CDATA[
		</ActivationSpec>]]>&#13;<![CDATA[
		<J2EEResourceProperty]]>&#13;<![CDATA[
			WASKey="resourceProperties"]]>&#13;<![CDATA[
			name="acknowledgeMode"]]>&#13;<![CDATA[
			required="false"]]>&#13;<![CDATA[
			type="java.lang.String"]]>&#13;<![CDATA[
			value="Auto-acknowledge"]]>&#13;<![CDATA[
		>]]>&#13;<![CDATA[
		</J2EEResourceProperty>]]>&#13;<![CDATA[
		<J2EEResourceProperty]]>&#13;<![CDATA[
			WASKey="resourceProperties"]]>&#13;<![CDATA[
			name="alwaysActivateAllMDBs"]]>&#13;<![CDATA[
			required="false"]]>&#13;<![CDATA[
			type="java.lang.Boolean"]]>&#13;<![CDATA[
			value="true"]]>&#13;<![CDATA[
		>]]>&#13;<![CDATA[
		</J2EEResourceProperty>]]>&#13;<![CDATA[
		<J2EEResourceProperty]]>&#13;<![CDATA[
			WASKey="resourceProperties"]]>&#13;<![CDATA[
			name="AutoStopSequentialMessageFailure"]]>&#13;<![CDATA[
			required="false"]]>&#13;<![CDATA[
			type="java.lang.Integer"]]>&#13;<![CDATA[
			value="4"]]>&#13;<![CDATA[
		>]]>&#13;<![CDATA[
		</J2EEResourceProperty>]]>&#13;<![CDATA[
		<J2EEResourceProperty]]>&#13;<![CDATA[
			WASKey="resourceProperties"]]>&#13;<![CDATA[
			name="busName"]]>&#13;<![CDATA[
			required="false"]]>&#13;<![CDATA[
			type="java.lang.String"]]>&#13;<![CDATA[
			value="anotherBus"]]>&#13;<![CDATA[
		>]]>&#13;<![CDATA[
		</J2EEResourceProperty>]]>&#13;<![CDATA[
		<J2EEResourceProperty]]>&#13;<![CDATA[
			WASKey="resourceProperties"]]>&#13;<![CDATA[
			name="clientId"]]>&#13;<![CDATA[
			required="false"]]>&#13;<![CDATA[
			type="java.lang.String"]]>&#13;<![CDATA[
			value="clientId"]]>&#13;<![CDATA[
		>]]>&#13;<![CDATA[
		</J2EEResourceProperty>]]>&#13;<![CDATA[
		<J2EEResourceProperty]]>&#13;<![CDATA[
			WASKey="resourceProperties"]]>&#13;<![CDATA[
			name="destination"]]>&#13;<![CDATA[
			required="false"]]>&#13;<![CDATA[
			type="javax.jms.Destination"]]>&#13;<![CDATA[
		>]]>&#13;<![CDATA[
		</J2EEResourceProperty>]]>&#13;<![CDATA[
		<J2EEResourceProperty]]>&#13;<![CDATA[
			WASKey="resourceProperties"]]>&#13;<![CDATA[
			name="destinationType"]]>&#13;<![CDATA[
			required="true"]]>&#13;<![CDATA[
			type="java.lang.String"]]>&#13;<![CDATA[
			value="javax.jms.Queue"]]>&#13;<![CDATA[
		>]]>&#13;<![CDATA[
		</J2EEResourceProperty>]]>&#13;<![CDATA[
		<J2EEResourceProperty]]>&#13;<![CDATA[
			WASKey="resourceProperties"]]>&#13;<![CDATA[
			name="durableSubscriptionHome"]]>&#13;<![CDATA[
			required="false"]]>&#13;<![CDATA[
			type="java.lang.String"]]>&#13;<![CDATA[
			value="durableSubscriptionHome"]]>&#13;<![CDATA[
		>]]>&#13;<![CDATA[
		</J2EEResourceProperty>]]>&#13;<![CDATA[
		<J2EEResourceProperty]]>&#13;<![CDATA[
			WASKey="resourceProperties"]]>&#13;<![CDATA[
			name="failingMessageDelay"]]>&#13;<![CDATA[
			required="false"]]>&#13;<![CDATA[
			type="java.lang.Long"]]>&#13;<![CDATA[
			value="34"]]>&#13;<![CDATA[
		>]]>&#13;<![CDATA[
		</J2EEResourceProperty>]]>&#13;<![CDATA[
		<J2EEResourceProperty]]>&#13;<![CDATA[
			WASKey="resourceProperties"]]>&#13;<![CDATA[
			name="maxBatchSize"]]>&#13;<![CDATA[
			required="false"]]>&#13;<![CDATA[
			type="java.lang.Integer"]]>&#13;<![CDATA[
			value="1"]]>&#13;<![CDATA[
		>]]>&#13;<![CDATA[
		</J2EEResourceProperty>]]>&#13;<![CDATA[
		<J2EEResourceProperty]]>&#13;<![CDATA[
			WASKey="resourceProperties"]]>&#13;<![CDATA[
			name="maxConcurrency"]]>&#13;<![CDATA[
			required="false"]]>&#13;<![CDATA[
			type="java.lang.Integer"]]>&#13;<![CDATA[
			value="10"]]>&#13;<![CDATA[
		>]]>&#13;<![CDATA[
		</J2EEResourceProperty>]]>&#13;<![CDATA[
		<J2EEResourceProperty]]>&#13;<![CDATA[
			WASKey="resourceProperties"]]>&#13;<![CDATA[
			name="maxSequentialMessageFailure"]]>&#13;<![CDATA[
			required="false"]]>&#13;<![CDATA[
			type="java.lang.Integer"]]>&#13;<![CDATA[
			value="-1"]]>&#13;<![CDATA[
		>]]>&#13;<![CDATA[
		</J2EEResourceProperty>]]>&#13;<![CDATA[
		<J2EEResourceProperty]]>&#13;<![CDATA[
			WASKey="resourceProperties"]]>&#13;<![CDATA[
			name="messageSelector"]]>&#13;<![CDATA[
			required="false"]]>&#13;<![CDATA[
			type="java.lang.String"]]>&#13;<![CDATA[
			value="messageSelector"]]>&#13;<![CDATA[
		>]]>&#13;<![CDATA[
		</J2EEResourceProperty>]]>&#13;<![CDATA[
		<J2EEResourceProperty]]>&#13;<![CDATA[
			WASKey="resourceProperties"]]>&#13;<![CDATA[
			name="password"]]>&#13;<![CDATA[
			required="false"]]>&#13;<![CDATA[
			type="java.lang.String"]]>&#13;<![CDATA[
		>]]>&#13;<![CDATA[
		</J2EEResourceProperty>]]>&#13;<![CDATA[
		<J2EEResourceProperty]]>&#13;<![CDATA[
			WASKey="resourceProperties"]]>&#13;<![CDATA[
			name="providerEndpoints"]]>&#13;<![CDATA[
			required="false"]]>&#13;<![CDATA[
			type="java.lang.String"]]>&#13;<![CDATA[
			value="providerEndpoints"]]>&#13;<![CDATA[
		>]]>&#13;<![CDATA[
		</J2EEResourceProperty>]]>&#13;<![CDATA[
		<J2EEResourceProperty]]>&#13;<![CDATA[
			WASKey="resourceProperties"]]>&#13;<![CDATA[
			name="readAhead"]]>&#13;<![CDATA[
			required="false"]]>&#13;<![CDATA[
			type="java.lang.String"]]>&#13;<![CDATA[
			value="Default"]]>&#13;<![CDATA[
		>]]>&#13;<![CDATA[
		</J2EEResourceProperty>]]>&#13;<![CDATA[
		<J2EEResourceProperty]]>&#13;<![CDATA[
			WASKey="resourceProperties"]]>&#13;<![CDATA[
			name="retryInterval"]]>&#13;<![CDATA[
			required="false"]]>&#13;<![CDATA[
			type="java.lang.Integer"]]>&#13;<![CDATA[
			value="30"]]>&#13;<![CDATA[
		>]]>&#13;<![CDATA[
		</J2EEResourceProperty>]]>&#13;<![CDATA[
		<J2EEResourceProperty]]>&#13;<![CDATA[
			WASKey="resourceProperties"]]>&#13;<![CDATA[
			name="shareDataSourceWithCMP"]]>&#13;<![CDATA[
			required="false"]]>&#13;<![CDATA[
			type="java.lang.Boolean"]]>&#13;<![CDATA[
			value="true"]]>&#13;<![CDATA[
		>]]>&#13;<![CDATA[
		</J2EEResourceProperty>]]>&#13;<![CDATA[
		<J2EEResourceProperty]]>&#13;<![CDATA[
			WASKey="resourceProperties"]]>&#13;<![CDATA[
			name="shareDurableSubscriptions"]]>&#13;<![CDATA[
			required="false"]]>&#13;<![CDATA[
			type="java.lang.String"]]>&#13;<![CDATA[
			value="InCluster"]]>&#13;<![CDATA[
		>]]>&#13;<![CDATA[
		</J2EEResourceProperty>]]>&#13;<![CDATA[
		<J2EEResourceProperty]]>&#13;<![CDATA[
			WASKey="resourceProperties"]]>&#13;<![CDATA[
			name="subscriptionDurability"]]>&#13;<![CDATA[
			required="false"]]>&#13;<![CDATA[
			type="java.lang.String"]]>&#13;<![CDATA[
			value="NonDurable"]]>&#13;<![CDATA[
		>]]>&#13;<![CDATA[
		</J2EEResourceProperty>]]>&#13;<![CDATA[
		<J2EEResourceProperty]]>&#13;<![CDATA[
			WASKey="resourceProperties"]]>&#13;<![CDATA[
			name="subscriptionName"]]>&#13;<![CDATA[
			required="false"]]>&#13;<![CDATA[
			type="java.lang.String"]]>&#13;<![CDATA[
			value="subscriptionName"]]>&#13;<![CDATA[
		>]]>&#13;<![CDATA[
		</J2EEResourceProperty>]]>&#13;<![CDATA[
		<J2EEResourceProperty]]>&#13;<![CDATA[
			WASKey="resourceProperties"]]>&#13;<![CDATA[
			name="target"]]>&#13;<![CDATA[
			required="false"]]>&#13;<![CDATA[
			type="java.lang.String"]]>&#13;<![CDATA[
			value="target"]]>&#13;<![CDATA[
		>]]>&#13;<![CDATA[
		</J2EEResourceProperty>]]>&#13;<![CDATA[
		<J2EEResourceProperty]]>&#13;<![CDATA[
			WASKey="resourceProperties"]]>&#13;<![CDATA[
			name="targetSignificance"]]>&#13;<![CDATA[
			required="false"]]>&#13;<![CDATA[
			type="java.lang.String"]]>&#13;<![CDATA[
			value="Preferred"]]>&#13;<![CDATA[
		>]]>&#13;<![CDATA[
		</J2EEResourceProperty>]]>&#13;<![CDATA[
		<J2EEResourceProperty]]>&#13;<![CDATA[
			WASKey="resourceProperties"]]>&#13;<![CDATA[
			name="targetTransportChain"]]>&#13;<![CDATA[
			required="false"]]>&#13;<![CDATA[
			type="java.lang.String"]]>&#13;<![CDATA[
			value="targetTransportChain"]]>&#13;<![CDATA[
		>]]>&#13;<![CDATA[
		</J2EEResourceProperty>]]>&#13;<![CDATA[
		<J2EEResourceProperty]]>&#13;<![CDATA[
			WASKey="resourceProperties"]]>&#13;<![CDATA[
			name="targetType"]]>&#13;<![CDATA[
			required="false"]]>&#13;<![CDATA[
			type="java.lang.String"]]>&#13;<![CDATA[
			value="BusMember"]]>&#13;<![CDATA[
		>]]>&#13;<![CDATA[
		</J2EEResourceProperty>]]>&#13;<![CDATA[
		<J2EEResourceProperty]]>&#13;<![CDATA[
			WASKey="resourceProperties"]]>&#13;<![CDATA[
			name="userName"]]>&#13;<![CDATA[
			required="false"]]>&#13;<![CDATA[
			type="java.lang.String"]]>&#13;<![CDATA[
		>]]>&#13;<![CDATA[
		</J2EEResourceProperty>]]>&#13;<![CDATA[
		<J2EEResourceProperty]]>&#13;<![CDATA[
			WASKey="resourceProperties"]]>&#13;<![CDATA[
			name="ConsumerDoesNotModifyPayloadAfterGet"]]>&#13;<![CDATA[
			required="false"]]>&#13;<![CDATA[
			type="java.lang.String"]]>&#13;<![CDATA[
			value="true"]]>&#13;<![CDATA[
		>]]>&#13;<![CDATA[
		</J2EEResourceProperty>]]>&#13;<![CDATA[
		<J2EEResourceProperty]]>&#13;<![CDATA[
			WASKey="resourceProperties"]]>&#13;<![CDATA[
			name="ForwarderDoesNotModifyPayloadAfterSet"]]>&#13;<![CDATA[
			required="false"]]>&#13;<![CDATA[
			type="java.lang.String"]]>&#13;<![CDATA[
			value="true"]]>&#13;<![CDATA[
		>]]>&#13;<![CDATA[
		</J2EEResourceProperty>]]>&#13;<![CDATA[
		<J2EEResourceProperty]]>&#13;<![CDATA[
			WASKey="resourceProperties"]]>&#13;<![CDATA[
			name="useServerSubject"]]>&#13;<![CDATA[
			required="false"]]>&#13;<![CDATA[
			type="java.lang.Boolean"]]>&#13;<![CDATA[
		>]]>&#13;<![CDATA[
		</J2EEResourceProperty>]]>&#13;<![CDATA[
	</J2CActivationSpec>]]>&#13;<![CDATA[
]]></content>
        </item>
    </category>
</snippets>