<?xml version="1.0" encoding="UTF-8"?><snippets>
    <category filters="*" id="/security/RAFW_GlobalSecurity/Security" initial_state="0" label="/security/RAFW_GlobalSecurity/Security" largeicon="" smallicon="">
        <description/>
        <item category="/security/RAFW_GlobalSecurity/Security" class="" editorclass="" id="item_1304197432849" label="default" largeicon="" smallicon="">
            <description><![CDATA[default]]></description>
            <content><![CDATA[<Security activeProtocol="BOTH" additionalSecAttrs="" allowAllPermissionForApplication="false" allowBasicAuth="true" appEnabled="false" auditSpecifications="" caClients="" cacheTimeout="600" dynamicSSLConfigSelections="" dynamicallyUpdateSSLConfig="true" enableJava2SecRuntimeFiltering="false" enabled="true" enforceFineGrainedJCASecurity="false" enforceJava2Security="false" issuePermissionWarning="true" roleBasedAuthorization="" useDomainQualifiedUserNames="false" useLocalSecurityServer="true" xmlns="http://raf.rational.ibm.com/xml/ns/websphere">]]>&#13;<![CDATA[
            <DescriptiveProperty WASKey="webAuthAttrs" displayNameKey="" firstClass="false" hoverHelpKey="" inclusive="false" name="com.ibm.wsspi.security.web.webAuthReq" nlsRangeKey="" range="lazy,persisting,always" required="false" type="String" value="lazy"/>]]>&#13;<![CDATA[
            <DescriptiveProperty WASKey="webAuthAttrs" displayNameKey="" firstClass="false" hoverHelpKey="" inclusive="false" name="com.ibm.wsspi.security.web.failOverToBasicAuth" nlsRangeKey="" range="" required="false" type="boolean" value="false"/>]]>&#13;<![CDATA[
            <LTPA RAFW_TYPE="reference" WASKey="activeAuthMechanism"/>]]>&#13;<![CDATA[
            <Property WASKey="properties" name="security.enablePluggableAuthentication" required="false" value="true"/>]]>&#13;<![CDATA[
            <Property WASKey="properties" name="com.ibm.CSI.rmiOutboundPropagationEnabled" required="false" value="true"/>]]>&#13;<![CDATA[
            <Property WASKey="properties" name="com.ibm.CSI.rmiInboundPropagationEnabled" required="false" value="true"/>]]>&#13;<![CDATA[
            <Property WASKey="properties" name="com.ibm.CSI.rmiOutboundLoginEnabled" required="false" value="false"/>]]>&#13;<![CDATA[
            <Property WASKey="properties" name="com.ibm.ws.security.webInboundPropagationEnabled" required="false" value="true"/>]]>&#13;<![CDATA[
            <Property WASKey="properties" name="com.ibm.ws.security.ssoInteropModeEnabled" required="false" value="false"/>]]>&#13;<![CDATA[
            <Property WASKey="properties" name="com.ibm.CSI.supportedTargetRealms" required="false" value=""/>]]>&#13;<![CDATA[
            <Property WASKey="properties" name="com.ibm.CSI.rmiInboundLoginConfig" required="false" value="system.RMI_INBOUND"/>]]>&#13;<![CDATA[
            <Property WASKey="properties" name="com.ibm.CSI.rmiOutboundLoginConfig" required="false" value="system.RMI_OUTBOUND"/>]]>&#13;<![CDATA[
            <Property WASKey="properties" name="com.ibm.ws.security.webInboundLoginConfig" required="false" value="system.WEB_INBOUND"/>]]>&#13;<![CDATA[
            <Property WASKey="properties" name="com.ibm.ws.security.defaultLoginConfig" required="false" value="system.DEFAULT"/>]]>&#13;<![CDATA[
            <Property WASKey="properties" name="com.ibm.wsspi.security.ltpa.tokenFactory" required="false" value="com.ibm.ws.security.ltpa.LTPATokenFactory|com.ibm.ws.security.ltpa.LTPAToken2Factory|com.ibm.ws.security.ltpa.AuthzPropTokenFactory"/>]]>&#13;<![CDATA[
            <Property WASKey="properties" name="com.ibm.wsspi.security.token.authenticationTokenFactory" required="false" value="com.ibm.ws.security.ltpa.LTPATokenFactory"/>]]>&#13;<![CDATA[
            <Property WASKey="properties" name="com.ibm.wsspi.security.token.authorizationTokenFactory" required="false" value="com.ibm.ws.security.ltpa.AuthzPropTokenFactory"/>]]>&#13;<![CDATA[
            <Property WASKey="properties" name="com.ibm.wsspi.security.token.propagationTokenFactory" required="false" value="com.ibm.ws.security.ltpa.AuthzPropTokenFactory"/>]]>&#13;<![CDATA[
            <Property WASKey="properties" name="com.ibm.wsspi.security.token.singleSignonTokenFactory" required="false" value="com.ibm.ws.security.ltpa.LTPAToken2Factory"/>]]>&#13;<![CDATA[
            <Property WASKey="properties" name="com.ibm.ws.security.webChallengeIfCustomSubjectNotFound" required="false" value="true"/>]]>&#13;<![CDATA[
            <Property WASKey="properties" name="com.ibm.security.useFIPS" required="false" value="false"/>]]>&#13;<![CDATA[
            <Property WASKey="properties" description="JGSS credential is not serializable. Do not propagate Kerberos ticket and key" name="com.ibm.ws.security.propagationExcludeList" required="false" value="com.ibm.security.jgss.*:javax.security.auth.kerberos.KerberosKey:javax.security.auth.kerberos.KerberosTicket"/>]]>&#13;<![CDATA[
            <Property WASKey="properties" description="Allow LTPA authentication when Kerberos is an active authentication mechanism" name="com.ibm.websphere.security.krb.allowLTPAAuth" required="false" value="true"/>]]>&#13;<![CDATA[
            <Property WASKey="properties" description="Use canonical host name and key to validate the SPNEGO request" name="com.ibm.websphere.security.krb.canonical_host" required="false" value="true"/>]]>&#13;<![CDATA[
            <Property WASKey="properties" name="com.ibm.ssl.defaultCertReqSubjectDN" required="false" value="cn=bcbstdev-5f0801.austin.ibm.com,ou=bcbstdev-5f0801Cell01,ou=bcbstdev-5f0801CellManager01,o=IBM,c=US"/>]]>&#13;<![CDATA[
            <Property WASKey="properties" name="com.ibm.ssl.rootCertSubjectDN" required="false" value="cn=bcbstdev-5f0801.austin.ibm.com,ou=Root Certificate,ou=bcbstdev-5f0801Cell01,ou=bcbstdev-5f0801CellManager01,o=IBM,c=US"/>]]>&#13;<![CDATA[
            <Property WASKey="properties" name="com.ibm.ssl.rootCertValidDays" required="false" value="5475"/>]]>&#13;<![CDATA[
            <Property WASKey="properties" name="com.ibm.ssl.defaultCertReqDays" required="false" value="365"/>]]>&#13;<![CDATA[
            <SSLConfig RAFW_TYPE="reference" WASKey="defaultSSLSettings" alias="CellDefaultSSLSettings"/>]]>&#13;<![CDATA[
            <WIMUserRegistry RAFW_TYPE="reference" WASKey="activeUserRegistry"/>]]>&#13;<![CDATA[
        </Security>]]></content>
        </item>
    </category>
</snippets>