<?xml version="1.0" encoding="UTF-8"?><snippets>
    <category filters="*" id="/security/RAFW_SSL/SSLConfigGroup" initial_state="0" label="/security/RAFW_SSL/SSLConfigGroup" largeicon="" smallicon="">
        <description/>
        <item category="/security/RAFW_SSL/SSLConfigGroup" class="" editorclass="" id="item_1304446792791" label="default" largeicon="" smallicon="">
            <description><![CDATA[default]]></description>
            <content><![CDATA[<SSLConfigGroup direction="inbound" name="" xmlns="http://raf.rational.ibm.com/xml/ns/websphere">]]>&#13;<![CDATA[
	<ManagementScope RAFW_TYPE="reference" WASKey="managementScope" scopeName="" scopeType="cell" />]]>&#13;<![CDATA[
	<SSLConfig RAFW_TYPE="reference" WASKey="sslConfig" alias="" />]]>&#13;<![CDATA[
</SSLConfigGroup>]]></content>
        </item>
    </category>
</snippets>