<?xml version="1.0" encoding="UTF-8"?>
<!DOCTYPE project [
]>

<!--
====================================================================== 
Licensed Materials - Property of IBM Corp. 
IBM Middleware Configuration for WebSphere 
(c) Copyright IBM Corporation 2003, 2013. All Rights Reserved.   

U.S. Government Users Restricted Rights - Use, duplication or disclosure restricted by 
GSA ADP Schedule Contract with IBM Corp. 


File name: config_ihs_common.xml

IHS  common config targets available at the "node" level (run on each ihs server installation)
====================================================================== 
-->

<project default="default" basedir=".">
	<description>
		IHS  common config targets available at the "node" level (run on each ihs server installation)
	</description>

	<property name="NODE_HOME" value="${RAFW_HOME}/user/environments/${ENV_NAME}/cells/${CELL_NAME}/nodes/${NODE_NAME}" />

	<!-- variable representing target environment specific variables -->
	<property name="INSTALL_PROPERTIES" value="${RAFW_HOME}/user/environments/${ENV_NAME}/cells/${CELL_NAME}/nodes/${NODE_NAME}/install.properties" />
	<property file="${INSTALL_PROPERTIES}" />

	<!-- import the ihs custom product/actions/configure targets -->
	<import file="${RAFW_HOME}/user/actions/configure/ihs/common/custom_config_ihs_common.xml" />

	<!-- import the ihs incubator product/actions/configure targets -->
	<import file="${RAFW_HOME}/incubator/actions/configure/ihs/common/incubator_config_ihs_common.xml" />

	<!-- import RAFW library -->
	<import file="${RAFW_HOME}/product/lib/RAFW_lib.xml" />

	<rafwaction name="ihs_common_configure_copy_web_content" importmode="true" comparemode="true" augmentmode="true" promotemode="true">
		<option name="source.node" required="true" modes="promote" />
		<inherit name="addFilesToVisualCompare" />
	</rafwaction>
	<target name="ihs_common_configure_copy_web_content" depends="promote_source_scope_init" 
		description="Copies the web content files from 'node path'/web_content to the location represented by 'WEB_CONTENT_ROOT' on the web server.">

		<assertpropertyset property="WEB_CONTENT_ROOT" />
		<if>
			<equals arg1="${MODE}" arg2="promote" />
			<then>
				<assertpropertyset property="opt.source.node" />
				<var name="SOURCE_NODE_HOME" value="${SOURCE_SCOPE_HOME}" />
			</then>
		</if>
		<copy_content frameworkdir="web_content" scopedir="${NODE_HOME}" sourcescopedir="${SOURCE_NODE_HOME}" runtimedir="${WEB_CONTENT_ROOT}" />
	</target>

	<target name="ihs_common_configure_ihs_start" depends="only_execute,prepare_shell" description="Start IHS server">
		<if>
			<equals arg1="${OS}" arg2="windows" />
			<then>
				<if>
					<isset property="IHS_WINDOWS_SERVICE_NAME" />
					<then>
						<property name="ARG2" value='-n "${IHS_WINDOWS_SERVICE_NAME}"' />
					</then>
					<else>
						<property name="ARG2" value="" />
					</else>
				</if>
				<var name="EXECUTABLE" value="${CURRENT_FOLDER_PREFIX}apache -k start ${ARG2}" />
			</then>
			<else>
				<antcall target="ihs_config_service_prereq_check" />
				<var name="EXECUTABLE" value="${IHS_HOME}/bin/apachectl start" />
			</else>
		</if>
		<if>
			<isset property="PREVIEW_MODE" />
			<then>
				<echo message="${SHELL_SWITCH} '${EXECUTABLE}'" />
			</then>
			<else>
				<exec dir="${IHS_HOME}/bin" executable="${EXECUTABLE_SHELL}" failonerror="true">
					<arg line="${SHELL_SWITCH} '${EXECUTABLE}'" />
				</exec>
			</else>
		</if>
	</target>

	<target name="ihs_common_configure_ihs_stop" depends="only_execute,prepare_shell" description="Stop IHS server">
		<if>
			<equals arg1="${OS}" arg2="windows" />
			<then>
				<if>
					<isset property="IHS_WINDOWS_SERVICE_NAME" />
					<then>
						<property name="ARG2" value='-n "${IHS_WINDOWS_SERVICE_NAME}"' />
					</then>
					<else>
						<property name="ARG2" value="" />
					</else>
				</if>
				<var name="EXECUTABLE" value="${CURRENT_FOLDER_PREFIX}apache -k stop ${ARG2}" />
			</then>
			<else>
				<antcall target="ihs_config_service_prereq_check" />
				<var name="EXECUTABLE" value="${IHS_HOME}/bin/apachectl stop" />
			</else>
		</if>
		<if>
			<isset property="PREVIEW_MODE" />
			<then>
				<echo message="${SHELL_SWITCH} '${EXECUTABLE}'" />
			</then>
			<else>
				<exec dir="${IHS_HOME}/bin" executable="${EXECUTABLE_SHELL}" failonerror="true">
					<arg line="${SHELL_SWITCH} '${EXECUTABLE}'" />
				</exec>
			</else>
		</if>
	</target>

	<target name="ihs_common_configure_ihs_admin_service_start" depends="only_execute,prepare_shell" description="Start IHS Admin service">
		<if>
			<equals arg1="${OS}" arg2="zos" />
			<then>
				<echo message="The IHS admin service is not supported on z/OS" />
				<echo message="This action is skipped when run on a z/OS target system" />
			</then>
			<else>
				<if>
					<equals arg1="${OS}" arg2="windows" />
					<then>
						<assertpropertyset property="IHS_ADMIN_SERVICE_NAME" />
						<var name="EXECUTABLE" value="${CURRENT_FOLDER_PREFIX}apache -k start -n ${IHS_ADMIN_SERVICE_NAME}" />
					</then>
					<else>
						<antcall target="ihs_config_service_prereq_check" />
						<var name="EXECUTABLE" value="${IHS_HOME}/bin/adminctl start" />
					</else>
				</if>
				<if>
					<isset property="PREVIEW_MODE" />
					<then>
						<echo message="${SHELL_SWITCH} '${EXECUTABLE}'" />
					</then>
					<else>
						<exec dir="${IHS_HOME}/bin" executable="${EXECUTABLE_SHELL}" failonerror="true">
							<arg line="${SHELL_SWITCH} '${EXECUTABLE}'" />
						</exec>
					</else>
				</if>
			</else>
		</if>
	</target>

	<target name="ihs_common_configure_ihs_admin_service_stop" depends="only_execute,prepare_shell" description="Stop IHS Admin service">
		<if>
			<equals arg1="${OS}" arg2="zos" />
			<then>
				<echo message="The IHS admin service is not supported on z/OS" />
				<echo message="This action is skipped when run on a z/OS target system" />
			</then>
			<else>
				<if>
					<equals arg1="${OS}" arg2="windows" />
					<then>
						<assertpropertyset property="IHS_ADMIN_SERVICE_NAME" />
						<var name="EXECUTABLE" value="${CURRENT_FOLDER_PREFIX}apache -k stop -n ${IHS_ADMIN_SERVICE_NAME}" />
					</then>
					<else>
						<antcall target="ihs_config_service_prereq_check" />
						<var name="EXECUTABLE" value="${IHS_HOME}/bin/adminctl stop" />
					</else>
				</if>
				<if>
					<isset property="PREVIEW_MODE" />
					<then>
						<echo message="${SHELL_SWITCH} '${EXECUTABLE}'" />
					</then>
					<else>
						<exec dir="${IHS_HOME}/bin" executable="${EXECUTABLE_SHELL}" failonerror="true">
							<arg line="${SHELL_SWITCH} '${EXECUTABLE}'" />
						</exec>
					</else>
				</if>
			</else>
		</if>
	</target>

	<target name="ihs_config_service_prereq_check">
		<if>
			<not>
				<isset property="PREVIEW_MODE" />
			</not>
			<then>
				<antcall target="check_if_user_is_root" />
			</then>
		</if>
	</target>

</project>

