<?xml version="1.0" encoding="UTF-8"?><!--
- Licensed Materials - Property of IBM Corp.
- IBM UrbanCode Deploy
- (c) Copyright IBM Corporation 2016. All Rights Reserved.
-
- U.S. Government Users Restricted Rights - Use, duplication or disclosure restricted by
- GSA ADP Schedule Contract with IBM Corp.
-->
<plugin-upgrade
        xmlns="http://www.urbancode.com/UpgradeXMLSchema_v1"
        xmlns:xsi="http://www.w3.org/2001/XMLSchema-instance">

    <migrate to-version="2">
    </migrate>

    <migrate to-version="3">
      <migrate-command name="Upload To Maven Artifactory Repository" old="Upload To Artifactory">
        <migrate-properties>
          <migrate-property name="baseDir"/>
          <migrate-property name="filePattern" old="extensionName" default=""/>
        </migrate-properties>
      </migrate-command>
      <migrate-command name="Download From Maven Artifactory Repository" old="Download Maven build version">
        <migrate-properties>
          <migrate-property name="repositoryName"/>
        </migrate-properties>
      </migrate-command>
    </migrate>

</plugin-upgrade>
