<?xml version="1.0" encoding="UTF-8"?><snippets>
    <category filters="*" id="/jdbc/RAFW_WAS40DataSources/WAS40DataSource" initial_state="0" label="/jdbc/RAFW_WAS40DataSources/WAS40DataSource" largeicon="" smallicon="">
        <description/>
        <item category="/jdbc/RAFW_WAS40DataSources/WAS40DataSource" class="" editorclass="" id="item_1303926440510" label="DataSource - V4 - Oracle Datasource" largeicon="" smallicon="">
            <description><![CDATA[DataSource - V4 - Oracle Datasource]]></description>
            <content><![CDATA[<WAS40DataSource category="Category" databaseName="databaseName" defaultPassword="password" defaultUser="defaultUser" description="Description" jndiName="data/was_four/jndiName" name="DataSource - V4 - Oracle Datasource" providerType="Oracle JDBC Driver (XA)" >]]>&#13;<![CDATA[
			<J2EEResourcePropertySet WASKey="propertySet">]]>&#13;<![CDATA[
				<J2EEResourceProperty WASKey="resourceProperties" description="The type of the driver. The possible values are: thin,oci8." name="driverType" required="false" type="java.lang.String" value=""/>]]>&#13;<![CDATA[
				<J2EEResourceProperty WASKey="resourceProperties" description="The entry name which is used for the Oracle OCI driver." name="TNSEntryName" required="false" type="java.lang.String" value=""/>]]>&#13;<![CDATA[
				<J2EEResourceProperty WASKey="resourceProperties" description="Whether to use TCP/IP or IPC or any other protocol" name="networkProtocol" required="false" type="java.lang.String" value=""/>]]>&#13;<![CDATA[
				<J2EEResourceProperty WASKey="resourceProperties" description="The name of the server.  used for thin driver setup" name="serverName" required="false" type="java.lang.String" value=""/>]]>&#13;<![CDATA[
				<J2EEResourceProperty WASKey="resourceProperties" description="The TCP/IP port number where the jdbc driver resides. used for thin driver setup" name="portNumber" required="false" type="java.lang.Integer" value="1521"/>]]>&#13;<![CDATA[
				<J2EEResourceProperty WASKey="resourceProperties" description="The name of the Data Source." name="dataSourceName" required="false" type="java.lang.String" value=""/>]]>&#13;<![CDATA[
				<J2EEResourceProperty WASKey="resourceProperties" description="adminRequired=true - This is a required property. The URL indicating the database from which the Data Source will obtain connections,such as 'jdbc:oracle:thin:@localhost:1521:sample' for thin driver and 'jdbc:oracle:oci8:@sample' for thick driver." name="URL" required="true" type="java.lang.String" value=""/>]]>&#13;<![CDATA[
				<J2EEResourceProperty WASKey="resourceProperties" description="The maximum time to attempt to connect a database. If this value is non-zero,attempt to connect to the database will timeout when this specified value is reached." name="loginTimeout" required="false" type="java.lang.Integer" value=""/>]]>&#13;<![CDATA[
				<J2EEResourceProperty WASKey="resourceProperties" description="The description of this datasource." name="description" required="false" type="java.lang.String" value=""/>]]>&#13;<![CDATA[
				<J2EEResourceProperty WASKey="resourceProperties" description="This property is introduced as a result of Oraclebug 2511780,Oracle Patch for 2511780 must be installed before setting this property to true,failure to do that would cause a program error.  Please check the WebSphere readme file for more info ." name="transactionBranchesLooselyCoupled" required="false" type="java.lang.Boolean" value="false"/>]]>&#13;<![CDATA[
			</J2EEResourcePropertySet>]]>&#13;<![CDATA[
			<JDBCProvider RAFW_TYPE="reference" name="Derby JDBC Provider (XA)"/>]]>&#13;<![CDATA[
			<WAS40ConnectionPool WASKey="connectionPool" connectionTimeout="180" disableAutoConnectionCleanup="false" idleTimeout="1800" maximumPoolSize="10" minimumPoolSize="1" orphanTimeout="1800" statementCacheSize="10"/>]]>&#13;<![CDATA[
		</WAS40DataSource>]]></content>
        </item>
    </category>
</snippets>