<?xml version="1.0" encoding="UTF-8"?><snippets>
    <category filters="*" id="/jms/RAFW_JMSDestinations/J2CAdminObject" initial_state="0" label="/jms/RAFW_JMSDestinations/J2CAdminObject" largeicon="" smallicon="">
        <description/>
        <item category="/jms/RAFW_JMSDestinations/J2CAdminObject" class="" editorclass="" id="item_1303926480906" label="someQueue" largeicon="" smallicon="">
            <description><![CDATA[someQueue]]></description>
            <content><![CDATA[<J2CAdminObject description="A description of this queue" jndiName="jms/someQueue" name="someQueue" ><AdminObject RAFW_TYPE="reference" WASKey="adminObject" adminObjectClass="com.ibm.ws.sib.api.jms.impl.JmsQueueImpl" adminObjectInterface="javax.jms.Queue"/><J2EEResourceProperty WASKey="properties" name="BusName" required="false" type="java.lang.String" value=""/><J2EEResourceProperty WASKey="properties" name="DeliveryMode" required="false" type="java.lang.String" value="Application"/><J2EEResourceProperty WASKey="properties" name="forwardRoutingPath" required="false" type="java.lang.String"/><J2EEResourceProperty WASKey="properties" name="Priority" required="false" type="java.lang.Integer"/><J2EEResourceProperty WASKey="properties" name="QueueName" required="false" type="java.lang.String" value="queueABC"/><J2EEResourceProperty WASKey="properties" name="ReadAhead" required="false" type="java.lang.String" value="AsConnection"/><J2EEResourceProperty WASKey="properties" name="reverseRoutingPath" required="false" type="java.lang.String"/><J2EEResourceProperty WASKey="properties" name="TimeToLive" required="false" type="java.lang.Long"/><J2EEResourceProperty WASKey="properties" name="scopeToLocalQP" required="false" type="java.lang.String" value="Off"/><J2EEResourceProperty WASKey="properties" name="producerBind" required="false" type="java.lang.String" value="Off"/><J2EEResourceProperty WASKey="properties" name="producerPreferLocal" required="false" type="java.lang.String" value="On"/><J2EEResourceProperty WASKey="properties" name="gatherMessages" required="false" type="java.lang.String" value="Off"/></J2CAdminObject>]]></content>
        </item>
    </category>
</snippets>