<?xml version="1.0" encoding="UTF-8"?>
<plugin-upgrade
        xmlns="http://www.urbancode.com/UpgradeXMLSchema_v1"
        xmlns:xsi="http://www.w3.org/2001/XMLSchema-instance">
  
  <migrate to-version="2">
  </migrate>
  
  <migrate to-version="3">
    <migrate-command name="Run Test Set">
      <migrate-properties>
        <migrate-property name="threshold" default="100"/>
      </migrate-properties>
    </migrate-command>
  </migrate>
  
  <migrate to-version="4">
  </migrate>

</plugin-upgrade>