<?xml version="1.0" encoding="UTF-8"?>

<!-- 
====================================================================== 
Licensed Materials - Property of IBM Corp. 
IBM Middleware Configuration for WebSphere 
(c) Copyright IBM Corporation 2003, 2013. All Rights Reserved.   

U.S. Government Users Restricted Rights - Use, duplication or disclosure restricted by 
GSA ADP Schedule Contract with IBM Corp. 


File name: configure_wps62_nd.xml

This is the configuration build file.
====================================================================== 
-->

<project default="default" basedir=".">
	<description>
		Contains configuration tasks for WPS 62 ND 
	</description>

	<!-- import the wps custom product/actions targets -->
	<import file="${RAFW_HOME}/user/actions/configure/wps/62/nd/custom_configure_wps62_nd.xml" />

	<!-- Import wps common cell-scope configure targets -->
	<import file="${RAFW_HOME}/product/actions/configure/wps/common/nd/configure_wps_common_nd.xml" />

	<!-- Import wps common all-scope configure targets -->
	<import file="${RAFW_HOME}/product/actions/configure/wps/common/configure_wps_common.xml" />

	<rafwaction name="wps_62_configure_create_deployment_environment_topology_files" location="local"/>
	<target name="wps_62_configure_create_deployment_environment_topology_files" depends="only_execute" description="Copy deployment environment template to ${RAFW_HOME}/work where it can be used with the DeploymentEnvironment import target">
		<antcall target="wbi_transform_template">
			<param name="DEST_FILE" value="${CELL_HOME}/${ENV_NAME}_${CELL_NAME}_wps_topology.xml" />
			<param name="TEMPLATE_NAME" value="${RAFW_HOME}/product/templates/velocity/wbi/topology/${WPS_VERSION}/${wbi.Topology}/wps_topology_${wbi.Topology}_${wbi.DB.DbType}.vm" />
			<param name="PROPERTY_FILE" value="${CELL_HOME}/config_wbi.properties,${RAFW_HOME}/work/${ENV_NAME}-${CELL_NAME}.properties" />
		</antcall>
		<antcall target="wbi_common_configure_create_dep_env_topology_file">
			<param name="srcFile" value="${RAFW_HOME}/product/actions/configure/wbi/templates/jdbc/${WPS_VERSION}/jdbc_messaging_template_${wbi.DB.DbType}.xml" />
			<param name="dstFile" value="${CELL_HOME}/clusters/${wbi.MessagingCluster.Name}/jdbc.xml" />
		</antcall>
		<antcall target="wbi_common_configure_create_dep_env_topology_file">
			<param name="srcFile" value="${RAFW_HOME}/product/actions/configure/wbi/templates/jaas/jaas_messaging_template.xml" />
			<param name="dstFile" value="${CELL_HOME}/jaas.xml" />
		</antcall>
	</target>
</project>