{
    "securityResourceId": "82ea1e43-d727-4cfc-8a57-2e889c3d9303",
    "path": "componentTemplates\/0c1b6a9d-6300-4f84-b6b0-05422b2b3570",
    "name": "IIS Config",
    "description": "",
    "ignoreQualifiers": 0,
    "componentType": "STANDARD",
    "tags": [],
    "active": true,
    "envPropDefs": [],
    "resPropDefs": [],
    "propDefs": [],
    "properties": [],
    "processes": [{
        "name": "Apply",
        "description": "",
        "defaultWorkingDir": "${p:resource\/work.dir}\/${p:component.name}",
        "takesVersion": true,
        "inventoryActionType": "ADD",
        "status": "Active",
        "configActionType": "ADD",
        "active": true,
        "path": "componentTemplates\/0c1b6a9d-6300-4f84-b6b0-05422b2b3570\/processes\/3896da7f-ec36-4e93-b43a-c8ea4ca7a981",
        "propDefs": [],
        "rootActivity": {
            "edges": [
                {
                    "to": "Download Artifacts",
                    "from": "Delete Files and Directories",
                    "type": "SUCCESS",
                    "value": ""
                },
                {
                    "to": "Delete Files and Directories",
                    "type": "ALWAYS",
                    "value": ""
                },
                {
                    "to": "12d3243ca0b35a17423f4af659f53c",
                    "from": "IIS Configuration Apply",
                    "type": "SUCCESS",
                    "value": ""
                },
                {
                    "to": "IIS Configuration Apply",
                    "from": "IIS Configuration Replace Tokens",
                    "type": "SUCCESS",
                    "value": ""
                },
                {
                    "to": "IIS Configuration Replace Tokens",
                    "from": "Download Artifacts",
                    "type": "SUCCESS",
                    "value": ""
                }
            ],
            "offsets": [
                {
                    "name": "IIS Configuration Replace Tokens",
                    "x": -195,
                    "y": 280,
                    "h": 50,
                    "w": 470
                },
                {
                    "name": "12d3243ca0b35a17423f4af659f53c",
                    "x": -5,
                    "y": 460,
                    "h": 50,
                    "w": 90
                },
                {
                    "name": "Download Artifacts",
                    "x": -120,
                    "y": 190,
                    "h": 50,
                    "w": 320
                },
                {
                    "name": "Delete Files and Directories",
                    "x": -170,
                    "y": 110,
                    "h": 50,
                    "w": 420
                },
                {
                    "name": "IIS Configuration Apply",
                    "x": -140,
                    "y": 370,
                    "h": 50,
                    "w": 360
                }
            ],
            "type": "graph",
            "name": "40ae6e2a-cfd2-40b6-8976-d2f85ce54f85",
            "children": [
                {
                    "type": "finish",
                    "name": "12d3243ca0b35a17423f4af659f53c",
                    "children": []
                },
                {
                    "allowFailure": false,
                    "useImpersonation": false,
                    "showHidden": false,
                    "impersonationUseSudo": false,
                    "commandName": "Delete Files and Directories",
                    "pluginName": "File Utils",
                    "pluginVersion": 48,
                    "properties": {
                        "baseDir": ".",
                        "includes": "**\/*",
                        "excludes": "",
                        "followSymlinks": "false",
                        "caseSensitive": "true"
                    },
                    "type": "plugin",
                    "name": "Delete Files and Directories",
                    "children": []
                },
                {
                    "allowFailure": false,
                    "useImpersonation": false,
                    "showHidden": false,
                    "impersonationUseSudo": false,
                    "commandName": "Download Artifacts",
                    "pluginName": "IBM UrbanCode Deploy Versioned File Storage",
                    "pluginVersion": 26,
                    "properties": {
                        "directoryOffset": ".",
                        "artifactSetBaseDir": "",
                        "fileIncludePatterns": "**\/*",
                        "fileExcludePatterns": "",
                        "syncMode": "true",
                        "fullVerification": "true",
                        "setFileExecuteBits": "false",
                        "verifyFileIntegrity": "false",
                        "versionId": "${p:version.id}",
                        "serverUrl": "${p:server.url}",
                        "compId": "${p:component.id}",
                        "resId": "${p:resource.id}",
                        "charset": "",
                        "label": ""
                    },
                    "type": "plugin",
                    "name": "Download Artifacts",
                    "children": []
                },
                {
                    "allowFailure": false,
                    "useImpersonation": false,
                    "showHidden": false,
                    "impersonationUseSudo": false,
                    "commandName": "IIS Configuration Apply",
                    "pluginName": "IIS-Configuration",
                    "pluginVersion": 1,
                    "properties": {
                        "webDeployPath": "${p?:resource\/iis.webDeployPath}",
                        "msDeployArgs": "",
                        "resourcePath": "${p?:resource.path}"
                    },
                    "type": "plugin",
                    "name": "IIS Configuration Apply",
                    "children": []
                },
                {
                    "allowFailure": false,
                    "useImpersonation": false,
                    "showHidden": false,
                    "impersonationUseSudo": false,
                    "commandName": "IIS Configuration Replace Tokens",
                    "pluginName": "IIS-Configuration",
                    "pluginVersion": 1,
                    "properties": {
                        "tokenDelimiter": "@",
                        "propertyPrefix": "",
                        "customEncoding": "",
                        "envPropValues": "${p:environment\/allProperties}, ${p:component\/allProperties}, ${p:resource\/allProperties}"
                    },
                    "type": "plugin",
                    "name": "IIS Configuration Replace Tokens",
                    "children": []
                }
            ]
        }
    }],
    "genericProcesses": [],
    "teamMappings": []
}