<?xml version="1.0" encoding="UTF-8"?>
<!DOCTYPE project [
]>

<!-- 
====================================================================== 
Licensed Materials - Property of IBM Corp. 
IBM Middleware Configuration for WebSphere 
(c) Copyright IBM Corporation 2003, 2013. All Rights Reserved.   

U.S. Government Users Restricted Rights - Use, duplication or disclosure restricted by 
GSA ADP Schedule Contract with IBM Corp. 


File name: configure_was70_base_dmgr.xml

Defines actions available at the node scope in WAS 7.0

These actions are available to WAS70 at the node and dmgr scope.
====================================================================== 
-->

<project default="default" basedir=".">
	<description>
		WebSphere application server 70 config targets available at the node and dmgr scope
	</description>

	<!-- include WAS_COMMON variables -->
	<property file="${RAFW_HOME}/product/actions/configure/was/common/was_common.properties" />

	<!-- Include cell properties -->
	<property file="${CELL_PROPERTIES}" />

	<!-- Include node install properties -->
	<property file="${NODE_INSTALL_PROPERTIES}" />

	<!-- Include node configure properties -->
	<property file="${NODE_CONFIGURE_PROPERTIES}" />
		
	<!-- import the was custom product/actions/configure targets -->
	<import file="${RAFW_HOME}/user/actions/configure/was/70/base/custom_configure_was70_base_dmgr.xml" />

	<!-- import the was incubator product/actions/configure targets -->
	<import file="${RAFW_HOME}/incubator/actions/configure/was/70/base/incubator_configure_was70_base_dmgr.xml" />

	<!-- import the common actions available at node and dmgr scope -->
	<import file="${RAFW_HOME}/product/actions/configure/was/common/base/configure_was_common_base_dmgr.xml" />


</project>

