<?xml version="1.0" encoding="UTF-8"?><!--
- Licensed Materials - Property of IBM Corp.
- IBM UrbanCode Build
- (c) Copyright IBM Corporation 2012, 2014. All Rights Reserved.
-
- U.S. Government Users Restricted Rights - Use, duplication or disclosure restricted by
- GSA ADP Schedule Contract with IBM Corp.
--><pluginInfo>
  <!--
  
  **author name IS required**
  
  The Author Section is used to give credit to the author of the plugin.
  Name is the only required element/attribute, but feel free to also include your email, 
  website  or bio to allow users of your plugin to praise your work, ask questions 
  or share their use case to help grow your plugin's functionality. 
  -->
  
  <author name="UrbanCode">
    <organization>UrbanCode</organization>
    <email>info@urbancode.com</email>
    <website>http://urbancode.com</website>
    <bio/>
  </author>
  
  <!--
  
  **intergration type IS Required**
  
  The integration type section identifies where the plugin fits into the process
  excepted types are SCM, Build, Artifact, Automation, Deploy 
  
  For example:
  
  The plugin pulls Artifacts from an artifact repository during deployment
  the Type would be "Artifact"
  or 
  The plugin deploys to a middleware server 
  the Type would be "Deploy"
  -->
  
  <integration type="SCM"/>
  
  
  <!-- 
  **source is NOT required**
  
  The source section identifies the location of the plugin source code
  For example 
  https://github.com/...
  -->
  <!--
  <source url=""/>
  -->
  <!-- 
  **license type is NOT required**
  
  If your plugin uses any licensed software please acknowledge it by 
  listing the license type below  
  -->
  <!--
  <licenses>
    <license type=""/>
  </licenses>
  -->
  <!-- 
  **tool-description IS required**
  
  The tool-description section is used to summarize the software 
  the plugin was created to integrate with. 
  
  For example: 
  Apache Ant is a software tool to automate software processes during the build or 
  deployment of an application. Ant uses an propitiatory XML file to define build 
  and/or deployment steps(referred to as targets by ant) . The Ant executable is 
  called to execute the targets in the build.xml.
  -->
  
  <tool-description>IBM's Rational Team Concert is a software development team collaboration tool. It provides software development teams with a collaborative environment in which they can manage all aspects of their work.</tool-description>
  
  <!-- 
  **related-info is NOT required**
  
  The releated-info section is used to define links which may be useful to users of the plugin 
  but don't fall into the release-notes or tool-description section. 
  
  For example: releated-info can be links to pdf documentation, help videos related to plugin setup or the product's
  website.
  
  excepted values for type include: PDF, WEBSITE, VIDEO  
  -->
  <related-info>
    <link description="RTC Website" title="RTC" type="WEBSITE" url="http://www.ibm.com/developerworks/rational/products/rtc/"/>
  </related-info>
  <!-- 
  **meta-html in NOT required**
  
  The meta-html section is used define the meta description and the meta keywords of the plugin page.The meta 
  description tag allows you to influence the description of your page in the web crawlers that support the 
  tag The meta keywords tag allows   you to provide additional text for crawler-based search engines to index 
  along with your body copy. 
  
  If multiple keywords are used they must be comma(,) delimited   
  -->  
  
  <meta-html>
    <meta content="" name="description"/>
    <meta content="" name="keywords"/>  
  </meta-html>
  
  <!-- Do not change the release-version, the build process injects it. -->
  <release-version>19.672547</release-version>  
  
  <release-notes>
    <!--
      **release-note IS required**
      
      The plugin-version name must match the plugin version found in the plugin.xml file 
      
      The release-note should document the changes, improvements, or bug fixes introduced 
      with the new plugin version 
        
      The release-note may contain text or reference a file in the plugin zip package
      
      For example your release note could be:
      Support for was added for version 10.0 for software X
      or 
      releaseNotes/release1.html (where release1.html contains html formatted version information)
      -->
    <release-note plugin-version="1">
      Installing this plugin will give you access to the steps listed below. These steps will be available for use when designing a Job.
    </release-note>
      
    <release-note plugin-version="2">
      Create a baseline when performing a SCM label step.
    </release-note>

    <release-note plugin-version="3">
      Fix a bug in parsing work items from source changes.
    </release-note>

    <release-note plugin-version="4">
      Fixed parsing error in the Get Changelog step.
    </release-note>

    <release-note plugin-version="5">
      Fix change detection when using an existing workspace by accepting changes.
    </release-note>

    <release-note plugin-version="6">
      Fix work item detection in source changes for RTC 4.x. Fix populate step for existing workspaces to allow for non-zero return code from the scm accept.
    </release-note>

    <release-note plugin-version="7">
      Fix a bug preventing Quiet Period from completing successfully.
    </release-note>

    <release-note plugin-version="8">
      Fix a bug when the populate step is run a second time in a build life and creates a duplicate a snapshot instead of us.
    </release-note>

    <release-note plugin-version="9">
      Fix a bug if get status needs to be run as part of a undo during populate.
    </release-note>

    <release-note plugin-version="10">
      Update to a newer version of a library for HTTP communication.
    </release-note>

    <release-note plugin-version="11">
      Add a password script field to the repository
    </release-note>

    <release-note plugin-version="12">
      Accept changes before calling load on the workspace.
    </release-note>

    <release-note plugin-version="13">
      Fixed a bug in the changelog step when using multiple components.
    </release-note>

    <release-note plugin-version="14">
      Fixed the load command to list the components being checked out if the Components List property is set.
    </release-note>

    <release-note plugin-version="15">
      Fixed an issue where a component could be removed and then added again instead of just leaving the component in the workspace.
    </release-note>

    <release-note plugin-version="16">
      Fixed an issue in the 'RTC Changelog' step where not all source changes were added to the build life when at least one or more source changes did not reference a work item.
    </release-note>

    <release-note plugin-version="17">
      Fixed an issue in the RTC Quiet Period where not having any snapshots would cause the check to fail.
    </release-note>

    <release-note plugin-version="18">
      Fixed an issue where communication with the UrbanCode Build server would fail if it was running with an IBM JDK/JRE.
    </release-note>

    <release-note plugin-version="19">
      Added retries to RTC commands when certain errors occur. Updated Changelog and Quiet Period steps to use the date that a change was added to the stream.
    </release-note>
    
  </release-notes>
</pluginInfo>