<?xml version="1.0" encoding="UTF-8"?><pluginInfo>

  <author name="IBM UrbanCode">
    <organization>UrbanCode</organization>
    <email>info@urbancode.com</email>
    <website>http://urbancode.com</website>
    <bio/>
  </author>

  <integration type="Integration"/>

  <tool-description/>

  <meta-html>
    <meta content="" name="description"/>
    <meta content="Deploy, DevOps Connect, Mobile, Approvals, Reporting" name="keywords"/>
  </meta-html>

  <!-- Do not change the release-version, the build process injects it. -->
  <release-version>10.907592</release-version>

    <release-notes>
        <release-note plugin-version="5">
            IBM UrbanCode Deploy plugin to make data available for the IBM UrbanCode Insights reporting tool.
            This will make application, environment, deployment information consumable for web-based dashboard reporting tool.
        </release-note>
        <release-note plugin-version="2">
            IBM UrbanCode Deploy plugin to make data available for the IBM UrbanCode Insights reporting tool.
            This will make application, environment, deployment information consumable for web-based dashboard reporting tool.
        </release-note>
        <release-note plugin-version="3">
            IBM UrbanCode Deploy plugin to make data available for the IBM UrbanCode Insights reporting tool.
            This will make applications, environments, deployment information consumable for web-based dashboard reporting tool.
        </release-note>
        <release-note plugin-version="4">
            IBM UrbanCode Deploy plugin to make data available for the IBM UrbanCode Insights reporting tool.
            This will make applications, environments, deployment information consumable for web-based dashboard reporting tool.
        </release-note>
        <release-note plugin-version="5">
            IBM UrbanCode Deploy plugin to make data available for the IBM UrbanCode Insights reporting tool.
            This will make applications, environments, deployment information consumable for web-based dashboard reporting tool.
        </release-note>
        <release-note plugin-version="6">
            IBM UrbanCode Deploy plugin to make data available for the IBM UrbanCode Insights reporting tool.
            This will make applications, environments, deployment information consumable for web-based dashboard reporting tool.
        </release-note>
        <release-note plugin-version="7">
            IBM UrbanCode Deploy plugin to make data available for the IBM UrbanCode Insights reporting tool.
            This will make applications, environments, deployment information consumable for web-based dashboard reporting tool.
        </release-note>
        <release-note plugin-version="8">
            IBM UrbanCode Deploy plugin to make data available for the IBM UrbanCode Insights reporting tool.
            This will make applications, environments, deployment information consumable for web-based dashboard reporting tool.
        </release-note>
        <release-note plugin-version="9">
            IBM UrbanCode Deploy plugin to make data available for the IBM UrbanCode Insights reporting tool.
            This will make applications, environments, deployment information consumable for web-based dashboard reporting tool.
        </release-note>
        <release-note plugin-version="10">
            IBM UrbanCode Deploy plugin to make data available for the IBM UrbanCode Insights reporting tool.
            This will make applications, environments, deployment information consumable for web-based dashboard reporting tool.
        </release-note>
    </release-notes>
</pluginInfo>