<?xml version="1.0" encoding="UTF-8"?>
<!-- 
====================================================================== 
@IBM.COPYRIGHT@

File name: configure_liberty_common_server.xml     

Defines configuration actions that exist at server scope
====================================================================== 
-->
<project default="default" basedir=".">
	<description>
		Common Configuration Automation for Websphere Liberty Server
	</description>

	<!-- import core first, in case any upstream .xml files didn't load it already  -->
	<import file="${RAFW_HOME}/product/lib/core.xml" />

	<!-- import promote_shared.xml since we will support promote mode for some actions -->
	<import file="${RAFW_HOME}/product/lib/promote_shared.xml" />

	<!-- import RAFW library -->
	<import file="${RAFW_HOME}/product/lib/RAFW_lib_shared.xml" />

	<import file="${RAFW_HOME}/product/lib/ant_utils.xml" />

	<!-- Import custom common targets  -->
	<import file="${RAFW_HOME}/user/actions/configure/liberty/common/server/custom_configure_liberty_common_server.xml" />

	<!-- Import custom common targets  -->
	<import file="${RAFW_HOME}/product/actions/configure/liberty/common/server/configure_liberty_server.xml" />

	<rafwaction name="liberty_common_configure_create_server" />
	<target name="liberty_common_configure_create_server"
	        depends="prepare_liberty_shell, liberty_scope_init"
	        description="Create a liberty server in a liberty profile">
		<if>
			<available file="${LIBERTY_PROFILE_HOME}/wlp/usr/servers/${LIBERTY_SERVER_SERVER_NAME}"
			           type="dir" />
			<then>
				<fail message="Server ${LIBERTY_SERVER_SERVER_NAME} already exists." />
			</then>
		</if>
		<exec dir="${LIBERTY_PROFILE_HOME}/wlp/bin"
		      executable="${EXECUTABLE_SHELL}"
		      failonerror="true">
			<arg line="${SHELL_SWITCH} '${CURRENT_FOLDER_PREFIX}server'" />
			<arg value="create" />
			<arg value="${LIBERTY_SERVER_SERVER_NAME}" />
		</exec>
		<for list="${LIBERTY_SERVERS}" param="SERVER" trim="true">
			<sequential>
				<if>
					<equals arg1="${LIBERTY_SERVER_SERVER_NAME}" arg2="@{SERVER}" />
					<then>
						<var name="exist" value="true" />
					</then>
					<else>
						<var name="exist" value="false" />
					</else>
				</if>
			</sequential>
		</for>
		<if>
			<not>
				<equals arg1="${exist}" arg2="true" />
			</not>
			<then>
				<updateserver operation="create"
				              scope="${RAFW_HOME}/user/environments/${ENVIRONMENT}/profiles/${CONFIGURATION}"
				              currentServer="${LIBERTY_SERVER_SERVER_NAME}" />
			</then>
		</if>
	</target>

	<rafwaction name="liberty_common_configure_delete_server" />
	<target name="liberty_common_configure_delete_server"
	        depends="prepare_shell, liberty_scope_init"
	        description="Delete a liberty server in a liberty profile">
		<if>
			<not>
				<available file="${LIBERTY_PROFILE_HOME}/wlp/usr/servers/${LIBERTY_SERVER_SERVER_NAME}"
				           type="dir" />
			</not>
			<then>
				<fail message="Server ${LIBERTY_SERVER_SERVER_NAME} does not exist." />
			</then>
		</if>
		<delete dir="${LIBERTY_PROFILE_HOME}/wlp/usr/servers/${LIBERTY_SERVER_SERVER_NAME}" />
		<updateserver operation="remove"
		              scope="${RAFW_HOME}/user/environments/${ENVIRONMENT}/profiles/${CONFIGURATION}"
		              currentServer="${LIBERTY_SERVER_SERVER_NAME}" />
	</target>

	<rafwaction name="liberty_common_configure_start_server" />
	<target name="liberty_common_configure_start_server"
	        depends="liberty_configure_start_server"
	        description="Start a liberty sever in a liberty profile">
	</target>

	<rafwaction name="liberty_common_configure_stop_server" />
	<target name="liberty_common_configure_stop_server"
	        depends="liberty_configure_stop_server"
	        description="Stop a liberty server in a liberty profile">
	</target>

	<rafwaction name="liberty_common_configure_server_status" />
	<target name="liberty_common_configure_server_status"
	        depends="liberty_configure_server_status"
	        description="Check the status of a liberty server">
	</target>

	<rafwaction name="liberty_common_configure_server_all"
	            comparemode="true"
	            importmode="true"
	            promotemode="true" />
	<target name="liberty_common_configure_server_all"
	        depends="liberty_configure_server_all"
	        description="Manage Server.xml config file in liberty server">
	</target>
</project>
