<?xml version="1.0" encoding="UTF-8"?><!--
- Licensed Materials - Property of IBM Corp.
- IBM UrbanCode Build
- IBM UrbanCode Deploy
- IBM UrbanCode Release
- IBM AnthillPro
- (c) Copyright IBM Corporation 2002, 2013. All Rights Reserved.
-
- U.S. Government Users Restricted Rights - Use, duplication or disclosure restricted by
- GSA ADP Schedule Contract with IBM Corp.
--><pluginInfo>

  <release-version>6.752852</release-version>

  <release-notes>
    <!--
      **release-note IS required**

      The plugin-version name must match the plugin version found in the plugin.xml file

      The release-note should document the changes, improvements, or bug fixes introduced
      with the new plugin version

      The release-note may contain text or reference a file in the plugin zip package

      For example your release note could be:
      Support for was added for version 10.0 for software X
      or
      releaseNotes/release1.html (where release1.html contains html formatted version information)
      -->

      <release-note plugin-version="2">
Installing this plugin will give you access to the steps listed below. These steps will be available for use when designing a Job.
      </release-note>
      <release-note plugin-version="3">
Installing this plugin will give you access to the Run Test Suite step. This step will be available for use in processes.
      </release-note>
      <release-note plugin-version="4">
Fixes APAR PI35342 - compatibility defect with IBM Urbancode Deploy version 6.1.0.4 and later.
      </release-note>
      <release-note plugin-version="5">
Improved error logging.
      </release-note>
      <release-note plugin-version="6">
Added RPX dependency and English translations
      </release-note>
  </release-notes>
</pluginInfo>