<?xml version="1.0" encoding="UTF-8"?><!--
- Licensed Materials - Property of IBM Corp.
- IBM UrbanCode Build
- (c) Copyright IBM Corporation 2012, 2014. All Rights Reserved.
-
- U.S. Government Users Restricted Rights - Use, duplication or disclosure restricted by
- GSA ADP Schedule Contract with IBM Corp.
--><pluginInfo>
  <!-- Do not change the release-version, the build process injects it. -->
  <release-version>5.752842</release-version>

  <release-notes>
    <!--
      **release-note IS required**

      The plugin-version name must match the plugin version found in the plugin.xml file

      The release-note should document the changes, improvements, or bug fixes introduced
      with the new plugin version

      The release-note may contain text or reference a file in the plugin zip package

      For example your release note could be:
      Support for was added for version 10.0 for software X
      or
      releaseNotes/release1.html (where release1.html contains html formatted version information)
      -->

    <release-note plugin-version="1">
Install this plugin to be able to use the Visual Studio step when designing jobs.
    </release-note>
    <release-note plugin-version="2">
Install this plugin to be able to use the Visual Studio step when designing jobs.
    </release-note>
    <release-note plugin-version="3">
Minor updates to the step to allow it to print out the log from the build even after a build failure
    </release-note>
    <release-note plugin-version="4">
Add a default command. Fix logic around determining if we need to add 'devenv' to a user-specified command path
    </release-note>
    <release-note plugin-version="5">Added RPX dependency and English translations</release-note>
  </release-notes>
</pluginInfo>