<?xml version="1.0" encoding="UTF-8"?>

<!-- 
====================================================================== 
Licensed Materials - Property of IBM Corp. 
IBM Middleware Configuration for WebSphere 
(c) Copyright IBM Corporation 2003, 2013. All Rights Reserved.   

U.S. Government Users Restricted Rights - Use, duplication or disclosure restricted by 
GSA ADP Schedule Contract with IBM Corp. 


File name: configure_was_since_61.xml     

This file contains actions that are available at all scopes (cell, node, server, cluster)
These actions support features which were added in WAS6.1
The actions apply to WAS6.1 and higher.

This file depends on actions defined in configure_was_common.xml
====================================================================== 
-->

<project default="default" basedir=".">
	<description>
	  Contains actions that are available at all scopes (cell, node, server, cluster)
	  These actions support features which were added in WAS6.1 and apply to WAS6.1 and higher.
	</description>

	<rafwaction name="was_common_configure_server_diagnostic_service"
	            augmentmode="false"
	            comparemode="true"
	            importmode="true"
	            promotemode="true" />
	<target name="was_common_configure_server_diagnostic_service"
	        description="Manages the Diagnostic Provider Service for servers">
		<antcall target="manage_server_config_type">
			<param name="ECHO_PREFIX" value="Diagnostic Provider Service" />
			<param name="CONFIG_TYPE" value="DiagnosticProviderService" />
			<param name="TASK_NAME" value="was_common_configure_server_diagnostic_service" />
		</antcall>
	</target>

	<target name="was_common_configure_server_event_infrastructure_service"
	        description="Manages the Event Infrastructure Service for servers">
		<antcall target="manage_server_config_type">
			<param name="ECHO_PREFIX" value="Event Infrastructure Service" />
			<param name="CONFIG_TYPE" value="EventInfrastructureService" />
			<param name="TASK_NAME"
			       value="was_common_configure_server_event_infrastructure_service" />
		</antcall>
	</target>

	<target name="was_common_configure_server_sib_service"
	        description="Manages the SIB Service for servers">
		<antcall target="manage_server_config_type">
			<param name="ECHO_PREFIX" value="SIB Service" />
			<param name="CONFIG_TYPE" value="SIBService" />
			<param name="TASK_NAME" value="was_common_configure_server_sib_service" />
		</antcall>
	</target>
	
	<rafwaction name="was_common_configure_server_sip_proxy_server"
	            augmentmode="false"
	            comparemode="true"
	            importmode="true"
	            promotemode="true" />
	<target name="was_common_configure_server_sip_proxy_server"
	        description="Manages the SIP Proxy Settings for proxy servers">
		<antcall target="manage_server_config_type">
			<param name="ECHO_PREFIX" value="SIP Proxy Settings" />
			<param name="CONFIG_TYPE" value="SIPProxySettings" />
			<param name="TASK_NAME" value="was_common_configure_server_sip_proxy_server" />
		</antcall>
	</target>
	
</project>
