<?xml version="1.0" encoding="UTF-8"?>
<!--
- Licensed Materials - Property of IBM Corp.
- IBM UrbanCode Release
- (c) Copyright IBM Corporation 2014. All Rights Reserved.
-
- U.S. Government Users Restricted Rights - Use, duplication or disclosure restricted by
- GSA ADP Schedule Contract with IBM Corp.
-->
<template>
    <name>DeploymentSummaryReport</name>
    <body>
      <![CDATA[
      ## BEGIN SECTION Subject
Deployment Summary Report
      ## END SECTION Subject
      ## BEGIN SECTION Body
      ## PROPERTY Content-Type: text/html

<style media="print">
   div.noPrint {display:none;}
   a.noPrint {display:none;}
</style>

<style media="screen">
   div.noPrint {display: inline-block; width: 100%; height: 1px; margin-bottom: 200px;}
</style>

<div style="${bodyContainer}">

  <div class="noPrint" id="cantViewLink" style="margin: 5px;">Can't see images?  View here... <a href="${reportUrl}">Deployment Summary Report</a></div>

  <script type="text/javascript">
    document.getElementById("cantViewLink").innerHTML = "";
  </script>

  #set ($sdNum = 0)

  <script type="text/javascript" src="https://www.gstatic.com/charts/loader.js"></script>
  #foreach( $sd in ${sds} )

    #if (${sdNum} > 0)
      <div class="noPrint" style=""></div>
      <div style="page-break-after:always;"></div>
    #else
    #end
    <div style="display: inline-block; width: 100%;">

      #set ($sdNumLabel = $sdNum + 1)
      #set ($sdSize = $sds.size())
      <h2>Deployment Summary Report ${sdNumLabel} of ${sdSize}</h1>

      <div style="width: 95%;">
        <h3 style="float:left; min-width: 51%; margin-top:0px">${sd.general.formattedDate} <a class="noPrint" href="${sd.general.link}">(view)</a></h3>
        <h3 style="float:right; margin-top:0px; color:${sd.general.statusColor};">${sd.general.status}</h3>
      </div>
      <div style="width: 95%;">
        <h3 style="float:left; min-width: 51%; margin-top:0px">${sd.general.name}</h2>
        <h3 style="float:right; margin-top:0px">${sd.general.team}</h2>
      </div>

      #if (${sd.general.eventId})
        <div style="text-align: center; width:95%; display: inline-block; padding: 5px; background-color: #f7edbb;">Participating in Deployment Event: <span style="font-weight: bold">${sd.general.eventName}</span></div>
      #end

      <div style="${leftPanelStyle} ${darkbg}">
        <div style="${panelTitle}">Deployment Overview</div>


        <table style="${tableStyle}">

          <tr style="${trStyle}">
            <td style="${td-altStyle} font-size: 18px;">Planned Duration</td>
            <td style="${tdStyle} font-size: 18px;">${sd.overview.plannedDuration}</td>
          </tr>

          <tr style="${trStyle}">
            <td style="${td-altStyle} font-size: 18px;">Actual Duration</td>
            <td style="${tdStyle} font-size: 18px;">${sd.overview.actualDuration}</td>
          </tr>

          <tr style="${trStyle}">
            <td style="${td-altStyle} font-size: 18px;">Number of Manual Tasks</td>
            <td style="${tdStyle} font-size: 18px;">${sd.overview.manualCount}</td>
          </tr>

          <tr style="${trStyle}">
            <td style="${td-altStyle} font-size: 18px;">Number of Failed Tasks</td>
            <td style="${tdStyle} font-size: 18px;">${sd.overview.failedCount} (${sd.overview.unresolvedCount} unresolved)</td>
          </tr>

        </table>




      </div>

      <div style="${rightPanelStyle} ${lightbg}">
        <div style="${panelTitle}">Planned Duration vs Actual Duration</div>


        <div id="plannedVsActual-${sdNum}" style="margin"></div>

        <script type="text/javascript">
          google.charts.load('current', {'packages':['bar']});
          google.charts.setOnLoadCallback(drawStuff);

          function drawStuff() {
            var data = new google.visualization.arrayToDataTable([
              ['', 'Minutes'],
              ["Planned", ${sd.overview.plannedDurationMin}],
              ["Actual", ${sd.overview.actualDurationMin}],
            ]);

            var options = {
              title: 'Planned vs Actual Duration (minutes)',
              height: 250,
              legend: { position: 'none' },
              backgroundColor: { fill:'transparent' },
              chartArea: {'width': '85%', 'height': '80%'},
              bar: { groupWidth: "70%" },
              vAxis: {
                minValue: 0
              }
            };

            var chart = new google.visualization.ColumnChart(document.getElementById('plannedVsActual-${sdNum}'));
            chart.draw(data, options);
          };
        </script>

      </div>

      <div style="page-break-after:always;"></div>

      <div style="${leftPanelStyle} ${lightbg} text-align:center">
        <div style="${panelTitle}">Failed Tasks by Role</div>

        #if(${sd.overview.failedCount} > 0)
          <div id="errorsByRole-${sdNum}" style="margin"></div>

          <script type="text/javascript">
            google.charts.load('current', {'packages':['bar']});
            google.charts.setOnLoadCallback(drawStuff2);

            function drawStuff2() {
              var data2 = new google.visualization.arrayToDataTable(${sd.overview.failuresByRoleGraph});

              var options2 = {
                title: 'Failed Tasks By Role',
                height: 270,
                width: 470,
                legend: { position: 'none' },
                backgroundColor: { fill: 'transparent' },
                chartArea: {'width': '85%', 'height': '70%'},
                bar: { groupWidth: "50%" },
                vAxis: {
                  minValue: 0
                }
              };

              var chart2 = new google.visualization.ColumnChart(document.getElementById('errorsByRole-${sdNum}'));
              chart2.draw(data2, options2);
            };
          </script>
        #else
          <div id="errorsByRole-${sdNum}" style="width: 100%; text-align: center; ">No Task Failed</div>
        #end
      
        
        

      </div>

      <div style="${rightPanelStyle} ${darkbg}">
        <div style="${panelTitle}">Manual Tasks vs Automated</div>

        <div id="manualVsAutomated-${sdNum}" style="margin"></div>

        <script type="text/javascript">
          google.charts.load('current', {'packages':['bar']});
          google.charts.setOnLoadCallback(drawStuff);

          function drawStuff() {
            var data = new google.visualization.arrayToDataTable([
              ['Type', 'Count'],
              ["Automated", ${sd.overview.automatedCount}],
              ["Manual", ${sd.overview.manualCount}],
            ]);

            var options = {
              title: 'Manual vs Automated',
              height: 250,
              legend: { position: 'none' },
              backgroundColor: { fill:'transparent' },
              chartArea: {'width': '85%', 'height': '80%'},
              bar: { groupWidth: "70%" },
              vAxis: {
                minValue: 0,
              }
            };

            var chart = new google.visualization.ColumnChart(document.getElementById('manualVsAutomated-${sdNum}'));
            chart.draw(data, options);
          };
        </script>
      </div>

      <div style="width: 96%;">

        <table style="${tableStyle}">
          <tr style="${trStyle}">
            <th style="${thStyle}">Task with failure</th>
            <th style="${thStyle}">Final Status</th>
            <th style="${thStyle}">Owner</th>
            <th style="${thStyle}">Late</th>
          </tr>

          #set ($rowNum = 0)

          #set ($rowNum = $rowNum + 1)

          #if($rowNum % 2 == 0)
            #set ($rowStyle = $tdStyle)
          #else
            #set ($rowStyle = $td-altStyle)
          #end

          #foreach( $task in ${sd.overview.failedTasks} )
            #set ($rowNum = $rowNum + 1)

            #if($rowNum % 2 == 0)
              #set ($rowStyle = $tdStyle)
            #else
              #set ($rowStyle = $td-altStyle)
            #end

            <tr style="${trStyle}">
              <td style="${rowStyle}">${task.name}</td>
              <td style="${rowStyle}">${task.status}</td>
              <td style="${rowStyle}">${task.owner}</td>
              <td style="${rowStyle}">${task.lateMessage}</td>
            </tr>
          #end

        </table>

      </div>



      <div style="${leftPanelStyle} ${darkbg}">
        <div style="${panelTitle}">Tasks Over Expected Duration</div>

        <div id="lateByDuration-${sdNum}"></div>

        <script type="text/javascript">
        // Load google charts
        google.charts.load('current', {'packages':['corechart']});
        google.charts.setOnLoadCallback(drawChart);

        // Draw the chart and set the chart values
        function drawChart() {
          var data = google.visualization.arrayToDataTable(${sd.overview.tasksOverDurationGraph});

          // Optional; add a title and set the width and height of the chart
          var options = {'width':400, 'height':265, backgroundColor: { fill:'transparent' }, slices: {
                0: { color: 'green' },
                1: { color: 'blue' },
                2: { color: 'gold' },
                3: { color: 'orange' },
                4: { color: 'red' }
              }};

          // Display the chart inside the <div> element with id="piechart"
          var chart = new google.visualization.PieChart(document.getElementById('lateByDuration-${sdNum}'));
          chart.draw(data, options);
        }
        </script>

      </div>

      <div style="${rightPanelStyle} ${lightbg}">
        <div style="${panelTitle}">Tasks Finished Late By Schedule</div>


        <div id="lateBySchedule-${sdNum}"></div>


        <script type="text/javascript">
        // Load google charts
        google.charts.load('current', {'packages':['corechart']});
        google.charts.setOnLoadCallback(drawChart);

        // Draw the chart and set the chart values
        function drawChart() {
          var data = google.visualization.arrayToDataTable(${sd.overview.lateByScheduleGraph});

          // Optional; add a title and set the width and height of the chart
          var options = {'width':400, 'height':265, backgroundColor: { fill:'transparent' }, slices: {
                0: { color: 'green' },
                1: { color: 'blue' },
                2: { color: 'gold' },
                3: { color: 'orange' },
                4: { color: 'red' }
              }};

          // Display the chart inside the <div> element with id="piechart"
          var chart = new google.visualization.PieChart(document.getElementById('lateBySchedule-${sdNum}'));
          chart.draw(data, options);
        }
        </script>

      </div>
    </div>
    #set ($sdNum = $sdNum + 1)
  #end
</div>
      ## END SECTION Body
      ]]>
    </body>
    <description>Deployment Report</description>
    <content-type>text/html</content-type>
</template>