<?xml version="1.0" encoding="UTF-8"?>
<!--
- Licensed Materials - Property of IBM Corp.
- IBM UrbanCode Release
- (c) Copyright IBM Corporation 2014. All Rights Reserved.
-
- U.S. Government Users Restricted Rights - Use, duplication or disclosure restricted by
- GSA ADP Schedule Contract with IBM Corp.
-->
<template>
    <name>DeploymentTrendReport</name>
    <body>
      <![CDATA[
      ## BEGIN SECTION Subject
Deployment Trend Report
      ## END SECTION Subject
      ## BEGIN SECTION Body
      ## PROPERTY Content-Type: text/html

<span style="font-family: Arial;">

<div class="noPrint" id="cantViewLink" style="margin: 5px;">Can't see images?  View here... <a href="${reportUrl}">Deployment Trend Report</a></div>

<script type="text/javascript">
document.getElementById("cantViewLink").innerHTML = "";
</script>

<h1>Deployment Trend Report</h1>

#set ($rowNum = 0)

#foreach( $deploymentPlan in ${deploymentPlans} )

<div style="${subHeadingStyle} margin-bottom: 10px;">${deploymentPlan.name}</div>

<table style="${tableStyle}">
      <tr style="${trStyle}">
            <th>&nbsp</th>
            #set ($colNum = 0)
            #foreach( $deployment in ${deploymentPlan.deployments} )
                  #set ($colNum = $colNum + 1)
                  #if($colNum % 2 == 0)
                        #set ($rowStyle = $tdStyle)
                  #else
                        #set ($rowStyle = $td-altStyle)
                  #end
                  <td style="${rowStyle}">
                        <a href="${deployment.url}">${deployment.date}</a>
                  </td>
            #end
      </tr>
      <tr style="${trStyle}">
            <th style="${thStyle}">Release</th>
            #set ($colNum = 0)
            #foreach( $deployment in ${deploymentPlan.deployments} )
                  #set ($colNum = $colNum + 1)
                  #if($colNum % 2 == 0)
                        #set ($rowStyle = $tdStyle)
                  #else
                        #set ($rowStyle = $td-altStyle)
                  #end
                  <td style="${rowStyle}">
                        ${deployment.release}
                  </td>
            #end
      </tr>
      <tr style="${trStyle}">
            <th style="${thStyle}">Environment</th>
            #set ($colNum = 0)
            #foreach( $deployment in ${deploymentPlan.deployments} )
                  #set ($colNum = $colNum + 1)
                  #if($colNum % 2 == 0)
                        #set ($rowStyle = $tdStyle)
                  #else
                        #set ($rowStyle = $td-altStyle)
                  #end
                  <td style="${rowStyle}">
                        ${deployment.env}
                  </td>
            #end
      </tr>
      <tr style="${trStyle}">
            <th style="${thStyle}">Status</th>
            #set ($colNum = 0)
            #foreach( $deployment in ${deploymentPlan.deployments} )
                  #set ($colNum = $colNum + 1)
                  #if($colNum % 2 == 0)
                        #set ($rowStyle = $tdStyle)
                  #else
                        #set ($rowStyle = $td-altStyle)
                  #end
                  <td style="${rowStyle}">
                        ${deployment.status}
                  </td>
            #end
      </tr>
      <tr style="${trStyle}">
            <th style="${thStyle}">Planned Duration</th>
            #set ($colNum = 0)
            #foreach( $deployment in ${deploymentPlan.deployments} )
                  #set ($colNum = $colNum + 1)
                  #if($colNum % 2 == 0)
                        #set ($rowStyle = $tdStyle)
                  #else
                        #set ($rowStyle = $td-altStyle)
                  #end
                  <td style="${rowStyle}">
                        ${deployment.plannedDuration}
                  </td>
            #end
      </tr>
      <tr style="${trStyle}">
            <th style="${thStyle}">Actual Duration</th>
            #set ($colNum = 0)
            #foreach( $deployment in ${deploymentPlan.deployments} )
                  #set ($colNum = $colNum + 1)
                  #if($colNum % 2 == 0)
                        #set ($rowStyle = $tdStyle)
                  #else
                        #set ($rowStyle = $td-altStyle)
                  #end
                  <td style="${rowStyle}">
                        ${deployment.actualDuration}
                  </td>
            #end
      </tr>
      <tr style="${trStyle}">
            <th style="${thStyle}">Automated %</th>
            #set ($colNum = 0)
            #foreach( $deployment in ${deploymentPlan.deployments} )
                  #set ($colNum = $colNum + 1)
                  #if($colNum % 2 == 0)
                        #set ($rowStyle = $tdStyle)
                  #else
                        #set ($rowStyle = $td-altStyle)
                  #end
                  <td style="${rowStyle}">
                        ${deployment.manAuto.automated}/${deployment.manAuto.total} automated (${deployment.manAuto.percent}%)
                  </td>
            #end
      </tr>
      <tr style="${trStyle}">
            <th style="${thStyle}">Versions</th>
            #set ($colNum = 0)
            #foreach( $deployment in ${deploymentPlan.deployments} )
                  #set ($colNum = $colNum + 1)
                  #if($colNum % 2 == 0)
                        #set ($rowStyle = $tdStyle)
                  #else
                        #set ($rowStyle = $td-altStyle)
                  #end
                  <td style="${rowStyle}">
                        ${deployment.versionCount} Application Versions
                  </td>
            #end
      </tr>

      #if (${deploymentPlan.tagNamesToColors.keySet().size()} > 0)

            #set ($colspan = ${deploymentPlan.tagNamesToColors.keySet().size()} + 1)
            <tr>
                  <th colspan="${colspan}" style="${taskCountsLabel}" >Task Counts by Tags</th>
            </tr>

            #foreach( $taskTagName in ${deploymentPlan.tagNamesToColors.keySet()} )
                  <tr style="${trStyle}">
                        <th style="${thStyleTags}"><div style="width:10px; height:10px; background-color: ${deploymentPlan.tagNamesToColors.get($taskTagName)}; display: inline-block;"></div> <span>${taskTagName}</span></th>
                  
                        #set ($colNum = 0)
                        #foreach( $deployment in ${deploymentPlan.deployments} )
                              #set ($colNum = $colNum + 1)
                              #if($colNum % 2 == 0)
                                    #set ($rowStyle = $tdStyle)
                              #else
                                    #set ($rowStyle = $td-altStyle)
                              #end
                              <td style="${rowStyle}">
                                    #if (${deployment.tasksByTags.get($taskTagName).get("count")})
                                          ${deployment.tasksByTags.get($taskTagName).get("count")} tasks
                                    #else
                                          0 tasks
                                    #end
                              </td>
                        #end
                  
                  </tr>
            #end
      #end
</table>



<script type="text/javascript" src="https://www.gstatic.com/charts/loader.js"></script>
<script type = "text/javascript">
      google.charts.load('current', {packages: ['corechart']});     
</script>

<div style="display: inline-block;">
      <div style="${panelTitle}">Manual vs Automated Tasks</div>

      <div id="manualAutomatic-${rowNum}"></div>

      <script type="text/javascript">
      
            google.charts.load("current", {packages:['corechart']});
            google.charts.setOnLoadCallback(drawChart);

            function drawChart() {
                  var data = google.visualization.arrayToDataTable(${deploymentPlan.manAutoGraph});

                  var options = {
                        width: 600,
                        height: 400,
                        legend: { position: 'bottom', maxLines: 3 },
                        bar: { groupWidth: '75%' },
                        isStacked: true,
                  };

                  var chart = new google.visualization.ColumnChart(document.getElementById('manualAutomatic-${rowNum}'));
                  chart.draw(data, options);
            };
      </script>

</div>

<div style="display: inline-block; padding-top: 10px;">
      <div style="${panelTitle}">Planned vs Actual Duration</div>

      <div id="plannedVsActual-${rowNum}"></div>

      <script type="text/javascript">
      
            google.charts.load("current", {packages:['corechart']});
            google.charts.setOnLoadCallback(drawChart2);

            function drawChart2() {
                  var data = google.visualization.arrayToDataTable(${deploymentPlan.plannedVsActualGraph});

                  var options = {
                        legend: { position: 'bottom' },
                        width: 600,
                        height: 400
                  };

                  var chart = new google.visualization.LineChart(document.getElementById('plannedVsActual-${rowNum}'));
                  chart.draw(data, options);
            };
      </script>

</div>

#set ($rowNum = $rowNum + 1)

<div style="${spacerStyle}"></div>
<div style="page-break-after:always;"></div>
#end
</span>
      ## END SECTION Body
      ]]>
    </body>
    <description>Deployment Report</description>
    <content-type>text/html</content-type>
</template>