<?xml version="1.0" encoding="UTF-8" standalone="no"?>
<!--
- Licensed Materials - Property of IBM Corp.
- IBM UrbanCode Deploy
- (c) Copyright IBM Corporation 2015, 2018. All Rights Reserved.
-
- U.S. Government Users Restricted Rights - Use, duplication or disclosure restricted by
- GSA ADP Schedule Contract with IBM Corp.
-->
<plugin-upgrade xmlns="http://www.urbancode.com/UpgradeXMLSchema_v1" xmlns:server="http://www.urbancode.com/PluginServerXMLSchema_v1" xmlns:xsi="http://www.w3.org/2001/XMLSchema-instance">
  <!-- The purpose of plugin.xml is to provide upgrade paths when the plugin version is changed.
       If the upgrade paths are specified correctly, users will be upgraded to the new version
       without interruption. -->
  <migrate to-version="2">
      <migrate-command name="Import"/>
      <migrate-command name="Export"/>
  </migrate>
  <migrate to-version="3">
      <migrate-command name="Import"/>
      <migrate-command name="Export"/>
  </migrate>
  <migrate to-version="4">
  </migrate>
  <migrate to-version="5">
    <migrate-command name="Import"/>
    <migrate-command name="Export"/>
  </migrate>
  <migrate to-version="6">
    <migrate-command name="Import">
      <migrate-properties>
        <migrate-property name="password"/>
      </migrate-properties>
    </migrate-command>
    <migrate-command name="Export">
      <migrate-properties>
        <migrate-property name="password"/>
      </migrate-properties>
    </migrate-command>
  </migrate>
  <migrate to-version="7">
    <migrate-command name="Import">
      <migrate-properties>
        <migrate-property name="targetDir" default=""/>
        <migrate-property name="overwriteSpec" default=""/>
      </migrate-properties>
    </migrate-command>
    <migrate-command name="Export">
      <migrate-properties>
        <migrate-property name="overwriteSpec" default=""/>
      </migrate-properties>
    </migrate-command>
  </migrate>
  <migrate to-version="8">
  </migrate>
  <migrate to-version="9">
  </migrate>
  <migrate to-version="10">
  </migrate>
  <migrate to-version="11">
  </migrate>
</plugin-upgrade>
