<?xml version="1.0" encoding="UTF-8" standalone="no"?>
<!--
- Licensed Materials - Property of IBM Corp.
- IBM UrbanCode Build
- (c) Copyright IBM Corporation 2012, 2014. All Rights Reserved.
-
- U.S. Government Users Restricted Rights - Use, duplication or disclosure restricted by
- GSA ADP Schedule Contract with IBM Corp.
--><pluginInfo xmlns="http://www.urbancode.com/InfoXMLSchema_v1" xmlns:server="http://www.urbancode.com/PluginServerXMLSchema_v1" xmlns:xsi="http://www.w3.org/2001/XMLSchema-instance">

  <!-- Do not change the release-version, the build process injects it. -->
  <release-version>11.1023828</release-version>

  <release-notes>
    <!--
      **release-note IS required**

      The plugin-version name must match the plugin version found in the plugin.xml file

      The release-note should document the changes, improvements, or bug fixes introduced
      with the new plugin version

      The release-note may contain text or reference a file in the plugin zip package

      For example your release note could be:
      Support for was added for version 10.0 for software X
      or
      releaseNotes/release1.html (where release1.html contains html formatted version information)
      -->

    <release-note plugin-version="1">
      Installing this plugin will give you access to the Subversion commands listed below. These steps will be available for use when designing a Job.
    </release-note>

    <release-note plugin-version="2">
      Added an isSvnRepo property to determine if the supplied repository is a single repository or a collection of repositories
    </release-note>

    <release-note plugin-version="3">
      Added an isSvnRepo property to determine if the supplied repository is a single repository or a collection of repositories
    </release-note>

    <release-note plugin-version="4">
      Update to a newer version of a library for HTTP communication.
    </release-note>

    <release-note plugin-version="5">
      Fixed an issue where communication with the UrbanCode Build server would fail if it was running with an IBM JDK/JRE.
    </release-note>

    <release-note plugin-version="6">
      Fixed an issue when a tag is copied from a branch, change logs in that branch are not listed as changes for its path does not match the tag path
    </release-note>

    <release-note plugin-version="7">
      Added RPX dependency and English translations
    </release-note>

    <release-note plugin-version="8">
      Fix how the copyfrom-path attribute is parsed in the Changelog step
    </release-note>

    <release-note plugin-version="9">
      Add Windows wget example to Subversion repository triggers
    </release-note>

    <release-note plugin-version="10">
      Add support for encrypted input and output properties
    </release-note>

    <release-note plugin-version="11">
Support property file encryption.
    </release-note>
  </release-notes>
</pluginInfo>
