<?xml version="1.0" encoding="UTF-8"?>
<!--
- Licensed Materials - Property of IBM Corp.
- IBM UrbanCode Release
- (c) Copyright IBM Corporation 2014. All Rights Reserved.
-
- U.S. Government Users Restricted Rights - Use, duplication or disclosure restricted by
- GSA ADP Schedule Contract with IBM Corp.
-->
<template>
    <name>DeploymentTrendReport</name>
    <body>
      <![CDATA[
      ## BEGIN SECTION Subject
Deployment Trend Report
      ## END SECTION Subject
      ## BEGIN SECTION Body
      ## PROPERTY Content-Type: text/html
<h1>Deployment Trend Report</h1>

#foreach( $deploymentPlan in ${deploymentPlans} )
<div style="${subHeadingStyle} margin-bottom: 10px;">${deploymentPlan.name}</div>

<table style="${tableStyle}">
      <tr style="${trStyle}">
            <th>&nbsp</th>
            #set ($colNum = 0)
            #foreach( $deployment in ${deploymentPlan.deployments} )
                  #set ($colNum = $colNum + 1)
                  #if($colNum % 2 == 0)
                        #set ($rowStyle = $tdStyle)
                  #else
                        #set ($rowStyle = $td-altStyle)
                  #end
                  <td style="${rowStyle}">
                        <a href="${deployment.url}">${deployment.date}</a>
                  </td>
            #end
      </tr>
      <tr style="${trStyle}">
            <th style="${thStyle}">Release</th>
            #set ($colNum = 0)
            #foreach( $deployment in ${deploymentPlan.deployments} )
                  #set ($colNum = $colNum + 1)
                  #if($colNum % 2 == 0)
                        #set ($rowStyle = $tdStyle)
                  #else
                        #set ($rowStyle = $td-altStyle)
                  #end
                  <td style="${rowStyle}">
                        ${deployment.release}
                  </td>
            #end
      </tr>
      <tr style="${trStyle}">
            <th style="${thStyle}">Environment</th>
            #set ($colNum = 0)
            #foreach( $deployment in ${deploymentPlan.deployments} )
                  #set ($colNum = $colNum + 1)
                  #if($colNum % 2 == 0)
                        #set ($rowStyle = $tdStyle)
                  #else
                        #set ($rowStyle = $td-altStyle)
                  #end
                  <td style="${rowStyle}">
                        ${deployment.env}
                  </td>
            #end
      </tr>
      <tr style="${trStyle}">
            <th style="${thStyle}">Status</th>
            #set ($colNum = 0)
            #foreach( $deployment in ${deploymentPlan.deployments} )
                  #set ($colNum = $colNum + 1)
                  #if($colNum % 2 == 0)
                        #set ($rowStyle = $tdStyle)
                  #else
                        #set ($rowStyle = $td-altStyle)
                  #end
                  <td style="${rowStyle}">
                        ${deployment.status}
                  </td>
            #end
      </tr>
      <tr style="${trStyle}">
            <th style="${thStyle}">Planned Duration</th>
            #set ($colNum = 0)
            #foreach( $deployment in ${deploymentPlan.deployments} )
                  #set ($colNum = $colNum + 1)
                  #if($colNum % 2 == 0)
                        #set ($rowStyle = $tdStyle)
                  #else
                        #set ($rowStyle = $td-altStyle)
                  #end
                  <td style="${rowStyle}">
                        ${deployment.plannedDuration}
                  </td>
            #end
      </tr>
      <tr style="${trStyle}">
            <th style="${thStyle}">Actual Duration</th>
            #set ($colNum = 0)
            #foreach( $deployment in ${deploymentPlan.deployments} )
                  #set ($colNum = $colNum + 1)
                  #if($colNum % 2 == 0)
                        #set ($rowStyle = $tdStyle)
                  #else
                        #set ($rowStyle = $td-altStyle)
                  #end
                  <td style="${rowStyle}">
                        ${deployment.actualDuration}
                  </td>
            #end
      </tr>
      <tr style="${trStyle}">
            <th style="${thStyle}">Automated %</th>
            #set ($colNum = 0)
            #foreach( $deployment in ${deploymentPlan.deployments} )
                  #set ($colNum = $colNum + 1)
                  #if($colNum % 2 == 0)
                        #set ($rowStyle = $tdStyle)
                  #else
                        #set ($rowStyle = $td-altStyle)
                  #end
                  <td style="${rowStyle}">
                        ${deployment.manAuto.automated}/${deployment.manAuto.total} automated (${deployment.manAuto.percent}%)
                  </td>
            #end
      </tr>
      <tr style="${trStyle}">
            <th style="${thStyle}">Verions</th>
            #set ($colNum = 0)
            #foreach( $deployment in ${deploymentPlan.deployments} )
                  #set ($colNum = $colNum + 1)
                  #if($colNum % 2 == 0)
                        #set ($rowStyle = $tdStyle)
                  #else
                        #set ($rowStyle = $td-altStyle)
                  #end
                  <td style="${rowStyle}">
                        ${deployment.versionCount} Application Versions
                  </td>
            #end
      </tr>
</table>

<div style="${spacerStyle}"></div>
#end

<br><br><br>
      ## END SECTION Body
      ]]>
    </body>
    <description>Deployment Report</description>
    <content-type>text/html</content-type>
</template>