<?xml version="1.0" encoding="UTF-8"?>
<!--
- Licensed Materials - Property of IBM Corp.
- IBM UrbanCode Release
- (c) Copyright IBM Corporation 2014. All Rights Reserved.
-
- U.S. Government Users Restricted Rights - Use, duplication or disclosure restricted by
- GSA ADP Schedule Contract with IBM Corp.
-->
<template>
    <name>GlobalReleaseStatus</name>
    <body>
      <![CDATA[
      ## BEGIN SECTION Subject
Global Release Status: $startWeekDate - $endWeekDate
      ## END SECTION Subject
      ## BEGIN SECTION Body
      ## PROPERTY Content-Type: text/html
<h1>Global Release Status</h1>
<h2>Production Deployments: $startWeekDate - $endWeekDate</h2>
<caption>(<span ${majorStyle}>&nbsp;&nbsp;&nbsp;</span>= Major Release)</caption>
<table ${tableStyle}>
  <tr>
    <th ${thStyle}>Team</th>
    <th ${thStyle}>Release Name</th>
    <th ${thStyle}>Application Teams</th>
    <th ${thStyle}>Start Time</th>
    <th ${thStyle}>End Time</th>
    <th ${thStyle}>Description</th>
    <th ${thStyle}>Status</th>
  </tr>
#foreach( $sd in $weeklyDeployments )
#if ( ${sd.release.lifecycleModel.name} == "Sample Major Release" )
  <tr ${majorStyle}>
#else
  <tr>
#end
    <td ${tdStyle}>${sd.release.team.name}</td>
    <td ${tdStyle}>${sd.release.name}</td>
    <td ${tdStyle}>${sd.release.applicationTeamNames}</td>
    <td ${tdStyle}>${timeFormat.format(${EmailUtils.longToDate(${sd.scheduledDate})})}</td>
    <td ${tdStyle}>
        #if (${sd.endTimeOverride})
        ${timeFormat.format(${EmailUtils.longToDate(${sd.endTimeOverride})})}
        #end
    </td>
    <td ${tdStyle}>${EmailUtils.linesToBreaks(${sd.release.description})}</td>
    <td ${tdStyle}>${sd.deploymentExecution.status}</td>
  </tr>
#end
</table>
<br><br><br>
      ## END SECTION Body
      ]]>
    </body>
    <description>Deployment Report</description>
    <content-type>text/html</content-type>
</template>