<?xml version="1.0" encoding="UTF-8" standalone="no"?>
<!--
- Licensed Materials - Property of IBM* and/or HCL**
- UrbanCode Deploy
- UrbanCode Build
- UrbanCode Release
- AnthillPro
- (c) Copyright IBM Corporation 2011, 2017. All Rights Reserved.
- (c) Copyright HCL Technologies Ltd. 2018, 2019. All Rights Reserved.
-
- U.S. Government Users Restricted Rights - Use, duplication or disclosure restricted by
- GSA ADP Schedule Contract with IBM Corp.
-
- * Trademark of International Business Machines
- ** Trademark of HCL Technologies Limited
--><pluginInfo>
  <!--

  **author name IS required**

  The Author Section is used to give credit to the author of the plugin.
  Name is the only required element/attribute, but feel free to also include your email,
  website  or bio to allow users of your plugin to praise your work, ask questions
  or share their use case to help grow your plugin's functionality.
  -->

  <author name="UrbanCode">
    <organization>UrbanCode</organization>
    <email>info@urbancode.com</email>
    <website>http://urbancode.com</website>
    <bio/>
  </author>

  <!--

  **intergration type IS Required**

  The integration type section identifies where the plugin fits into the process
  excepted types are SCM, Build, Artifact, Automation, Deploy

  For example:

  The plugin pulls Artifacts from an artifact repository during deployment
  the Type would be "Artifact"
  or
  The plugin deploys to a middleware server
  the Type would be "Deploy"
  -->

  <integration type="Source"/>


  <!--
  **source is NOT required**

  The source section identifies the location of the plugin source code
  For example
  https://github.com/...
  -->
  <!--
  <source url=""/>
  -->
  <!--
  **license type is NOT required**

  If your plugin uses any licensed software please acknowledge it by
  listing the license type below
  -->
  <!--
  <licenses>
    <license type=""/>
  </licenses>
  -->
  <!--
  **tool-description IS required**

  The tool-description section is used to summarize the software
  the plugin was created to integrate with.

  For example:
  Apache Ant is a software tool to automate software processes during the build or
  deployment of an application. Ant uses an propitiatory XML file to define build
  and/or deployment steps(referred to as targets by ant) . The Ant executable is
  called to execute the targets in the build.xml.
  -->

  <tool-description>
  Apache Maven is a software project management and comprehension tool.
  Based on the concept of a project object model (POM), Maven can manage a project's build,
  reporting and documentation from a central piece of information.
  </tool-description>

  <!--
  **related-info is NOT required**

  The releated-info section is used to define links which may be useful to users of the plugin
  but don't fall into the release-notes or tool-description section.

  For example: releated-info can be links to pdf documentation, help videos related to plugin setup or the product's
  website.

  excepted values for type include: PDF, WEBSITE, VIDEO
  -->
  <!--
  <related-info>
    <link title="" type="" description="" url =""/>
  </related-info>
  -->
  <!--
  **meta-html in NOT required**

  The meta-html section is used define the meta description and the meta keywords of the plugin page.The meta
  description tag allows you to influence the description of your page in the web crawlers that support the
  tag The meta keywords tag allows   you to provide additional text for crawler-based search engines to index
  along with your body copy.

  If multiple keywords are used they must be comma(,) delimited
  -->

  <meta-html>
    <meta content="" name="description"/>
    <meta content="" name="keywords"/>
  </meta-html>

  <!-- Do not change the release-version, the build process injects it. -->
  <release-version>17.1025157</release-version>

  <release-notes>
    <!--
      **release-note IS required**

      The plugin-version name must match the plugin version found in the plugin.xml file

      The release-note should document the changes, improvements, or bug fixes introduced
      with the new plugin version

      The release-note may contain text or reference a file in the plugin zip package

      For example your release note could be:
      Support for was added for version 10.0 for software X
      or
      releaseNotes/release1.html (where release1.html contains html formatted version information)
      -->

    <release-note plugin-version="1">
      Initial release of the Maven source configuration plugin.
    </release-note>
    <release-note plugin-version="2">
      Fixes running a process after creating a version
    </release-note>
    <release-note plugin-version="3">
      Adding properties to configure Maven to use a Proxy.
      Fixed APAR PI31992 where Maven would attempt to redownload archived versions.
    </release-note>
    <release-note plugin-version="4">
      Plugin step connections will now timeout after 5 minutes of no HTTP activiy.
      Fixes APAR PI53843 where the plugin could hang in EXECUTING state during version imports.
    </release-note>
    <release-note plugin-version="5">
      Fixes APAR PI57417. Plug-in now checks the agent settings for acceptance of self signed certificates.
    </release-note>
    <release-note plugin-version="6">
      Support property file encryption.
      Fixed APAR PI73414 where version import reports success on failure.
    </release-note>
    <release-note plugin-version="7">
      Fixed APAR PI72858 where version import incorrectly handles the max copy count.
    </release-note>
    <release-note plugin-version="8">
      Fixed APAR PI74785 plugin using wrong error logging methods.
    </release-note>
    <release-note plugin-version="9">
      Fixes APAR PI40551. Now uses working directory for temporary artifact storage.
    </release-note>
    <release-note plugin-version="10">
      RFE 105396. Support for multiple file extensions.
    </release-note>
    <release-note plugin-version="11">
      Fixes APAR PI83227. Import will succeed if a single import file extension is found.
    </release-note>
    <release-note plugin-version="12">
      Fixes APAR PI93645. Import now includes existing versions in the latest version count.
    </release-note>
    <release-note plugin-version="13">
      Fixes APAR PI98904 - Add version property 'baseVersion' for resolving Maven snapshot versions with Maven Resolve.
    </release-note>
    <release-note plugin-version="14">
      Fixes APAR PI87707, a regression where the user who requested a manual version import was not being tracked.
    </release-note>
    <release-note plugin-version="15">
       APAR PI89045: add support for setting isFinished flag flag when importing versions.
    </release-note>
    <release-note plugin-version="16">
       RFE 129953: Added optional 'description' field when importing versions.
    </release-note>
    <release-note plugin-version="17">
       Added optional 'snapshot version suffix' field when importing snapshot versions.
    </release-note>
  </release-notes>
</pluginInfo>
