<?xml version="1.0" encoding="UTF-8"?>

<!-- 
====================================================================== 
Licensed Materials - Property of IBM Corp. 
IBM Rational Automation Framework 
(c) Copyright IBM Corporation 2003, 2012. All Rights Reserved.   

U.S. Government Users Restricted Rights - Use, duplication or disclosure restricted by 
GSA ADP Schedule Contract with IBM Corp. 


File name: configure_was_common_nd_cluster.xml

This is the configuration build file.
====================================================================== 
-->

<project default="default" basedir=".">
	<description>
		Contains various configuration tasks for WAS 
	</description>

	<property name="WAS_COMMON_ND_SCRIPTS"
	          value="${RAFW_HOME}/product/actions/configure/was/common/nd/scripts" />

	<!-- import custom common library -->
	<import file="${RAFW_HOME}/user/actions/configure/was/common/nd/cluster/custom_configure_was_common_nd_cluster.xml" />

	<!-- import incubator common library -->
	<import file="${RAFW_HOME}/incubator/actions/configure/was/common/nd/cluster/incubator_configure_was_common_nd_cluster.xml" />

	<!-- import RAFW library -->
	<import file="${RAFW_HOME}/product/lib/RAFW_lib.xml" />

	<!-- import common library -->
	<import file="${RAFW_HOME}/product/actions/configure/was/common/configure_was_common.xml" />

	<!-- Import wve common cluster scope private configure actions -->
	<!-- This provides the create_odrcluster and create_dyncluster private actions that are used by create_cluster -->
	<import file="${RAFW_HOME}/product/actions/configure/wve/common/nd/cluster/configure_wve_common_nd_cluster_private.xml" />

	<target name="was_common_configure_show_cluster_sessions"
	        depends="only_execute"
	        description="show Current sessions for the cluster. Requires -u CLUSTER_NAME">

		<rafwlog id="CRWWA3023I" resourcebundle="was">
			<logarg value="${CLUSTER_NAME}" />
		</rafwlog>
		
		<antcall target="call_wsadmin">
			<param name="TASK" value="was_common_configure_show_cluster_sessions" />
			<param name="LANG" value="jython" />
			<param name="SCRIPT_NAME" value="${WAS_COMMON_ND_SCRIPTS}/showPMIStat.py" />
			<param name="ARGS"
			       value="-scope cluster -scopename ${CLUSTER_NAME}
            -pmimbean SessionManager -statid 7" />
		</antcall>
	</target>

	<rafwaction name="was_common_configure_start_cluster">
		<inherit name="lr_wsadmin" />
	</rafwaction>
	<target name="was_common_configure_start_cluster"
	        depends="was_common_configure_check_for_cluster_name"
	        description="Start clusters, use -u CLUSTER_NAME to choose a specific cluster">

		<rafwlog id="CRWWA3024I" resourcebundle="was">
			<logarg value="${CLUSTERS}" />
			<logarg value="${CELL_NAME}" />
		</rafwlog>
		
		<for list="${CLUSTERS}" param="CLUSTER">
			<sequential>
				<antcall target="was_common_configure_start_servers_on_cluster">
					<param name="CLUSTER_NAME" value="@{CLUSTER}" />
				</antcall>
			</sequential>
		</for>
	</target>

	<rafwaction name="was_common_configure_stop_cluster">
		<inherit name="lr_wsadmin" />
	</rafwaction>
	<target name="was_common_configure_stop_cluster"
	        depends="was_common_configure_check_for_cluster_name"
	        description="Stop clusters , use -u CLUSTER_NAME to choose a specific cluster">
	
		<rafwlog id="CRWWA3025I" resourcebundle="was">
			<logarg value="${CLUSTERS}" />
			<logarg value="${CELL_NAME}" />
		</rafwlog>
		
		<for list="${CLUSTERS}" param="CLUSTER">
			<sequential>
				<antcall target="was_common_configure_stop_servers_on_cluster">
					<param name="CLUSTER_NAME" value="@{CLUSTER}" />
				</antcall>
			</sequential>
		</for>
	</target>

	<target name="was_common_configure_stop_servers_on_cluster" depends="only_execute">
		<rafwlog id="CRWWA3026I" resourcebundle="was">
			<logarg value="${CLUSTER_NAME}" />
			<logarg value="${CELL_NAME}" />
		</rafwlog>
		<if>
			<isset property="CLUSTER_NAME" />
			<then>
				<antcall target="call_wsadmin">
					<param name="TASK" value="stop_${CLUSTER_NAME}" />
					<param name="LANG" value="jython" />
					<param name="SCRIPT_NAME"
					       value="${WAS_COMMON_ND_SCRIPTS}/startOrStopCluster.py" />
					<param name="ARGS" value="stop ${CLUSTER_NAME}" />
				</antcall>
			</then>
			<else>
				<echo>-u CLUSTER_NAME not passed as arg</echo>
			</else>
		</if>
	</target>

	<target name="was_common_configure_start_servers_on_cluster" depends="only_execute">

		<rafwlog id="CRWWA3027I" resourcebundle="was">
			<logarg value="${CLUSTER_NAME}" />
			<logarg value="${CELL_NAME}" />
		</rafwlog>
		<if>
			<isset property="CLUSTER_NAME" />
			<then>
				<antcall target="call_wsadmin">
					<param name="TASK" value="start_${CLUSTER_NAME}" />
					<param name="LANG" value="jython" />
					<param name="SCRIPT_NAME"
					       value="${WAS_COMMON_ND_SCRIPTS}/startOrStopCluster.py" />
					<param name="ARGS" value="start ${CLUSTER_NAME}" />
				</antcall>
			</then>
			<else>
				<echo>-u CLUSTER_NAME not passed as arg</echo>
			</else>
		</if>
	</target>

	<target name="was_common_configure_ripple_start_cluster"
	        depends="only_execute, was_common_configure_check_for_cluster_name"
	        description="Ripple start clusters, use -u CLUSTER_NAME to choose a specific cluster">
		
		<rafwlog id="CRWWA3028I" resourcebundle="was">
			<logarg value="${CLUSTERS}" />
			<logarg value="${CELL_NAME}" />
		</rafwlog>
		<for list="${CLUSTERS}" param="CLUSTER">
			<sequential>
				<antcall target="was_common_configure_ripple_start_servers_on_cluster">
					<param name="CLUSTER_NAME" value="@{CLUSTER}" />
				</antcall>
			</sequential>
		</for>
	</target>

	<target name="was_common_configure_ripple_start_servers_on_cluster" depends="only_execute">
		
		<rafwlog id="CRWWA3029I" resourcebundle="was">
			<logarg value="${CLUSTER_NAME}" />
			<logarg value="${CELL_NAME}" />
		</rafwlog>
		<if>
			<isset property="CLUSTER_NAME" />
			<then>
				<antcall target="call_wsadmin">
					<param name="TASK" value="ripple_start__${CLUSTER_NAME}" />
					<param name="LANG" value="jython" />
					<param name="SCRIPT_NAME"
					       value="${WAS_COMMON_ND_SCRIPTS}/startOrStopCluster.py" />
					<param name="ARGS" value="ripplestart ${CLUSTER_NAME}" />
				</antcall>
			</then>
			<else>
				<echo>-u CLUSTER_NAME not passed as arg</echo>
			</else>
		</if>
	</target>

	<target name="was_common_configure_check_for_cluster_name">
		<if>
			<isset property="CLUSTER_NAME" />
			<then>
				<var name="CLUSTERS" unset="true" />
				<property name="CLUSTERS" value="${CLUSTER_NAME}" />
			</then>
		</if>
	</target>

	<target name="was_common_configure_create_cluster"
	        description="Creates cluster(s), use -u CLUSTER_NAME to target a single cluster"
	        depends="only_execute, was_common_configure_check_for_cluster_name">
		<rafwlog id="CRWWA3030I" resourcebundle="was">
			<logarg value="${CLUSTERS}" />
			<logarg value="${CELL_NAME}" />
		</rafwlog>
		<for list="${CLUSTERS}" param="CLUSTER">
			<sequential>
			
				<var file="${CLUSTERS_HOME}/@{CLUSTER}/cluster.properties" />
					
				<if>
					<equals arg1="@{CLUSTER}" arg2="${WP_CLUSTER_NAME}" />
					<then>
						<antcall target="was_common_configure_create_portal_cluster" />
					</then>
					<elseif>
						<equals arg1="${CLUSTER_TYPE}" arg2="ODR" />
						<then>
							<antcall target="wve_common_configure_create_odrcluster_private">
								<param name="CLUSTER_NAME" value="@{CLUSTER}" />
							</antcall>
						</then>
					</elseif>
					<elseif>
						<equals arg1="${CLUSTER_TYPE}" arg2="DYNAMIC_WAS" />
						<then>
							<antcall target="wve_common_configure_create_dyncluster_private">
								<param name="CLUSTER_NAME" value="@{CLUSTER}" />
							</antcall>
						</then>
					</elseif>
					<elseif>
						<equals arg1="${CLUSTER_TYPE}" arg2="OTHER" />
						<then>
							<antcall target="${CREATE_CLUSTER_ACTION}">
								<param name="CLUSTER_NAME" value="@{CLUSTER}" />
							</antcall>
						</then>
					</elseif>
					<else>
						<antcall target="was_common_configure_create_was_cluster">
							<param name="WAS_CLUSTER_NAME" value="@{CLUSTER}" />
						</antcall>
					</else>
				</if>
			</sequential>
		</for>
	</target>

	<target name="was_common_configure_create_was_cluster" depends="only_execute">

		<rafwlog id="CRWWA3031I" resourcebundle="was">
			<logarg value="${WAS_CLUSTER_NAME}" />
			<logarg value="${CELL_NAME}" />
		</rafwlog>
		<antcall target="call_wsadmin">
			<param name="TASK" value="create_${WAS_CLUSTER_NAME}" />
			<param name="LANG" value="jython" />
			<param name="SCRIPT_NAME" value="${WAS_COMMON_ND_SCRIPTS}/createCluster.py" />
			<param name="ARGS"
			       value='-cellProperties "${CELL_PROPERTIES}" -properties "${CLUSTERS_HOME}/${WAS_CLUSTER_NAME}/cluster.properties"' />
		</antcall>
	</target>

	<target name="was_common_configure_delete_cluster"
	        description="deletes cluster(s), use -u CLUSTER_NAME to target a single cluster"
	        depends="only_execute,was_common_configure_check_for_cluster_name">

		<antcall target="was_common_configure_stop_cluster">
			<!-- Cluster is already stopped, so go ahead with the delete -->
			<param name="FAILONERROR" value="false" />
		</antcall>

		<rafwlog id="CRWWA3032I" resourcebundle="was">
			<logarg value="${CLUSTERS}" />
			<logarg value="${CELL_NAME}" />
		</rafwlog>
		<for list="${CLUSTERS}" param="CLUSTER">
			<sequential>
			
				<var file="${CLUSTERS_HOME}/@{CLUSTER}/cluster.properties" />

				<if>
					<equals arg1="${CLUSTER_TYPE}" arg2="DYNAMIC_WAS" />
					<then>
						<antcall target="wve_common_configure_delete_dyncluster_private">
							<param name="CLUSTER_NAME" value="@{CLUSTER}" />
						</antcall>
					</then>
					<elseif>
						<equals arg1="${CLUSTER_TYPE}" arg2="OTHER" />
						<then>
							<antcall target="${DELETE_CLUSTER_ACTION}">
								<param name="CLUSTER_NAME" value="@{CLUSTER}" />
							</antcall>
						</then>
					</elseif>
					<else>
						<!-- No support for deleting WP clusters, WI 14315 opened for 
	            	     that enhancement -->
						<!-- ODR cluster and WAS clusters are deleted the same way -->
						<antcall target="was_common_configure_delete_was_cluster">
							<param name="WAS_CLUSTER_NAME" value="@{CLUSTER}" />
						</antcall>
					</else>
				</if>
			</sequential>
		</for>
	</target>

	<target name="was_common_configure_delete_was_cluster" depends="only_execute">

		<rafwlog id="CRWWA3033I" resourcebundle="was">
			<logarg value="${WAS_CLUSTER_NAME}" />
			<logarg value="${CELL_NAME}" />
		</rafwlog>
		<antcall target="call_wsadmin">
			<param name="TASK" value="delete_${WAS_CLUSTER_NAME}" />
			<param name="LANG" value="jython" />
			<param name="SCRIPT_NAME" value="${WAS_COMMON_ND_SCRIPTS}/deleteCluster.py" />
			<param name="ARGS"
			       value='-cellProperties "${CELL_PROPERTIES}" -properties "${CLUSTERS_HOME}/${WAS_CLUSTER_NAME}/cluster.properties"' />
		</antcall>
	</target>


	<target name="was_common_configure_create_portal_cluster" depends="only_execute">
		<rafwlog id="CRWWA3031I" resourcebundle="was">
					<logarg value="${WAS_CLUSTER_NAME}" />
					<logarg value="${CELL_NAME}" />
		</rafwlog>
		<if>
			<equals arg1="${WP_VERSION}" arg2="51" />
			<then>
				<property name="SCRIPT_NAME"
				          value="${WAS_COMMON_ND_SCRIPTS}/createWP51Cluster.py" />
				<property name="ARGUMENTS"
				          value='"${CLUSTERS_HOME}/${WP_CLUSTER_NAME}/cluster.properties"' />
			</then>
			<else>
			    <property name="SCRIPT_NAME"
				          value="${WAS_COMMON_ND_SCRIPTS}/createWP61Cluster.py" />
				<property name="ARGUMENTS"
				          value='-cellProperties "${CELL_PROPERTIES}" -properties "${CLUSTERS_HOME}/${WP_CLUSTER_NAME}/cluster.properties"' />
			</else>
		</if>
		<antcall target="call_wsadmin">
			<param name="TASK" value="create_${WP_CLUSTER_NAME}" />
			<param name="LANG" value="jython" />
			<param name="SCRIPT_NAME" value="${SCRIPT_NAME}" />
			<param name="ARGS" value="${ARGUMENTS}" />
		</antcall>
	</target>

	<rafwaction name="was_common_configure_waitfor_cluster_status">
		<parameter name="app" required="true" />
		<option name="sleepTime" required="false" />
		<option name="retryCount" required="false" />
	</rafwaction>
	<target name="was_common_configure_waitfor_cluster_status"
	        description="wait until cluster is in status. Requires -u CLUSTER_NAME and -a STATUS [running|stopped], optionally -opt sleepTime=N retryCount=M">
		<if>
			<not>
				<isset property="APP_NAME" />
			</not>
			<then>
				<var name="APP_NAME" value="running" />
			</then>
		</if>

		<if>
			<not>
				<isset property="opt.sleepTime" />
			</not>
			<then>
				<var name="opt.sleepTime" value="300" />
			</then>
		</if>

		<if>
			<not>
				<isset property="opt.retryCount" />
			</not>
			<then>
				<var name="opt.retryCount" value="10" />
			</then>
		</if>

		
		<rafwlog id="CRWWA3034I" resourcebundle="was">
			<logarg value="${CLUSTER_NAME}" />
			<logarg value="${APP_NAME}" />
		</rafwlog>
		<echo message="${WAS_COMMON_ND_SCRIPTS}/clusterStatus.py -scopename ${CLUSTER_NAME} -waitUntil ${APP_NAME} -sleep ${opt.sleepTime} -retries ${opt.retryCount}" />

		<antcall target="call_wsadmin">
			<param name="TASK" value="was_common_configure_waitfor_cluster_status" />
			<param name="LANG" value="jython" />
			<param name="SCRIPT_NAME" value="${WAS_COMMON_ND_SCRIPTS}/clusterStatus.py" />
			<param name="ARGS"
			       value="-scopename ${CLUSTER_NAME} -waitUntil ${APP_NAME} -sleep ${opt.sleepTime} -retries ${opt.retryCount}" />
		</antcall>

	</target>

</project>

