<?xml version="1.0" encoding="UTF-8"?>

<!-- 
====================================================================== 
Licensed Materials - Property of IBM Corp. 
IBM Middleware Configuration for WebSphere 
(c) Copyright IBM Corporation 2003, 2013. All Rights Reserved.   

U.S. Government Users Restricted Rights - Use, duplication or disclosure restricted by 
GSA ADP Schedule Contract with IBM Corp. 


File name: configure_was70_nd_managed.xml

WebSphere application server 70 ND config actions which apply only to managed cells.

These actions are available to WAS70 at the cell scope for managed cells.
====================================================================== 
-->

<project default="default" basedir=".">
	<description>
		WebSphere application server 70 ND config actions which apply only to managed cells.
	</description>

	<!-- import core first, in case any upstream .xml files didn't load it already  -->
	<import file="${RAFW_HOME}/product/lib/core.xml" />

	<!-- import the was custom product/actions targets -->
	<import file="${RAFW_HOME}/user/actions/configure/was/70/nd/custom_configure_was70_nd_managed.xml" />

	<!-- import actions available for both managed and standalone cells  -->
	<import file="${RAFW_HOME}/product/actions/configure/was/70/nd/configure_was70_nd.xml" />

	<!-- import the was common product actions which also apply only to managed cells -->
	<import file="${RAFW_HOME}/product/actions/configure/was/common/nd/configure_was_common_nd_managed.xml" />

	<import file="${RAFW_HOME}/product/actions/configure/was/common/nd/configure_was_nd_managed_since_70.xml" />

	<target name="was_70_configure_register_dmgr_with_job_manager"
		        depends="only_execute,was_common_configure_register_dmgr_with_job_manager">
	</target>
</project>

