<?xml version="1.0" encoding="UTF-8"?>

<!--
======================================================================
Licensed Materials - Property of IBM Corp. 
IBM Middleware Configuration for WebSphere 
(c) Copyright IBM Corporation 2003, 2013. All Rights Reserved.   

U.S. Government Users Restricted Rights - Use, duplication or disclosure restricted by 
GSA ADP Schedule Contract with IBM Corp. 


File name: configure_wps_common.xml

This is the configuration build file.
======================================================================
-->

<project default="default" basedir=".">
	<description>
      Contains common configuration tasks for WPS ND
   </description>

	<!-- import the wps custom product/actions targets -->
	<import file="${RAFW_HOME}/user/actions/configure/wps/common/nd/cluster/custom_configure_wps_common_nd_cluster.xml" />

	<!-- Import wps common all-scope configure targets -->
	<import file="${RAFW_HOME}/product/actions/configure/wps/common/configure_wps_common.xml" />

	<!-- include environment variables -->
	<property environment="env" />

	<!-- include WPS_COMMON variables -->
	<property file="${RAFW_HOME}/product/actions/configure/wps/common/wps_common.properties" />

	<!-- Import common wbi targets -->
	<import file="${RAFW_HOME}/product/actions/configure/wbi/common/nd/cluster/configure_wbi_common_nd_cluster.xml" />

	<!-- Include db properties -->
	<property name="WPS_DB_PROPERTIES" value="${CELL_HOME}/config_wbi.properties" />
	<property file="${WPS_DB_PROPERTIES}" />

<!-- 	<target name="wps_common_configure_cei_infrastructure" depends="only_execute" description="Generate WPS CEI infrastructure"> -->
	<target name="wps_common_configure_cei_infrastructure" depends="only_execute">
		<antcall target="wbi_common_configure_cei_infrastructure"/>
	</target>

<!-- 	<target name="wps_common_configure_cei_enable_startup" depends="only_execute" description="This action sets the CEI emitter factory"> -->
	<target name="wps_common_configure_cei_enable_startup" depends="only_execute">
		<antcall target="call_wsadmin_function">
			<param name="JYTHON_FUNCTION" value="AdminTask.configCEIDestination('[-clusterName ${wbi.ApplicationCluster.Name} -emitterFactoryJndi cell/clusters/${wbi.SupportCluster.Name}/com/ibm/events/configuration/emitter/Default ]')" />
		</antcall>
	</target>

	<target name="wps_common_configure_bpc" depends="only_execute">
		<if>
			<isset property="PREVIEW_MODE" />
			<then>
				<echo message="${WPS_HOME}/bin/wsadmin.sh -f ${WPS_HOME}/ProcessChoreographer/config/bpeconfig.jacl ${BPC_ARGS}" />
			</then>
			<else>
				<trycatch property="errorStr">
					<try>
						<echo message="${WPS_HOME}/bin/wsadmin.sh -f ${WPS_HOME}/ProcessChoreographer/config/bpeconfig.jacl ${BPC_ARGS}" />
						<antcall target="call_wsadmin">
							<param name="TASK" value="wps_common_configure_bpc" />
							<param name="LANG" value="jacl" />
							<param name="SCRIPT_NAME" value="${WPS_HOME}/ProcessChoreographer/config/bpeconfig.jacl" />
							<param name="ARGS" value="${BPC_ARGS}"/>
						</antcall>
					</try>
					<catch>
						<fail>Installing WPS BPC failed: ${errorStr}</fail>
					</catch>
					<finally>
						<antcall target="report_error_log">
							<param name="LOG_PATH" value="${PROFILE_HOME}/logs/bpeconfig.txt" />
							<param name="RAFW_LOG_FILE_NAME" value="WPSBPCInstallationLog.log" />
						</antcall>
					</finally>
				</trycatch>
			</else>
		</if>
	</target>

	<target name="wps_common_configure_bpc_logging" depends="only_execute">
		<if>
			<isset property="PREVIEW_MODE" />
			<then>
				<echo message="${WPS_HOME}/bin/wsadmin.sh -f ${WPS_HOME}/ProcessChoreographer/config/setStateObserver.py ${BPC_LOGGING_ARGS}"/>
			</then>
			<else>
				<trycatch property="errorStr">
					<try>
						<echo message="${WPS_HOME}/bin/wsadmin.sh -f ${WPS_HOME}/ProcessChoreographer/config/setStateObserver.py ${BPC_LOGGING_ARGS}"/>
						<exec dir="${WPS_HOME}/bin"
							executable="${WPS_HOME}/bin/wsadmin.sh"
							failonerror="true">
							<arg line=" -f ${WPS_HOME}/ProcessChoreographer/config/setStateObserver.py -user ${WAS_USERNAME} -password ${WAS_PASSWORD} ${BPC_LOGGING_ARGS}" />
						</exec>
						<!-- TODO:  for reasons unknown this script does not parse arguements correctly when called by the framework -->
						<!--
						<antcall target="call_wsadmin">
							<param name="TASK" value="wps_common_configure_bpc_logging" />
							<param name="LANG" value="jython" />
							<param name="SCRIPT_NAME" value="${WPS_HOME}/ProcessChoreographer/config/setStateObserver.py" />
							<param name="ARGS" value="${BPC_LOGGING_ARGS}"/>
						</antcall>
						-->
					</try>
					<catch>
						<fail>Configuring WPS BPC Logging failed: ${errorStr}</fail>
					</catch>
					<finally>
						<antcall target="report_error_log">
							<param name="LOG_PATH" value="${PROFILE_HOME}/logs/bpeconfig.txt"/>
							<param name="RAFW_LOG_FILE_NAME" value="WPSBPCLoggingConfigLog.log"/>
						</antcall>
					</finally>
				</trycatch>
			</else>
		</if>
	</target>

	<target name="wps_common_configure_bpc_explorer" depends="only_execute">
		<if>
			<isset property="PREVIEW_MODE"/>
			<then>
				<echo message="${WPS_HOME}/bin/wsadmin.sh -f ${WPS_HOME}/ProcessChoreographer/config/clientconfig.jacl ${BPC_EXPLORER_ARGS}"/>
			</then>
			<else>
				<trycatch property="errorStr">
					<try>
						<echo message="${WPS_HOME}/bin/wsadmin.sh -f ${WPS_HOME}/ProcessChoreographer/config/clientconfig.jacl ${BPC_EXPLORER_ARGS}"/>
						<antcall target="call_wsadmin">
							<param name="TASK" value="wps_common_configure_bpc_explorer" />
							<param name="LANG" value="jacl" />
							<param name="SCRIPT_NAME" value="${WPS_HOME}/ProcessChoreographer/config/clientconfig.jacl" />
							<param name="ARGS" value="${BPC_EXPLORER_ARGS}"/>
						</antcall>
					</try>
					<catch>
						<fail>Configuring WPS BPCExplorer failed: ${errorStr}</fail>
					</catch>
					<finally>
						<antcall target="report_error_log">
							<param name="LOG_PATH" value="${PROFILE_HOME}/logs/clientconfig.txt"/>
							<param name="RAFW_LOG_FILE_NAME" value="WPSBPCExplorerConfigLog.log"/>
						</antcall>
					</finally>
				</trycatch>
			</else>
		</if>
	</target>

<!-- 	<target name="wps_common_configure_deploy_event_service" depends="scope_init" description="Deploy WPS Event Emitter Factory" > -->
	<target name="wps_common_configure_deploy_event_service" depends="scope_init">
		<antcall target="wbi_common_configure_deploy_event_service">
			<param name="CELL_TYPE" value="WPS"/>
		</antcall>
	</target>

<!-- 	<target name="wps_common_configure_deploy_business_space" depends="scope_init" description="Deploy WebSphere Business Space support application"> -->
	<target name="wps_common_configure_deploy_business_space" depends="scope_init" >
		<antcall target="wbi_common_configure_deploy_business_space"/>
	</target>

<!-- 	<target name="wps_common_configure_deploy_business_rules_manager" depends="scope_init,only_execute" description="Install WebSphere Business Rules Manager"> -->
	<target name="wps_common_configure_deploy_business_rules_manager" depends="scope_init,only_execute">
		<if>
			<isset property="PREVIEW_MODE" />
			<then>
				<echo message="-scope ${SCOPE} -clusterName ${CLUSTER_NAME} -contextRoot ${CONTEXT_ROOT}" />
			</then>
			<else>
				<trycatch property="errorStr">
					<try>
						<antcall target="call_wsadmin">
							<param name="TASK" value="wbi_common_install_business_rules_manager" />
							<param name="LANG" value="jython" />
							<param name="SCRIPT_NAME" value="${WBI_COMMON_SCRIPTS}/businessRulesManager.py" />
							<param name="DATA_FILE" value="${CELL_HOME}/config_wbi.properties" />
							<param name="ARGS" value="-scope ${SCOPE} -scopename @{NAME} -action DEPLOY -clusterName ${CLUSTER_NAME} -contextRoot br" />
						</antcall>
					</try>
					<catch>
						<fail>Installing WebSphere Business Rules Manager failed: ${errorStr}</fail>
					</catch>
					<finally>
						<antcall target="report_error_log">
							<param name="LOG_PATH" value="${WAS_HOME}/logs/businessRulesManagerInstallationLog.txt" />
							<param name="RAFW_LOG_FILE_NAME" value="businessRulesManagerInstallation.log" />
						</antcall>
					</finally>
				</trycatch>
			</else>
		</if>
	</target>

<!-- 	<target name="wps_common_configure_enable_event_service" depends="scope_init,only_execute" description="Enable WPS Event Emitter Factory"> -->
	<target name="wps_common_configure_enable_event_service" depends="scope_init,only_execute">
		<antcall target="wbi_common_configure_enable_event_service"/>
	</target>

<!-- 	<target name="wps_common_configure_add_sibus_member" depends="scope_init" description="Add a bus member to the CEI bus"> -->
	<target name="wps_common_configure_add_sibus_member" depends="scope_init">
		<antcall target="wbi_common_configure_cei_messaging_engine" >
			<param name="MEACTION" value="ADD_BUS_MEMBER" />
		</antcall>
	</target>

<!-- 	<target name="wps_common_configure_add_sibus_messaging_engine" depends="scope_init" description="Add a messaging engine to a CEI bus member"> -->
	<target name="wps_common_configure_add_sibus_messaging_engine" depends="scope_init">
		<antcall target="wbi_common_configure_cei_messaging_engine" >
			<param name="MEACTION" value="ADD_MESSAGING_ENGINE" />
		</antcall>
	</target>

<!-- 	<target name="wps_common_configure_add_cei_sibus_destination" depends="scope_init" description="Add a messaging engine destination to a CEI bus member"> -->
	<target name="wps_common_configure_add_cei_sibus_destination" depends="scope_init">
		<antcall target="wbi_common_configure_cei_messaging_engine" >
			<param name="MEACTION" value="ADD_MESSAGING_ENGINE_DESTINATIONS" />
		</antcall>
	</target>

<!-- 	<target name="wps_common_configure_remove_sibus_member" depends="scope_init" description="Remove a bus member from the CEI bus"> -->
	<target name="wps_common_configure_remove_sibus_member" depends="scope_init">
		<antcall target="wbi_common_configure_cei_messaging_engine" >
			<param name="MEACTION" value="DELETE_BUS_MEMBER" />
		</antcall>
	</target>

<!-- 	<target name="wps_common_configure_remove_sibus_messaging_engine" depends="scope_init"> -->
	<target name="wps_common_configure_remove_sibus_messaging_engine" depends="scope_init">
		<antcall target="wbi_common_configure_cei_messaging_engine" >
			<param name="MEACTION" value="DELETE_MESSAGING_ENGINE" />
		</antcall>
	</target>

<!-- 	<target name="wps_common_configure_remove_cei_sibus_destination" depends="scope_init" description="Remove a messaging engine destination from a CEI bus member"> -->
	<target name="wps_common_configure_remove_cei_sibus_destination" depends="scope_init">
		<antcall target="wbi_common_configure_cei_messaging_engine" >
			<param name="MEACTION" value="DELETE_MESSAGING_ENGINE_DESTINATION" />
		</antcall>
	</target>

<!-- 	<target name="wps_common_configure_add_cei_jms_user_to_connector_role" depends="scope_init" description="Adds a user to bus connector role on CEI bus"> -->	
	<target name="wps_common_configure_add_cei_jms_user_to_connector_role" depends="scope_init">
		<antcall target="wbi_common_configure_cei_messaging_engine" >
			<param name="MEACTION" value="ADD_USER_TO_BUS_CONNECTOR_ROLE" />
		</antcall>
	</target>

<!-- 	<target name="wps_common_configure_add_cei_jms_user_to_bus_aliases" depends="scope_init" description="Adds a user to CEI bus inter-engine and mediations aliases"> -->
	<target name="wps_common_configure_add_cei_jms_user_to_bus_aliases" depends="scope_init">
		<antcall target="wbi_common_configure_cei_messaging_engine" >
			<param name="MEACTION" value="ADD_USER_TO_BUS_ALIASES" />
		</antcall>
	</target>

<!-- 	<target name="wps_common_configure_cei_topic_space_name" depends="scope_init" description="Modify CEI Topic Space Name"> -->
	<target name="wps_common_configure_cei_topic_space_name" depends="scope_init">
		<antcall target="wbi_common_configure_cei_messaging_engine" >
			<param name="MEACTION" value="CORRECT_CEI_TOPIC_CLUSTER" />
		</antcall>
	</target>

<!-- 	<target name="wps_common_configure_cei_queue_name" depends="scope_init" description="Modify CEI Queue Name">-->
	<target name="wps_common_configure_cei_queue_name" depends="scope_init">
		<antcall target="wbi_common_configure_cei_messaging_engine" >
			<param name="MEACTION" value="CORRECT_CEI_QUEUE_CLUSTER" />
		</antcall>
	</target>
			
<!-- 	<target name="wps_common_configure_add_cei_user_to_activation_spec" depends="scope_init" description="Adds a user to CEI activation spec"> -->
	<target name="wps_common_configure_add_cei_user_to_activation_spec" depends="scope_init">
		<antcall target="wbi_common_configure_cei_messaging_engine" >
			<param name="MEACTION" value="ADD_CEI_USER_TO_ACTIVATION_SPEC" />
		</antcall>
	</target>

<!-- 	<target name="wps_common_configure_enable_business_space" depends="scope_init,only_execute" description="Configure WebSphere Business Space for WPS"> -->
	<target name="wps_common_configure_enable_business_space" depends="scope_init,only_execute" >
		<antcall target="wbi_common_configure_enable_business_space">
			<param name="DB_NAME" value="${wbi.DB.BSPACE.DbName}" />
			<param name="DB_SCHEMA" value="${wbi.DB.BSPACE.DbSchemaName}" />
			<param name="DB_TABLESPACE" value="${wbi.DB.BSPACE.DbTableSpace}" />
			<param name="DB_FOR_WBI_PRODUCT_TYPE" value="${wbi.DB.BSPACE.DbForProductType}" />
		</antcall>
	</target>

<!-- 	<target name="wps_common_configure_enable_local_cluster_sca_infrastructure" depends="scope_init" description="Enable SCA infrastruction on a cluster"> -->
	<target name="wps_common_configure_enable_local_cluster_sca_infrastructure" depends="scope_init">
		<antcall target="wbi_common_configure_enable_local_sca_infrastructure">
			<param name="ME_AUTH_ALIAS" value="${wbi.DB.SCASYSME.AuthAlias}" />
			<param name="SYS_BUS_DB_SCHEMA" value="${wbi.DB.SCASYSME.DbSchemaName}" />
			<param name="SYS_BUS_ID" value="${wbi.DB.SCASYSME.BusName}" />
			<param name="SYS_BUS_DATASOURCE" value="${wbi.DB.SCASYSME.DataSource}" />
			<param name="CREATE_SCA_TABLES" value="${wbi.DB.SCASYSME.DbCreateTables}" />
		</antcall>
	</target>

<!-- 	<target name="wps_common_configure_enable_jms_local_cluster_sca_infrastructure" depends="scope_init" description="Enable SCA infrastruction on a cluster"> -->
	<target name="wps_common_configure_enable_jms_local_cluster_sca_infrastructure" depends="scope_init">
		<antcall target="wbi_common_configure_enable_jms_local_sca_infrastructure">
			<param name="ME_AUTH_ALIAS" value="${wbi.DB.SCAAPPME.AuthAlias}" />
			<param name="APP_BUS_DB_SCHEMA" value="${wbi.DB.SCAAPPME.DbSchemaName}" />
			<param name="APP_BUS_ID" value="${wbi.DB.SCAAPPME.BusName}" />
			<param name="APP_BUS_DATASOURCE" value="${wbi.DB.SCAAPPME.DataSource}" />
			<param name="CREATE_SCA_TABLES" value="${wbi.DB.SCAAPPME.DbCreateTables}" />
		</antcall>
	</target>

<!-- 	<target name="wps_common_configure_enable_remote_cluster_sca_infrastructure" depends="scope_init" description="Enable SCA infrastruction on a cluster"> -->
	<target name="wps_common_configure_enable_remote_cluster_sca_infrastructure" depends="scope_init">
		<antcall target="wbi_common_configure_enable_remote_sca_infrastructure">
			<param name="REMOTE_ME_LOCATION" value="WebSphere:cluster=${wbi.MessagingCluster.Name}" />
			<param name="ME_AUTH_ALIAS" value="${wbi.DB.SCASYSME.AuthAlias}" />
			<param name="SYS_BUS_DB_SCHEMA" value="${wbi.DB.SCASYSME.DbSchemaName}" />
		</antcall>
	</target>

<!-- 	<target name="wps_common_configure_enable_jms_remote_cluster_sca_infrastructure" depends="scope_init" description="Enable SCA infrastruction on a cluster"> -->
	<target name="wps_common_configure_enable_jms_remote_cluster_sca_infrastructure" depends="scope_init">
		<antcall target="wbi_common_configure_enable_jms_remote_sca_infrastructure">
			<param name="REMOTE_ME_LOCATION" value="WebSphere:cluster=${wbi.MessagingCluster.Name}" />
			<param name="ME_AUTH_ALIAS" value="${wbi.DB.SCAAPPME.AuthAlias}" />
			<param name="APP_BUS_DB_SCHEMA" value="${wbi.DB.SCAAPPME.DbSchemaName}" />
		</antcall>
	</target>

<!-- 	<target name="wps_common_configure_enable_config_recovery" depends="scope_init" description="Enable SCA config recovery on a cluster"> -->
	<target name="wps_common_configure_enable_config_recovery" depends="scope_init">
		<antcall target="wbi_common_configure_enable_config_recovery">
			<param name="REMOTE_ME_LOCATION" value="WebSphere:cluster=${wbi.MessagingCluster.Name}" />
		</antcall>
	</target>
</project>
