<?xml version="1.0" encoding="UTF-8" standalone="no"?>
<!--
- Licensed Materials - Property of HCL
- HCL Launch
- (c) Copyright HCL Technologies Ltd. 2018, 2019 , 2020. All Rights Reserved.
--><pluginInfo>
  <!-- Do not change the release-version, the build process injects it. -->
  <release-version>9.1071405</release-version>

  <release-notes>
    <!--
      The release-note should document the changes, improvements, or bug fixes introduced
      with the new plugin version

      The release-note may contain text

      For example your release note could be:
      Support for was added for version 10.0 for software X

      To add a new release note add this with a description in it of the changes:
      <release-note plugin-version="1">....</release-note>
    -->

      <release-note plugin-version="1">
          Installing this plugin will enable you to invoke a ConfigEngine command as well as an XMLAccess script on a
          WebSphere Portal server. It also supports the deployment of Portal themes, skins, PAAs and WARs.
          1. Code change to preserve whitespaces in the generated XML Access scripts
          2. Code change to explicitly set XML validation to false while parsing
      </release-note>
      <release-note plugin-version="2">
          1. Add additional arguments field to "Install PAA" step
          2. FIX 40735: WebSphere Portal Plugin not finding WAS command path
      </release-note>
      <release-note plugin-version="3">
          Fixes APAR PI68508 - Allow user to specify portal context root for following plugin steps: Deploy Portal WAR,
          Deploy Theme, Invoke XMLAccess scripts
      </release-note>
      <release-note plugin-version="4">
          Support property file encryption.
      </release-note>
      <release-note plugin-version="5">
          Fixes APAR PI73113 - The Connection Port property in the "Deploy Theme" and "Deploy Portal WAR" steps is
          required if the Dmgr and Portal Servers are on separate servers.
          Changed the "WebSphere Portal server configuration port" property to "Virtual Portal port" to reduce
          confusion.
      </release-note>
      <release-note plugin-version="7">
          Deploy Portal WAR step now allows users to retrieve the application OID using WAS credentials (as opposed to
          Portal credentials)
      </release-note>
      <release-note plugin-version="8">
          Fixes APAR PH27880 - 'Invoke XMLAccess script' Does not work for context root "/"
      </release-note>
      <release-note plugin-version="9">
          This version upgrade is a rebranding to HCL family of products.
      </release-note>
  </release-notes>
</pluginInfo>
