<?xml version="1.0" encoding="UTF-8"?>
<!--
- Licensed Materials - Property of HCL
- HCL Launch
- (c) Copyright HCL Technologies Ltd. 2018, 2019 , 2020. All Rights Reserved.
-->
<pluginInfo>
  <author>
    <name>HCL</name>
    <email></email>
    <website>https://www.hcltechsw.com/</website>
  </author>
  <licenses>
    <license></license>
  </licenses>
  <integrationType>Deploy</integrationType>
  <categories>
    <category>HCL</category>
	<category>middleware</category>
  </categories>
  <versions>
    <version name="1">
      <releaseNote>
        The Digital Experience plugin can be used to invoke a ConfigEngine command or an XMLAccess script on a Digital
        Experience server. It can also be used to deploy themes, skins, PAAs and WARs.
      </releaseNote>
    </version>
  </versions>
</pluginInfo>
