<?xml version="1.0" encoding="UTF-8"?>
<!-- 
====================================================================== 
Licensed Materials - Property of IBM Corp. 
IBM Rational Automation Framework 
(c) Copyright IBM Corporation 2003, 2012. All Rights Reserved.   

U.S. Government Users Restricted Rights - Use, duplication or disclosure restricted by 
GSA ADP Schedule Contract with IBM Corp. 


File name: configure_was_common_base..xml

Defines configuration actions that exist at node level scope
====================================================================== 
-->

<project default="default" basedir=".">
	<description>
		Contains various configuration tasks for WAS 51
	</description>

	<!-- these targets allow custom common configurations  -->
	<import file="${RAFW_HOME}/user/actions/configure/was/common/base/custom_configure_was_common_base.xml" />

	<!-- these targets allow incubator common configurations  -->
	<import file="${RAFW_HOME}/incubator/actions/configure/was/common/base/incubator_configure_was_common_base.xml" />

	<!-- import RAFW library -->
	<import file="${RAFW_HOME}/product/lib/RAFW_lib.xml" />

	<!-- import the common targets  -->
	<import file="${RAFW_HOME}/product/actions/configure/was/common/configure_was_common.xml" />

	<!-- import the common server targets  -->
	<import file="${RAFW_HOME}/product/actions/configure/was/common/base/server/configure_was_common_base_proxy_server.xml" />
	<import file="${RAFW_HOME}/product/actions/configure/was/common/base/server/configure_was_common_base_server.xml" />

	<!-- import the targets that apply to nodes and dmgr  -->
	<import file="${RAFW_HOME}/product/actions/configure/was/common/base/configure_was_common_base_dmgr.xml" />

	<target name="was_common_configure_add_node"
	        depends="only_execute,was_init"
	        description="Add a WAS node to ND">
		<add_node />
	</target>

	<target name="was_common_configure_add_node_include_apps"
	        depends="only_execute, was_init"
	        description="Add a WAS node w/ apps to ND">
		<antcall target="update_soap_client_props">
			<param name="MY_HOME" value="${WAS_PROF_HOME}" />
			<param name="SOAP_REQUEST_TIMEOUT" value="6000" />
		</antcall>
		<add_node args="-includeapps" />
	</target>
			
	<!-- = = = = = = = = = = = = = = = = =
          macrodef: add_node          
          
          Invokes the addNode script in WAS to add a node. 
          
          Parameter: args - any extra args that must be included, for example -includeapps or -includebuses
         = = = = = = = = = = = = = = = = = -->
	<macrodef name="add_node">
		<attribute name="args" default="" />
		<sequential>
			<echo message="Adding node ${NODE_NAME} to ${ND_NODE_NAME}" />
			<echo message="Note that if ${ND_NODE_NAME} is not started this task will fail" />
			<echo message="Check ${LOG_HOME}/add_node.log if there are any errors" />
			<property name="ADDNODE" value="${WAS_PROF_HOME}/bin/addNode${SCRIPT_EXT}" />

			<if>
				<not>
					<isblank property="NODEAGENT_STARTING_POINT" />
				</not>
				<then>
					<antcall target="execute">
						<param name="EXECUTABLE" value="${ADDNODE}" />
						<param name="ARGS"
						       value="${ND_HOST_NAME} ${ND_SOAP_PORT} -startingport ${NODEAGENT_STARTING_POINT} -conntype SOAP -username ${WAS_USERNAME} -password ${WAS_PASSWORD} @{args}" />
					</antcall>
				</then>
				<else>
					<antcall target="execute">
						<param name="EXECUTABLE" value="${ADDNODE}" />
						<param name="ARGS"
						       value="${ND_HOST_NAME} ${ND_SOAP_PORT} -conntype SOAP -username ${WAS_USERNAME} -password ${WAS_PASSWORD} @{args}" />
					</antcall>
				</else>
			</if>
		</sequential>
	</macrodef>

	<target name="was_common_configure_update_add_remove_node"
	        depends="only_execute,was_init"
	        description="Updates the addNode and removeNode scripts to set -Xms and -Xmx">
		<antcall target="call_jython_function">
			<param name="JYTHON_FUNCTION_NAME" value="FileHelper.updateAddRemoveNode" />
			<param name="JYTHON_FUNCTION_ARGS" value="'${WAS_HOME}', '-Xms256m -Xmx1024m'" />
			<param name="JYTHON_FUNCTION_FAIL_CONDITION" value="equals" />
			<param name="JYTHON_FUNCTION_FAIL_VALUE" value="0" />
			<param name="JYTHON_FUNCTION_FAIL_MESSAGE"
			       value="An error occured while executing Jython function." />
		</antcall>
	</target>

	<target name="was_common_configure_remove_node"
	        depends="only_execute,was_init"
	        description="Remove a WAS node from ND">
		<echo message="Removing node ${NODE_NAME} from ${ND_NODE_NAME}" />
		<echo message="Note that if ${ND_NODE_NAME} is not started this task will fail" />
		<echo message="Check ${LOG_HOME}/remove_node.log if there are any errors" />
		<property name="REMOVENODE" value="${WAS_PROF_HOME}/bin/removeNode${SCRIPT_EXT}" />
		<antcall target="execute">
			<param name="EXECUTABLE" value="${REMOVENODE}" />
			<param name="ARGS" value="-username ${WAS_USERNAME} -password ${WAS_PASSWORD}" />
			<param name="FAILONERROR" value="false" />
			<param name="FAILIFEXECUTIONFAILS" value="true" />

		</antcall>
	</target>

	<target name="was_common_configure_start_nodeagent"
	        depends="only_execute,was_init"
	        description="Start the nodeagent">
		<property name="STARTNODE" value="${WAS_PROF_HOME}/bin/startNode${SCRIPT_EXT}" />
		<antcall target="execute">
			<param name="EXECUTABLE" value="${STARTNODE}" />
			<param name="FAILONERROR" value="true" />
		</antcall>
	</target>

	<target name="was_common_configure_stop_nodeagent"
	        depends="only_execute,was_init"
	        description="Stops the Node Agent">
		<property name="STOPNODE" value="${WAS_PROF_HOME}/bin/stopNode${SCRIPT_EXT}" />
		<if>
			<equals arg1="true" arg2="${USE_SOAP_CLIENT_PROP_FILE}" />
			<then>
				<var name="CONNECT_ARGS" value="" />
			</then>
			<else>
				<var name="CONNECT_ARGS" value="-username ${WAS_USERNAME} -password ${WAS_PASSWORD}" />
			</else>
		</if>
		<antcall target="execute">
			<param name="EXECUTABLE" value="${STOPNODE}" />
			<param name="FAILONERROR" value="true" />
			<param name="ARGS" value="${CONNECT_ARGS}" />
		</antcall>
	</target>

	<target name="was_common_configure_synch_node"
	        depends="only_execute,was_init"
	        description="Stops all running process on node and forces node agent synchronization">
		<trycatch property="synchNodeFailure">
			<try>
				<antcall target="execute">
					<param name="WORKING_DIR" value="${WAS_PROF_HOME}/bin" />
					<param name="ARGS"
					       value="${WAS_PROF_HOME}/bin/syncNode${SCRIPT_EXT} ${ND_HOST_NAME} ${ND_SOAP_PORT} 
								   -username ${WAS_USERNAME} -password ${WAS_PASSWORD} -profileName ${PROFILE_NAME}
								   -stopservers -restart" />
				</antcall>
			</try>
			<catch>
				<fail>Failed to synchronize node: ${synchNodeFailure}</fail>
			</catch>
			<finally>
				<if>
					<not>
						<preview />
					</not>
					<then>
						<copy overwrite="true"
						      file="${WAS_PROF_HOME}/logs/syncNode.log"
						      tofile="${LOG_HOME}/${TARGET}_syncNode.log" />
					</then>
				</if>
			</finally>
		</trycatch>
	</target>

</project>

