<?xml version="1.0" encoding="UTF-8"?><!--
- Licensed Materials - Property of IBM Corp.
- IBM UrbanCode Deploy
- (c) Copyright IBM Corporation 2016. All Rights Reserved.
-
- U.S. Government Users Restricted Rights - Use, duplication or disclosure restricted by
- GSA ADP Schedule Contract with IBM Corp.
-->
<plugin-upgrade
        xmlns="http://www.urbancode.com/UpgradeXMLSchema_v1"
        xmlns:xsi="http://www.w3.org/2001/XMLSchema-instance">

    <migrate to-version="2">
    </migrate>

    <migrate to-version="3">
      <migrate-command name="Upload To Maven Repository" old="Upload To Artifactory">
        <migrate-properties>
          <migrate-property name="baseDir"/>
          <migrate-property name="filePattern" old="extensionName" default=""/>
        </migrate-properties>
      </migrate-command>
      <migrate-command name="Download From Maven Repository" old="Download Maven build version">
        <migrate-properties>
          <migrate-property name="repositoryName"/>
        </migrate-properties>
      </migrate-command>
    </migrate>

    <migrate to-version="4">
    </migrate>

    <migrate to-version="5">
      <migrate-command name="Upload To Maven Repository">
        <migrate-properties>
          <migrate-property name="artifactProps" default=""/>
        </migrate-properties>
      </migrate-command>
    </migrate>

    <migrate to-version="6">
      <migrate-command name="Upload To Repository" old="Upload To Maven Repository">
        <migrate-properties>
          <migrate-property name="targetPath" default=""/>
          <migrate-property name="includes" old="fileName" default=""/>
          <migrate-property name="excludes" default=""/>
          <migrate-property name="preserveDirs" default="true"/>
        </migrate-properties>
        <remove-properties>
          <remove-property name="baseDir"/>
        </remove-properties>
      </migrate-command>
      <migrate-command name="Download From Repository" old="Download From Maven Repository">
        <migrate-properties>
          <migrate-property name="checkHash" default=""/>
        </migrate-properties>
      </migrate-command>
    </migrate>

    <migrate to-version="7">
      <migrate-command name="Upload Build Information"/>
    </migrate>

    <migrate to-version="8">
      <migrate-command name="Upload To Repository">
        <migrate-properties>
          <migrate-property name="targetPath"/>
        </migrate-properties>
      </migrate-command>
    </migrate>

    <migrate to-version="9">
    </migrate>

</plugin-upgrade>
