<?xml version="1.0" encoding="UTF-8"?>

<!-- 
====================================================================== 
Licensed Materials - Property of IBM Corp. 
IBM Middleware Configuration for WebSphere 
(c) Copyright IBM Corporation 2003, 2013. All Rights Reserved.   

U.S. Government Users Restricted Rights - Use, duplication or disclosure restricted by 
GSA ADP Schedule Contract with IBM Corp. 


File name: configure_wve_common_nd.xml

Common configure actions available at the cell scope shared by WVE, WAS 8.5 and higher version
====================================================================== 
-->

<project default="default" basedir=".">
	<description>
		Contains configuration tasks for WVE ND
	</description>

	<!-- import custom targets  -->
	<import file="${RAFW_HOME}/user/actions/configure/wve/common/nd/custom_configure_wve_common_nd.xml" />

	<!-- Import wve common all-scope configure targets -->
	<import file="${RAFW_HOME}/product/actions/configure/wve/common/configure_wve_common.xml" />

	<!-- Import wve common cluster-scope configure targets -->
	<import file="${RAFW_HOME}/product/actions/configure/wve/common/nd/cluster/configure_wve_common_nd_cluster.xml" />

	<!-- Import wve common all-scope configure targets -->
	<import file="${RAFW_HOME}/product/actions/configure/wve/common/nd/configure_wve_common_nd_private.xml" />

	<rafwaction name="wve_common_configure_health_policies">
		<inherit name="wve_common_configure_health_policies_private" />
	</rafwaction>
	<target name="wve_common_configure_health_policies"
	        description="Manages WVE health policies"
	        depends="wve_common_configure_health_policies_private">
	</target>

	<rafwaction name="wve_common_configure_service_policies">
		<inherit name="wve_common_configure_service_policies_private" />
	</rafwaction>
	<target name="wve_common_configure_service_policies"
	        depends="wve_common_configure_service_policies_private"
	        description="Manages Service Classes">
	</target>

	<rafwaction name="wve_common_configure_enable_bbson">
		<inherit name="wve_common_configure_enable_bbson_private" />
	</rafwaction>
	<target name="wve_common_configure_enable_bbson"
	        depends="wve_common_configure_enable_bbson_private"
	        description="Enables WVE to use its own internal bulletin board implementation">
	</target>

	<rafwaction name="wve_common_configure_enable_ham">
		<inherit name="wve_common_configure_enable_ham_private" />
	</rafwaction>
	<target name="wve_common_configure_enable_ham"
	        depends="wve_common_configure_enable_ham_private"
	        description="Enable HAM on every process in the cell">
	</target>

	<rafwaction name="wve_common_configure_disable_ham">
		<inherit name="wve_common_configure_disable_ham_private" />
	</rafwaction>
	<target name="wve_common_configure_disable_ham"
	        depends="wve_common_configure_disable_ham_private"
	        description="Disable ha manager on every process in the cell">
	</target>

	<rafwaction name="wve_common_configure_use_hambb">
		<inherit name="wve_common_configure_use_hambb_private" />
	</rafwaction>
	<target name="wve_common_configure_use_hambb"
	        depends="wve_common_configure_use_hambb_private"
	        description="Use the standard HA manager bulletin board (this also implicitly includes the -enableHAM option)">
	</target>

	<rafwaction name="wve_common_configure_generate_virtual_hosts_dynamic_clusters">
		<inherit name="wve_common_configure_generate_virtual_hosts_dynamic_clusters_private" />
	</rafwaction>
	<target name="wve_common_configure_generate_virtual_hosts_dynamic_clusters"
	        depends="wve_common_configure_generate_virtual_hosts_dynamic_clusters_private"
	        description="Update all the virtual hosts for dynamic clusters">
	</target>

	<rafwaction name="wve_common_configure_work_classes">
		<inherit name="wve_common_configure_work_classes_private" />
	</rafwaction>
	<target name="wve_common_configure_work_classes"
	        depends="wve_common_configure_work_classes_private"
	        description="Manages WVE Work Classes">
	</target>
</project>
