{
    "securityResourceId": "b99b4172-59eb-4b25-a68f-446215274263",
    "path": "componentTemplates\/b1047f16-cb4a-42ad-ae9b-0908ce4511dc",
    "name": "WebSphere - Cell Config (simple)",
    "description": "",
    "ignoreQualifiers": 0,
    "componentType": "STANDARD",
    "tags": [],
    "active": true,
    "envPropDefs": [],
    "resPropDefs": [{
        "name": "DEFAULTHOSTVIRTUALHOSTALIASES",
        "label": "DEFAULTHOSTVIRTUALHOSTALIASES",
        "pattern": "",
        "type": "TEXT",
        "value": "*->9080\\n*->80\\n*->9443\\n*->5060\\n*->5061\\n*->443",
        "required": false,
        "description": "Each mapping is a double:  virtualHostName->virtualHostPort.  Each double is separated by a \\n.  For example, name1->port1\\nname2->port2\\n.",
        "placeholder": ""
    }],
    "propDefs": [],
    "properties": [],
    "processes": [{
        "name": "Apply",
        "description": "",
        "defaultWorkingDir": "${p:resource\/work.dir}\/${p:component.name}",
        "takesVersion": true,
        "inventoryActionType": "ADD",
        "status": "Active",
        "configActionType": "ADD",
        "active": true,
        "path": "componentTemplates\/b1047f16-cb4a-42ad-ae9b-0908ce4511dc\/processes\/d8bf5909-e5b7-4125-bd89-8d4156073768",
        "propDefs": [],
        "rootActivity": {
            "edges": [
                {
                    "to": "Delete Files and Directories",
                    "type": "ALWAYS",
                    "value": ""
                },
                {
                    "to": "Combine Config Data",
                    "from": "Replace Tokens",
                    "type": "SUCCESS",
                    "value": ""
                },
                {
                    "to": "Download Artifacts",
                    "from": "Delete Files and Directories",
                    "type": "SUCCESS",
                    "value": ""
                },
                {
                    "to": "Apply Config",
                    "from": "Combine Config Data",
                    "type": "SUCCESS",
                    "value": ""
                },
                {
                    "to": "Replace Tokens",
                    "from": "Download Artifacts",
                    "type": "SUCCESS",
                    "value": ""
                },
                {
                    "to": "52979db205550f93abf943bcfdb5ef",
                    "from": "Apply Config",
                    "type": "SUCCESS",
                    "value": ""
                }
            ],
            "offsets": [
                {
                    "name": "Download Artifacts",
                    "x": -70,
                    "y": 190,
                    "h": 60,
                    "w": 220
                },
                {
                    "name": "Replace Tokens",
                    "x": -60,
                    "y": 290,
                    "h": 60,
                    "w": 200
                },
                {
                    "name": "52979db205550f93abf943bcfdb5ef",
                    "x": -5,
                    "y": 660,
                    "h": 50,
                    "w": 90
                },
                {
                    "name": "Combine Config Data",
                    "x": -110,
                    "y": 400,
                    "h": 50,
                    "w": 300
                },
                {
                    "name": "Delete Files and Directories",
                    "x": -95,
                    "y": 95,
                    "h": 60,
                    "w": 270
                },
                {
                    "name": "Apply Config",
                    "x": -160,
                    "y": 525,
                    "h": 50,
                    "w": 400
                }
            ],
            "type": "graph",
            "name": "0d2467cf-1a1a-4d87-a598-2b6c1ec3a407",
            "children": [
                {
                    "type": "finish",
                    "name": "52979db205550f93abf943bcfdb5ef",
                    "children": []
                },
                {
                    "allowFailure": false,
                    "useImpersonation": false,
                    "showHidden": false,
                    "impersonationUseSudo": false,
                    "commandName": "Delete Files and Directories",
                    "pluginName": "File Utils",
                    "pluginVersion": 41,
                    "properties": {
                        "baseDir": ".",
                        "includes": "**\/*\n*",
                        "excludes": "",
                        "followSymlinks": "false",
                        "caseSensitive": "true"
                    },
                    "type": "plugin",
                    "name": "Delete Files and Directories",
                    "children": []
                },
                {
                    "allowFailure": false,
                    "useImpersonation": false,
                    "showHidden": false,
                    "impersonationUseSudo": false,
                    "commandName": "Download Artifacts",
                    "pluginName": "IBM UrbanCode Deploy Versioned File Storage",
                    "pluginVersion": 23,
                    "properties": {
                        "directoryOffset": ".",
                        "artifactSetBaseDir": "",
                        "fileIncludePatterns": "**\/*",
                        "fileExcludePatterns": "",
                        "syncMode": "true",
                        "fullVerification": "true",
                        "setFileExecuteBits": "false",
                        "verifyFileIntegrity": "false",
                        "versionId": "${p:version.id}",
                        "serverUrl": "${p:server.url}",
                        "compId": "${p:component.id}",
                        "resId": "${p:resource.id}",
                        "charset": "",
                        "label": ""
                    },
                    "type": "plugin",
                    "name": "Download Artifacts",
                    "children": []
                },
                {
                    "allowFailure": false,
                    "useImpersonation": false,
                    "showHidden": false,
                    "impersonationUseSudo": false,
                    "commandName": "Replace Tokens",
                    "pluginName": "File Utils",
                    "pluginVersion": 48,
                    "properties": {
                        "customEncoding": "UTF-8",
                        "dir": ".",
                        "includes": "**\/*.json",
                        "excludes": "",
                        "startDelimiter": "@",
                        "endDelimiter": "@",
                        "propertyPrefix": "",
                        "propFile": "replace_tokens.properties",
                        "envPropValues": "${p:environment\/allProperties},${p:component\/allProperties},${p:resource\/allProperties}",
                        "explicitTokens": ""
                    },
                    "type": "plugin",
                    "name": "Replace Tokens",
                    "children": []
                },
                {
                    "allowFailure": false,
                    "useImpersonation": false,
                    "showHidden": false,
                    "impersonationUseSudo": false,
                    "workingDir": "${p:componentProcess.defaultWorkDir}",
                    "commandName": "Run Groovy Script",
                    "pluginName": "Groovy",
                    "pluginVersion": 6,
                    "properties": {
                        "groovyHome": "${GROOVY_HOME}",
                        "scriptBody": "File file = new File(\"ibm-ucd-resources.json\");\nif (file.isDirectory()) {\n    throw new Exception(\"Directory exists in the way\");\n}\nif (file.isFile()) {\n   System.out.println(\"File already created\");\n}\nelse {\n    file.append(\"[\\n\", \"utf-8\");\n    File dir = new File(\".\");\n    boolean first = true; \n    dir.eachFileRecurse { curfile ->\n        if (curfile.getName().endsWith(\".json\") && !curfile.getName().equals(\"ibm-ucd-resources.json\")) { \n            if (first) {\n                first = false;\n            }\n            else {\n                file.append(\",\\n\", \"utf-8\");\n            }\n            curfile.eachLine { line -> \n                file.append(\"\\n\", \"utf-8\");\n                file.append(line);  /* Input JSON files are already UTF-8 encoded */\n            }\n        }\n    }\n    file.append(\"\\n]\", \"utf-8\");\n}"
                    },
                    "type": "plugin",
                    "name": "Combine Config Data",
                    "children": []
                },
                {
                    "allowFailure": false,
                    "useImpersonation": false,
                    "showHidden": true,
                    "impersonationUseSudo": false,
                    "workingDir": "${p:componentProcess.defaultWorkDir}",
                    "commandName": "WebSphere Configuration Apply",
                    "pluginName": "WAS - Configure",
                    "pluginVersion": 19,
                    "properties": {
                        "profilePath": "${p?:resource\/websphere.profilePath}",
                        "commandPath": "${p?:resource\/websphere.commandPath}",
                        "wasuser": "${p?:resource\/websphere.user}",
                        "waspassword": "${p?:resource\/websphere.password}",
                        "host": "${p?:resource\/websphere.host}",
                        "port": "${p?:resource\/websphere.port}",
                        "connType": "SOAP",
                        "resourcePath": "${p?:resource.path}",
                        "configurationTypes": "${p?:websphere.cell.configurationtypes}",
                        "configurationFile": "ibm-ucd-resources.json",
                        "updateAndCreateOnly": "true",
                        "logLevel": "3"
                    },
                    "type": "plugin",
                    "name": "Apply Config",
                    "children": []
                }
            ]
        }
    },
    {
            "name": "Live Comparison",
            "description": "",
            "defaultWorkingDir": "${p:resource\/work.dir}\/${p:component.name}",
            "takesVersion": true,
            "status": "",
            "active": true,
            "path": "componentTemplates\/b1047f16-cb4a-42ad-ae9b-0908ce4511dc\/processes\/919bc430-a6f6-479b-be17-97982350a315",
            "propDefs": [],
            "rootActivity": {
                "edges": [
                    {
                        "to": "Replace Tokens",
                        "from": "Download Artifacts",
                        "type": "SUCCESS",
                        "value": ""
                    },
                    {
                        "to": "8625fa10d4ee02e8e4bab2b4db68fd",
                        "from": "Comparison",
                        "type": "SUCCESS",
                        "value": ""
                    },
                    {
                        "to": "Run Groovy Script",
                        "from": "Replace Tokens",
                        "type": "SUCCESS",
                        "value": ""
                    },
                    {
                        "to": "Clean Work Directory",
                        "type": "ALWAYS",
                        "value": ""
                    },
                    {
                        "to": "Download Artifacts",
                        "from": "Clean Work Directory",
                        "type": "SUCCESS",
                        "value": ""
                    },
                    {
                        "to": "Comparison",
                        "from": "Run Groovy Script",
                        "type": "SUCCESS",
                        "value": ""
                    }
                ],
                "offsets": [
                    {
                        "name": "Run Groovy Script",
                        "x": -65,
                        "y": 360,
                        "h": 60,
                        "w": 210
                    },
                    {
                        "name": "Download Artifacts",
                        "x": -70,
                        "y": 180,
                        "h": 60,
                        "w": 220
                    },
                    {
                        "name": "Replace Tokens",
                        "x": -60,
                        "y": 270,
                        "h": 60,
                        "w": 200
                    },
                    {
                        "name": "Comparison",
                        "x": -145,
                        "y": 470,
                        "h": 50,
                        "w": 370
                    },
                    {
                        "name": "8625fa10d4ee02e8e4bab2b4db68fd",
                        "x": -5,
                        "y": 600,
                        "h": 50,
                        "w": 90
                    },
                    {
                        "name": "Clean Work Directory",
                        "x": -95,
                        "y": 92,
                        "h": 60,
                        "w": 270
                    }
                ],
                "type": "graph",
                "name": "511c018f-cacd-445e-bbef-7392eecae7a1",
                "children": [
                    {
                        "type": "finish",
                        "name": "8625fa10d4ee02e8e4bab2b4db68fd",
                        "children": []
                    },
                    {
                        "allowFailure": false,
                        "useImpersonation": false,
                        "showHidden": false,
                        "impersonationUseSudo": false,
                        "commandName": "Delete Files and Directories",
                        "pluginName": "File Utils",
                        "pluginVersion": 41,
                        "properties": {
                            "baseDir": ".",
                            "includes": "**\/*\n*",
                            "excludes": "",
                            "followSymlinks": "false",
                            "caseSensitive": "true"
                        },
                        "type": "plugin",
                        "name": "Clean Work Directory",
                        "children": []
                    },
                    {
                        "allowFailure": false,
                        "useImpersonation": false,
                        "showHidden": false,
                        "impersonationUseSudo": false,
                        "commandName": "Download Artifacts",
                        "pluginName": "IBM UrbanCode Deploy Versioned File Storage",
                        "pluginVersion": 23,
                        "properties": {
                            "directoryOffset": ".",
                            "artifactSetBaseDir": "",
                            "fileIncludePatterns": "**\/*",
                            "fileExcludePatterns": "",
                            "syncMode": "true",
                            "fullVerification": "true",
                            "setFileExecuteBits": "false",
                            "verifyFileIntegrity": "false",
                            "versionId": "${p:version.id}",
                            "serverUrl": "${p:server.url}",
                            "compId": "${p:component.id}",
                            "resId": "${p:resource.id}",
                            "charset": "",
                            "label": ""
                        },
                        "type": "plugin",
                        "name": "Download Artifacts",
                        "children": []
                    },
                    {
                        "allowFailure": false,
                        "useImpersonation": false,
                        "showHidden": false,
                        "impersonationUseSudo": false,
                        "commandName": "Replace Tokens",
                        "pluginName": "File Utils",
                        "pluginVersion": 48,
                        "properties": {
                            "customEncoding": "UTF-8",
                            "dir": ".",
                            "includes": "**\/*.json",
                            "excludes": "",
                            "startDelimiter": "@",
                            "endDelimiter": "@",
                            "propertyPrefix": "",
                            "propFile": "replace_tokens.properties",
                            "envPropValues": "${p:environment\/allProperties},${p:resource\/allProperties},${p:component\/allProperties}",
                            "explicitTokens": ""
                        },
                        "type": "plugin",
                        "name": "Replace Tokens",
                        "children": []
                    },
                    {
                        "allowFailure": false,
                        "useImpersonation": false,
                        "showHidden": false,
                        "impersonationUseSudo": false,
                        "commandName": "Run Groovy Script",
                        "pluginName": "Groovy",
                        "pluginVersion": 6,
                        "properties": {
                            "groovyHome": "${GROOVY_HOME}",
                            "scriptBody": "File file = new File(\"ibm-ucd-resources.json\");\nif (file.isDirectory()) {\n    throw new Exception(\"Directory exists in the way\");\n}\nif (file.isFile()) {\n   System.out.println(\"File already created\");\n}\nelse {\n    file.append(\"[\\n\", \"utf-8\");\n    File dir = new File(\".\");\n    boolean first = true; \n    dir.eachFileRecurse { curfile ->\n        if (curfile.getName().endsWith(\".json\") && !curfile.getName().equals(\"ibm-ucd-resources.json\")) { \n            if (first) {\n                first = false;\n            }\n            else {\n                file.append(\",\\n\", \"utf-8\");\n            }\n            curfile.eachLine { line -> \n                file.append(\"\\n\", \"utf-8\");\n                file.append(line);  /* Input JSON files are already UTF-8 encoded */\n            }\n        }\n    }\n    file.append(\"\\n]\", \"utf-8\");\n}"
                        },
                        "type": "plugin",
                        "name": "Run Groovy Script",
                        "children": []
                    },
                    {
                        "allowFailure": false,
                        "useImpersonation": false,
                        "showHidden": true,
                        "impersonationUseSudo": false,
                        "commandName": "WebSphere Configuration Compare",
                        "pluginName": "WAS - Configure",
                        "pluginVersion": 19,
                        "properties": {
                            "profilePath": "${p?:resource\/websphere.profilePath}",
                            "commandPath": "${p?:resource\/websphere.commandPath}",
                            "wasuser": "${p?:resource\/websphere.user}",
                            "waspassword": "${p?:resource\/websphere.password}",
                            "host": "${p?:resource\/websphere.host}",
                            "port": "${p?:resource\/websphere.port}",
                            "connType": "SOAP",
                            "resourcePath": "${p?:resource.path}",
                            "configurationTypes": "${p?:websphere.cell.configurationtypes}",
                            "configurationFile": "ibm-ucd-resources.json",
                            "compProcessRequestId": "${p?:request.id}",
                            "logLevel": "3"
                        },
                        "type": "plugin",
                        "name": "Comparison",
                        "children": []
                    }
                ]
            }
    }],
    "genericProcesses": [],
    "teamMappings": []
}