<?xml version="1.0" encoding="UTF-8"?><!--
- Licensed Materials - Property of HCL
- UrbanCode Build
- (c) Copyright HCL Technologies Ltd. 2018. All Rights Reserved.
--><pluginInfo xmlns="http://www.urbancode.com/InfoXMLSchema_v1" xmlns:server="http://www.urbancode.com/PluginServerXMLSchema_v1" xmlns:xsi="http://www.w3.org/2001/XMLSchema-instance">
  <!-- Do not change the release-version, the build process injects it. -->
  <release-version>2.1007779</release-version>

  <release-notes>

    <release-note plugin-version="1">
      Initial release
    </release-note>

    <release-note plugin-version="2">
      Remove the publish step due to being unusable, and add a new property to "Run Test" step for specifying the Mocha reporter to use when generating test reports.
    </release-note>

  </release-notes>
</pluginInfo>