<?xml version="1.0" encoding="UTF-8"?>
<!--
- Licensed Materials - Property of HCL
- UrbanCode Build
- (c) Copyright HCL Technologies Ltd. 2018. All Rights Reserved.
-->

<plugin-upgrade
        xmlns="http://www.urbancode.com/UpgradeXMLSchema_v1"
        xmlns:xsi="http://www.w3.org/2001/XMLSchema-instance">

  <migrate to-version="1">
  </migrate>
  
  <migrate to-version="2">
    <migrate-command name="Run Test">
      <migrate-properties>
        <migrate-property name="reporter" default="doc"/>
      </migrate-properties>
    </migrate-command>
    <remove-command name="Publish Test Result"/>
  </migrate>

</plugin-upgrade>