<?xml version="1.0" encoding="UTF-8"?>
<plugin-upgrade
        xmlns="http://www.urbancode.com/UpgradeXMLSchema_v1"
        xmlns:xsi="http://www.w3.org/2001/XMLSchema-instance">
  
  <migrate to-version="2">
  </migrate>
  
  <migrate to-version="3">
    <migrate-id old="com.urbancode.plugin.maven" new="com.urbancode.air.plugin.maven"></migrate-id>
  </migrate>
  
  <migrate to-version="4">
    <migrate-command name="Maven Build">
      <migrate-properties>
        <migrate-property name="scriptContent" />
      </migrate-properties>
    </migrate-command>
  </migrate>
  
  <migrate to-version="5">
  </migrate>
  
</plugin-upgrade>