<?xml version="1.0" encoding="UTF-8"?><pluginInfo>
  <!-- Do not change the release-version, the build process injects it. -->
  <release-version>5.910198</release-version>

  <release-notes>
    <!--
      The release-note should document the changes, improvements, or bug fixes introduced
      with the new plugin version

      The release-note may contain text

      For example your release note could be:
      Support for was added for version 10.0 for software X

      To add a new release note add this with a description in it of the changes:
      <release-note plugin-version="1">....</release-note>
    -->

    <release-note plugin-version="1">
Initial Release of plugin to import a RuleApp jar from IBM Decision Center as a component version.
    </release-note>

    <release-note plugin-version="2">
Support property file encryption.
    </release-note>

    <release-note plugin-version="3">
Eliminated need for supporting jars when importing RuleApps from ODM Classic Rule Projects.
    </release-note>

    <release-note plugin-version="4">
Added the ability to export RuleApps with Deployment Configurations from Decision Services.
    </release-note>

    <release-note plugin-version="5">
Removed need to name Rule App Archive.
Updated error catching and logging.
Fixes APAR PI79804 - Plugin failing to extract non-deployment snapshots.
    </release-note>
  </release-notes>
</pluginInfo>