<?xml version="1.0" encoding="UTF-8"?>
<!--
======================================================================
Licensed Materials - Property of IBM Corp. 
IBM Rational Automation Framework 
(c) Copyright IBM Corporation 2003, 2012. All Rights Reserved.   

U.S. Government Users Restricted Rights - Use, duplication or disclosure restricted by 
GSA ADP Schedule Contract with IBM Corp. 


File name: configure_was_common_base_dmgr.xml

Defines configuration actions that exist at node and dmgr level scope
======================================================================
-->

<project default="default" basedir=".">
	<description>
		Defines configuration actions that exist at node and dmgr level scope
	</description>

	<!-- import RAFW library -->
	<import file="${RAFW_HOME}/product/lib/RAFW_lib.xml" />

	<!-- these targets allow custom common configurations  -->
	<import file="${RAFW_HOME}/user/actions/configure/was/common/base/custom_configure_was_common_base_dmgr.xml" />

	<!-- these targets allow incubator common configurations  -->
	<import file="${RAFW_HOME}/incubator/actions/configure/was/common/base/incubator_configure_was_common_base_dmgr.xml" />

	<target name="was_common_configure_add_db2profile_to_start"
	        depends="only_execute"
	        description="Updates the start scripts to source the db2profile">
		<if>
			<isset property="WAS_HOME" />
			<then>
				<property name="HOME" value="${WAS_HOME}" />
			</then>
			<else>
				<property name="HOME" value="${ND_WAS_HOME}" />
			</else>
		</if>
		<antcall target="update_start_scripts">
			<param name="WAS_HOME" value="${HOME}" />
			<param name="DB2_CLIENT_HOME" value="${DB2_CLIENT_HOME}" />
		</antcall>
	</target>

	<rafwaction name="was_common_configure_server_entries"
	            augmentmode="false"
	            comparemode="true"
	            importmode="true"
	            promotemode="true" />
	<target name="was_common_configure_server_entries"
	        description="Manages ServerEntries"
	        depends="was_init,scope_init">

		<rafwlog id="CRWWA3017I" resourcebundle="was">
			<logarg value="${MODE}}" />
			<logarg value="${SCOPE}" />
			<logarg value="${SCOPE_NAME}" />
		</rafwlog>
		<setdatafile resourcefile="serverEntries" />
		<antcall target="assert_file">
			<param name="FILE" value="${DATA_FILE}" />
		</antcall>
		<cfgcallwsadmin target="was_common_configure_server_entries"
		                datamarker="serverEntries"
		                script="${WAS_COMMON_SCRIPTS}/serverEntries.py" />
	</target>

	<rafwaction name="was_common_configure_copy_dbdrivers"
	            importmode="true"
	            comparemode="true"
	            promotemode="true"
	            augmentmode="true">
	</rafwaction>
	<target name="was_common_configure_copy_dbdrivers"
	        depends="promote_source_scope_init"
	        description="Copy db drivers to/from target system">
		<!-- setting ${DB_DRIVER_HOME} for WP before running this action -->
		<if>
			<!--Lets check if we're portal -->
			<and>
				<isset property="WP_VERSION"/>
				<or>
					<equals arg1="${WP_VERSION}" arg2="70" />
					<equals arg1="${WP_VERSION}" arg2="80" />
				</or>
			</and>
			<then>
				<if>
					<isset property="BASE_CELL_NAME" />
					<then>
						<!-- We're a base install -->
						<property name="DB_DRIVER_HOME" value="${BASE_WAS_PROF_HOME}/PortalServer/dbdrivers/" />
					</then>
					<else>
						<property name="DB_DRIVER_HOME" value="${ND_WAS_PROF_HOME}/PortalServer/dbdrivers/" />
					</else>
				</if>
			</then>
		</if>
		<assertpropertyset property="DB_DRIVER_HOME" />
		<copy_content frameworkdir="dbdrivers" scopedir="${CELL_HOME}"
		       sourcescopedir="${SOURCE_CELL_HOME}" runtimedir="${DB_DRIVER_HOME}" />
	</target>

	<rafwaction name="was_common_configure_copy_shared_libs"
	            comparemode="true"
	            importmode="true"
	            promotemode="true"
	            augmentmode="true">
		<inherit name="addFilesToVisualCompare" />
	</rafwaction>
	<target name="was_common_configure_copy_shared_libs"
	        depends="scope_init, promote_source_scope_init"
	        description="Copy shared libs to/from target system">
		<!-- ${SHARED_LIB_HOME} must be set before running this action -->
		<assertpropertyset property="SHARED_LIB_HOME" />
		<copy_content frameworkdir="sharedLibs"
		              scopedir="${CELL_HOME}"
		              sourcescopedir="${SOURCE_CELL_HOME}"
		              runtimedir="${SHARED_LIB_HOME}" />
	</target>

	<target name="was_common_configure_backup_config"
	        depends="only_execute,was_init"
	        description="Backs up the configuration  profiles">
		<property name="BACKUP_DIR" value="${SCOPE_HOME}/backup" />
		<mkdir dir="${BACKUP_DIR}" />
		<tstamp />
				
		<rafwlog id="CRWWA3018I" resourcebundle="was">
			<logarg value="${PROFILE_NAME}" />
		</rafwlog>
		<antcall target="execute">
			<param name="EXECUTABLE" value="${WAS_PROF_HOME}/bin/backupConfig${SCRIPT_EXT}" />
			<param name="ARGS"
			       value="${BACKUP_DIR}/${PROFILE_NAME}_${DSTAMP}.zip -profileName ${PROFILE_NAME} -logfile ${LOG_HOME}/backup_config.txt -user ${WAS_USERNAME} -password ${WAS_PASSWORD} -nostop" />
		</antcall>
	</target>

	<target name="was_common_configure_restore_config"
	        depends="only_execute,was_init"
	        description="Restores the configuration profile to RESTORE_DATE">
		<if>
			<or>
				<not>
					<isset property="RESTORE_DATE" />
				</not>
				<equals arg1="${RESTORE_DATE}" arg2="" />
			</or>
			<then>
				<tstamp />
				<rafwlog id="CRWWA4003I" resourcebundle="was">
					<logarg value="${CELL_HOME}" />
					<logarg value="${DSTAMP}" />
				</rafwlog>
			</then>
			<else>
				
				<rafwlog id="CRWWA3019I" resourcebundle="was">
					<logarg value="${RESTORE_DATE}" />
				</rafwlog>
				<property name="BACKUP_DIR" value="${SCOPE_HOME}/backup" />

				<rafwlog id="CRWWA3020I" resourcebundle="was">
					<logarg value="${PROFILE_NAME}" />
					<logarg value="${PROFILE_NAME}_${RESTORE_DATE}.zip" />
				</rafwlog>
				<antcall target="execute">
					<param name="EXECUTABLE"
					       value="${WAS_PROF_HOME}/bin/restoreConfig${SCRIPT_EXT}" />
					<param name="ARGS"
					       value="${BACKUP_DIR}/${PROFILE_NAME}_${RESTORE_DATE}.zip -profileName ${PROFILE_NAME} -logfile ${LOG_HOME}/restore_config.txt -user ${WAS_USERNAME} -password ${WAS_PASSWORD} -nostop" />
				</antcall>
			</else>
		</if>
	</target>

	<target name="was_common_configure_security_create_certificate_request"
	        depends="only_execute,scope_init"
	        description="Creates a self-signed certificate in the specified key store">
		<antcall target="call_wsadmin">
			<param name="TASK" value="was_common_configure_security_create_certificate_request" />
			<param name="LANG" value="jython" />
			<param name="SCRIPT_NAME"
			       value="${RAFW_HOME}/product/actions/configure/was/common/scripts/certificateRequest.py" />
			<param name="ARGS"
			       value="-scope ${SCOPE} -scopename @{NAME} -cellName ${CELL_NAME} -nodeName ${NODE_NAME} -action CREATE_CERTIFICATE_REQUEST -properties ${SCOPE_HOME}/configure_local.properties" />
		</antcall>
	</target>

	<target name="was_common_configure_security_delete_certificate_request"
	        depends="only_execute,scope_init"
	        description="Deletes a self-signed certificate from the specified key store.">
		<antcall target="call_wsadmin">
			<param name="TASK" value="was_common_configure_security_delete_certificate_request" />
			<param name="LANG" value="jython" />
			<param name="SCRIPT_NAME"
			       value="${RAFW_HOME}/product/actions/configure/was/common/scripts/certificateRequest.py" />
			<param name="ARGS"
			       value="-scope ${SCOPE} -scopename @{NAME} -cellName ${CELL_NAME} -nodeName ${NODE_NAME} -action DELETE_CERTIFICATE_REQUEST -properties ${SCOPE_HOME}/configure_local.properties" />
		</antcall>
	</target>

	<target name="was_common_configure_security_extract_certificate_request"
	        depends="only_execute,scope_init"
	        description="extracts a certificate request to a file">
		<antcall target="call_wsadmin">
			<param name="TASK" value="was_common_configure_security_extract_certificate_request" />
			<param name="LANG" value="jython" />
			<param name="SCRIPT_NAME"
			       value="${RAFW_HOME}/product/actions/configure/was/common/scripts/certificateRequest.py" />
			<param name="ARGS"
			       value="-scope ${SCOPE} -scopename @{NAME} -cellName ${CELL_NAME} -nodeName ${NODE_NAME} -action EXTRACT_CERTIFICATE_REQUEST -properties ${SCOPE_HOME}/configure_local.properties" />
		</antcall>
	</target>

	<target name="was_common_configure_security_delete_personal_certificate"
	        depends="only_execute,scope_init"
	        description="Deletes a personal certificate from a keystore">
		<antcall target="call_wsadmin">
			<param name="TASK" value="was_common_configure_security_delete_personal_certificate" />
			<param name="LANG" value="jython" />
			<param name="SCRIPT_NAME"
			       value="${RAFW_HOME}/product/actions/configure/was/common/scripts/personalCertificates.py" />
			<param name="ARGS"
			       value="-scope ${SCOPE} -scopename @{NAME} -cellName ${CELL_NAME} -nodeName ${NODE_NAME} -action DELETE_CERTIFICATE -properties ${SCOPE_HOME}/configure_local.properties" />
		</antcall>
	</target>

	<target name="was_common_configure_security_receive_personal_certificate"
	        depends="only_execute,scope_init"
	        description="Receive a signer certificate from a file to a personal certificate">
		<antcall target="call_wsadmin">
			<param name="TASK" value="was_common_configure_security_receive_personal_certificate" />
			<param name="LANG" value="jython" />
			<param name="SCRIPT_NAME"
			       value="${RAFW_HOME}/product/actions/configure/was/common/scripts/personalCertificates.py" />
			<param name="ARGS"
			       value="-scope ${SCOPE} -scopename @{NAME} -cellName ${CELL_NAME} -nodeName ${NODE_NAME} -action RECEIVE_CERTIFICATE -properties ${SCOPE_HOME}/configure_local.properties" />
		</antcall>
	</target>

	<target name="was_common_configure_collect_was_logs"
	        depends="only_execute,was_init"
	        description="Collects the WebSphere JVM standard output and error logs">
		<tstamp>
			<format property="timestamp" pattern="MM.dd.yyyy.hh.mm.ss" />
		</tstamp>
		<property name="zip.name" value="${NODE_NAME}_${timestamp}.zip" />
		<if>
			<preview />
			<then>
				
				<rafwlog id="CRWWA3021I" resourcebundle="was">
					<logarg value="${WAS_PROF_HOME}" />
					<logarg value="${LOG_HOME}/${zip.name}" />
				</rafwlog>
			</then>
			<else>
				<zip destfile="${LOG_HOME}/${zip.name}">
					<zipfileset dir="${WAS_PROF_HOME}/logs" prefix="${NODE_NAME}/logs">
						<include name="**/SystemOut*.log" />
						<include name="**/SystemErr*.log" />
					</zipfileset>
				</zip>
			</else>
		</if>
	</target>

</project>

