<?xml version="1.0" encoding="UTF-8"?>
<!DOCTYPE project [
]>

<!-- 
====================================================================== 
Licensed Materials - Property of IBM Corp. 
IBM Rational Automation Framework 
(c) Copyright IBM Corporation 2003, 2012. All Rights Reserved.   

U.S. Government Users Restricted Rights - Use, duplication or disclosure restricted by 
GSA ADP Schedule Contract with IBM Corp. 


File name: configure_was_common_flex.xml

This is the deploy build file
====================================================================== 
-->

<project default="default" basedir=".">
	<description>
		WebSphere application server common flexible management config targets
	</description>


	<target name="was_common_configure_register_base_node_with_job_manager"
	        depends="only_execute"
	        description="Register WAS base node with Job Manager">

		
		<!-- include required variables -->
		<if>
			<available file="${NODE_HOME}/register_base_node_for_job_manager.properties" />
			<then>

				<property file="${NODE_HOME}/register_base_node_for_job_manager.properties" />
				
				<antcall target="call_wsadmin">
					<param name="TASK" value="was_common_configure_register_base_node_with_job_manager" />
					<param name="LANG" value="jython" />
					<param name="SCRIPT_NAME"
					       value="${RAFW_HOME}/product/actions/configure/was/common/base/scripts/registerBaseNodeWithJobManager.py" />
					<param name="ARGS"
					       value="-port ${ADMIN_AGENT_SOAP_PORT} -job_manager_host ${JOB_MANAGER_HOST} -job_manager_port ${JOB_MANAGER_ADMIN_SECURE_PORT} -managedNodeName ${APP_NODE_PROFILE} -profileName ${NODE_NAME} -nodeuser ${APP_NODE_ADMIN_USER} -nodepassword ${APP_NODE_ADMIN_PASSWORD}" />
				</antcall>
				
			</then>
			<else>
				
				<rafwlog id="CRWWA3022I" resourcebundle="was">
					<logarg value="${NODE_HOME}/register_base_node_for_job_manager.properties" />
				</rafwlog>
			</else>
		</if>
				
				
	</target>
	
	<target name="was_common_configure_start_job_manager"
	        description="Start the job manager server" depends="only_execute,was_init">
		<property name="STARTMANAGER" location="${WAS_PROF_HOME}/bin/startServer${SCRIPT_EXT}" />
		<antcall target="execute">
			<param name="EXECUTABLE" value="${STARTMANAGER}" />
			<param name="ARGS" value="jobmgr" />
			<param name="FAILONERROR" value="true" />
			<!-- fail if startManager cannot be found -->
			<param name="FAILIFEXECUTIONFAILS" value="true" />
		</antcall>
	</target>

	<target name="was_common_configure_stop_job_manager"
	        description="Stop the job manager server"
	        depends="only_execute,was_init">
		<property name="STARTMANAGER"
		          location="${WAS_PROF_HOME}/bin/stopServer${SCRIPT_EXT}" />
		<if>
			<equals arg1="true" arg2="${USE_SOAP_CLIENT_PROP_FILE}" />
			<then>
				<var name="CONNECT_ARGS" value="" />
			</then>
			<else>
				<var name="CONNECT_ARGS" value="-username ${WAS_USERNAME} -password ${WAS_PASSWORD}" />
			</else>
		</if>
		<antcall target="execute">
			<param name="EXECUTABLE" value="${STARTMANAGER}" />
			<param name="ARGS" value="jobmgr ${CONNECT_ARGS}" />
			<param name="FAILONERROR" value="true" />
			<!-- fail if startManager cannot be found -->
			<param name="FAILIFEXECUTIONFAILS" value="true" />
		</antcall>
	</target>
	
	<target name="was_common_configure_start_admin_agent"
	        description="Start the administration agent server"
	        depends="only_execute,was_init">
		<property name="STARTMANAGER" location="${WAS_PROF_HOME}/bin/startServer${SCRIPT_EXT}" />
		<antcall target="execute">
			<param name="EXECUTABLE" value="${STARTMANAGER}" />
			<param name="ARGS" value="adminagent" />
			<param name="FAILONERROR" value="true" />
			<!-- fail if startManager cannot be found -->
			<param name="FAILIFEXECUTIONFAILS" value="true" />
		</antcall>
	</target>

	<target name="was_common_configure_stop_admin_agent"
	        description="Stop the administration agent server"
	        depends="only_execute,was_init">
		<property name="STOPMANAGER"
		          location="${WAS_PROF_HOME}/bin/stopServer${SCRIPT_EXT}" />
		<if>
			<equals arg1="true" arg2="${USE_SOAP_CLIENT_PROP_FILE}" />
			<then>
				<var name="CONNECT_ARGS" value="" />
			</then>
			<else>
				<var name="CONNECT_ARGS" value="-username ${WAS_USERNAME} -password ${WAS_PASSWORD}" />
			</else>
		</if>
		<antcall target="execute">
			<param name="EXECUTABLE" value="${STOPMANAGER}" />
			<param name="ARGS" value="adminagent ${CONNECT_ARGS}" />
			<param name="FAILONERROR" value="true" />
			<!-- fail if startManager cannot be found -->
			<param name="FAILIFEXECUTIONFAILS" value="true" />
		</antcall>
	</target>

	<target name="was_common_configure_reset_admin_agent_soap_port"
		depends="only_execute"
		description="Sets the value of the administrative agent SOAP port in the RAF environment to blank.">
		
		<antcall target="update_property_file">
			<param name="PROPERTY_FILE" value="${CELL_PROPERTIES}" />
			<param name="KEY" value="ADMIN_AGENT_SOAP_PORT" />
			<param name="VALUE" value="" />
		</antcall>
		
	</target>
	
	<target name="was_common_configure_read_admin_agent_soap_port"
	    depends="only_execute"
	    description="Reads the SOAP port of the administrative agent and updates RAF environment with it.">
		
		<antcall target="call_wsadmin">
			<param name="TASK" value="was_common_configure_read_admin_agent_soap_port" />
			<param name="LANG" value="jython" />
			<param name="SCRIPT_NAME"
			       value="${RAFW_HOME}/product/actions/configure/was/common/base/scripts/listAdminAgentNodeSoapPort.py" />
			<param name="ARGS"
			       value="-adminAgentNodeName ${NODE_NAME}" />
		</antcall>

		<property file="${RAFW_HOME}/work/${NODE_NAME}_soap.properties" />
		<antcall target="update_property_file">
			<param name="PROPERTY_FILE" value="${CELL_PROPERTIES}" />
			<param name="KEY" value="ADMIN_AGENT_SOAP_PORT" />
			<param name="VALUE" value="${SOAP_PORT_VALUE}" />
		</antcall>
	</target>
	
	<rafwaction name="was_common_configure_read_managed_node_soap_port">
		<option name="managedNodeName" required="true" />
	</rafwaction>
	<target name="was_common_configure_read_managed_node_soap_port"
	    depends="only_execute"
	    description="Reads the SOAP port of the specified managed node and updates RAF environment with it.">
		<if>
			<not>
				<isset property="opt.managedNodeName" />
			</not>
			<then>
				<fail>The required option 'managedNodeName' is not specified.</fail>
			</then>
		</if>
		<antcall target="call_wsadmin">
			<param name="TASK" value="was_common_configure_read_managed_node_soap_port_${opt.managedNodeName}" />
			<param name="LANG" value="jython" />
			<param name="SCRIPT_NAME"
			       value="${RAFW_HOME}/product/actions/configure/was/common/base/scripts/listManagedNodeSoapPort.py" />
			<param name="ARGS"
			       value="-managedNodeName ${opt.managedNodeName}" />
		</antcall>
		<property name="MANAGED_NODE_INSTALL_PROPERTIES"
		         value="${RAFW_HOME}/user/environments/${ENV_NAME}/cells/${CELL_NAME}/nodes/${opt.managedNodeName}/install.properties" />
		<property file="${RAFW_HOME}/work/${opt.managedNodeName}_soap.properties" />
		<antcall target="update_property_file">
			<param name="PROPERTY_FILE" value="${MANAGED_NODE_INSTALL_PROPERTIES}" />
			<param name="KEY" value="SOAP_PORT" />
			<param name="VALUE" value="${SOAP_PORT_VALUE}" />
		</antcall>
	</target>
	
</project>

