<?xml version="1.0" encoding="UTF-8" standalone="no"?>
<!--
- Licensed Materials - Property of HCL
- UrbanCode Deploy
- (c) Copyright HCL Technologies Ltd. 2018. All Rights Reserved.
--><pluginInfo xmlns="http://www.urbancode.com/InfoXMLSchema_v1" xmlns:server="http://www.urbancode.com/PluginServerXMLSchema_v1" xmlns:xsi="http://www.w3.org/2001/XMLSchema-instance">
  <!-- Do not change the release-version, the build process injects it. -->
  <release-version>5.1049716</release-version>

  <release-notes>

    <release-note plugin-version="1">
      Initial release, providing the capability to upload build data to UrbanCode Velocity.
    </release-note>

    <release-note plugin-version="2">
      Add revision to build data that is sent to UrbanCode Velocity.
    </release-note>

    <release-note plugin-version="3">
      Fix for proper revision and requester name lookup.
    </release-note>

    <release-note plugin-version="4">
      Add version name property and rename "name" to "Build Name" to clarify its purpose.
    </release-note>

    <release-note plugin-version="5">
      Revision to upload metrics data that is sent to UrbanCode Velocity.
    </release-note>

  </release-notes>
</pluginInfo>
