<?xml version="1.0" encoding="UTF-8"?>
<!--
- Licensed Materials - Property of HCL
- UrbanCode Deploy
- (c) Copyright HCL Technologies Ltd. 2018. All Rights Reserved.
-->

<plugin-upgrade
        xmlns="http://www.urbancode.com/UpgradeXMLSchema_v1"
        xmlns:xsi="http://www.w3.org/2001/XMLSchema-instance">

  <migrate to-version="1">
  </migrate>

  <migrate to-version="2">
  </migrate>

  <migrate to-version="3">
  </migrate>

  <migrate to-version="4">
    <migrate-command name="Upload build data">
      <migrate-properties>
        <migrate-property name="versionName" default="${gvy:StampLookup.latestStampValue}"/>
        <migrate-property old="name" name="buildName" default="Build life ${p:buildlife/id}"/>
      </migrate-properties>
    </migrate-command>
  </migrate>

  <migrate to-version="5">
      <migrate-command name="Upload Metrics Data">
      </migrate-command>
  </migrate>

</plugin-upgrade>