<?xml version="1.0" encoding="UTF-8"?>
<!DOCTYPE project [
]>

<!-- 
====================================================================== 
Licensed Materials - Property of IBM Corp. 
IBM Rational Automation Framework 
(c) Copyright IBM Corporation 2003, 2012. All Rights Reserved.   

U.S. Government Users Restricted Rights - Use, duplication or disclosure restricted by 
GSA ADP Schedule Contract with IBM Corp. 


File name: configure_was80_base.xml

Defines actions available at the node scope in WAS 8.0

These actions are available to WAS80 at the node scope.
====================================================================== 
-->

<project default="default" basedir=".">
	<description>
		WebSphere application server 80 base config targets
	</description>

	<!-- import core first, in case any upstream .xml files didn't load it already  -->
	<import file="${RAFW_HOME}/product/lib/core.xml" />

	<!-- import the was custom product/actions/configure targets -->
	<import file="${RAFW_HOME}/user/actions/configure/was/80/base/custom_configure_was80_base.xml" />

	<!-- import the 80 actions available at node and dmgr scope -->
	<import file="${RAFW_HOME}/product/actions/configure/was/80/base/configure_was80_base_dmgr.xml" />

	<!-- import the common actions available at all scopes -->
	<import file="${RAFW_HOME}/product/actions/configure/was/common/configure_was_common.xml" />

	<!-- import the was common all-scopes actions added for 6.1 and higher -->
	<import file="${RAFW_HOME}/product/actions/configure/was/common/configure_was_since_61.xml" />

	<!-- import the common actions available at the node scope -->
	<import file="${RAFW_HOME}/product/actions/configure/was/common/base/configure_was_common_base.xml" />

	<import file="${RAFW_HOME}/product/actions/configure/was/common/base/configure_was_base_since_70.xml" />

</project>

