<?xml version="1.0" encoding="UTF-8"?>
<!DOCTYPE project [
]>

<!-- 
====================================================================== 
Licensed Materials - Property of IBM Corp. 
IBM Middleware Configuration for WebSphere 
(c) Copyright IBM Corporation 2003, 2013. All Rights Reserved.   

U.S. Government Users Restricted Rights - Use, duplication or disclosure restricted by 
GSA ADP Schedule Contract with IBM Corp. 


File name: configure_was85_flex.xml

This is the deploy build file
====================================================================== 
-->

<project default="default" basedir=".">
	<description>
		WebSphere application server 85 flexible managment config targets
	</description>

	<import file="${RAFW_HOME}/product/actions/configure/was/common/base/configure_was_common_flex.xml" />

	<target name="was_85_configure_register_base_node_with_job_manager"
	        depends="only_execute,was_common_configure_register_base_node_with_job_manager">	
	</target>
	
	<target name="was_85_configure_start_job_manager"
	        depends="only_execute,was_init,was_common_configure_start_job_manager">
	</target>

	<target name="was_85_configure_stop_job_manager"
	        depends="only_execute,was_init,was_common_configure_stop_job_manager">
	</target>
	
	<target name="was_85_configure_start_admin_agent"
	        depends="only_execute,was_init,was_common_configure_start_admin_agent">
	</target>

	<target name="was_85_configure_stop_admin_agent"
	        depends="only_execute,was_init,was_common_configure_stop_admin_agent">
	</target>
	
</project>

