<?xml version="1.0" encoding="UTF-8" standalone="no"?>
<!--
- Licensed Materials - Property of IBM Corp.
- IBM UrbanCode Build
- (c) Copyright IBM Corporation 2012, 2014. All Rights Reserved.
-
- U.S. Government Users Restricted Rights - Use, duplication or disclosure restricted by
- GSA ADP Schedule Contract with IBM Corp.
-->
<plugin-upgrade xmlns="http://www.urbancode.com/UpgradeXMLSchema_v1" xmlns:xsi="http://www.w3.org/2001/XMLSchema-instance">

  <migrate to-version="2">
    <migrate-id new="com.urbancode.air.plugin.jira" old="com.urbancode.plugin.jira"/>
  </migrate>

  <migrate to-version="3">
  </migrate>

  <migrate to-version="4">
  </migrate>

  <migrate to-version="5">
  </migrate>

  <migrate to-version="6">
  </migrate>

  <migrate to-version="7">
    <migrate-command name="Add Comments">
      <migrate-properties>
        <migrate-property name="failMode"/>
        <migrate-property name="commentBody"/>
      </migrate-properties>
    </migrate-command>
    <migrate-command name="Create Issue">
      <migrate-properties>
        <migrate-property name="priorityName" default=""/>
        <migrate-property name="assignee" default=""/>
        <migrate-property name="environment"/>
      </migrate-properties>
    </migrate-command>
    <migrate-command name="Update Issue">
      <migrate-properties>
        <migrate-property name="failMode" default="FAIL_FAST"/>
        <migrate-property name="transitionName" old="actionName" default="Resolve Issue"/>
        <migrate-property name="resolutionName" default="Done"/>
        <migrate-property name="additionalComment"/>
      </migrate-properties>
    </migrate-command>
    <migrate-command name="Check Status">
      <migrate-properties>
        <migrate-property name="statusName"/>
      </migrate-properties>
    </migrate-command>
    <migrate-property-group name="Automation" type="Automation">
      <remove-properties>
        <remove-property name="serverIssueUrl"/>
        <remove-property name="serverVersion"/>
      </remove-properties>
    </migrate-property-group>
  </migrate>

</plugin-upgrade>
