<?xml version="1.0" encoding="UTF-8"?>

<!--
======================================================================
Licensed Materials - Property of IBM Corp. 
IBM Rational Automation Framework 
(c) Copyright IBM Corporation 2003, 2012. All Rights Reserved.   

U.S. Government Users Restricted Rights - Use, duplication or disclosure restricted by 
GSA ADP Schedule Contract with IBM Corp. 


File name: configure_wbi_common.xml

This is the configuration build file.
======================================================================
-->

<project default="default" basedir=".">
	<description>
		Contains common configuration tasks for WBI ND
	</description>

	<!-- include environment variables -->
	<property environment="env" />

	<!-- import RAFW library -->
	<import file="${RAFW_HOME}/product/lib/RAFW_lib.xml" />

	<target name="wbi_common_configure_create_dep_env_topology_file" depends="only_execute">
		<!-- replace common wps and wbi information -->
		<copy overwrite="true" file="${srcFile}" tofile="${dstFile}">
			<filterchain>
				<replacetokens>
					<token key="CELL_NAME" value="${CELL_NAME}" />

					<token key="wbi.DeploymentEnvironment.Name" value="${wbi.DeploymentEnvironment.Name}" />
					<token key="wbi.SupportCluster.Name" value="${wbi.SupportCluster.Name}" />
					<token key="wbi.MessagingCluster.Name" value="${wbi.MessagingCluster.Name}" />
					<token key="wbi.ApplicationCluster.Name" value="${wbi.ApplicationCluster.Name}" />
					<token key="wbi.WebCluster.Name" value="${wbi.WebCluster.Name}" />

					<token key="wps.JMS.BPC.JMSUser" value="${wps.JMS.BPC.JMSUser}" />
					<token key="wps.JMS.BPC.JMSGroup" value="${wps.JMS.BPC.JMSGroup}" />
					<token key="wps.JMS.BPC.JMSPassword" value="${wps.JMS.BPC.JMSPassword}" />
					<token key="wbi.JMS.CEI.JMSUser" value="${wbi.JMS.CEI.JMSUser}" />
					<token key="wbi.JMS.CEI.JMSGroup" value="${wbi.JMS.CEI.JMSGroup}" />
					<token key="wbi.JMS.CEI.JMSPassword" value="${wbi.JMS.CEI.JMSPassword}" />

					<token key="wbi.DB.DbType" value="${wbi.DB.DbType}" />
					<token key="wbi.DB.WPSFixPackLevel" value="${wbi.DB.WPSFixPackLevel}" />
					<token key="wbi.DB.WESBFixPackLevel" value="${wbi.DB.WESBFixPackLevel}" />

					<token key="wbi.DB.Common.DbName" value="${wbi.DB.Common.DbName}" />
					<token key="wbi.DB.Common.DbPassword" value="${wbi.DB.Common.DbPassword}" />
					<token key="wbi.DB.Common.DbUser" value="${wbi.DB.Common.DbUser}" />
					<token key="wbi.DB.Common.DbHost" value="${wbi.DB.Common.DbHost}" />
					<token key="wbi.DB.Common.DbPort" value="${wbi.DB.Common.DbPort}" />
					<!-- this may require parsing db type -->
					<token key="wbi.DB.Common.DbUrl" value="${wbi.DB.Common.DbUrl}" />
					<token key="wbi.DB.Common.DbStorageGroup" value="${wbi.DB.Common.DbStorageGroup}" />
					<token key="wbi.DB.Common.DbSchemaName" value="${wbi.DB.Common.DbSchemaName}" />
					<token key="wbi.DB.Common.DbConnectionLocation" value="${wbi.DB.Common.DbConnectionLocation}" />

					<token key="wbi.DB.CEIEvent.DbName" value="${wbi.DB.CEIEvent.DbName}" />
					<token key="wbi.DB.CEIEvent.DbPassword" value="${wbi.DB.CEIEvent.DbPassword}" />
					<token key="wbi.DB.CEIEvent.DbUser" value="${wbi.DB.CEIEvent.DbUser}" />
					<token key="wbi.DB.CEIEvent.DbHost" value="${wbi.DB.CEIEvent.DbHost}" />
					<token key="wbi.DB.CEIEvent.DbPort" value="${wbi.DB.CEIEvent.DbPort}" />
					<!-- this may require parsing db type -->
					<token key="wbi.DB.CEIEvent.DbUrl" value="${wbi.DB.CEIEvent.DbUrl}" />
					<token key="wbi.DB.CEIEvent.DbStorageGroup" value="${wbi.DB.CEIEvent.DbStorageGroup}" />
					<token key="wbi.DB.CEIEvent.DbSchemaName" value="${wbi.DB.CEIEvent.DbSchemaName}" />
					<token key="wbi.DB.CEIEvent.DbConnectionLocation" value="${wbi.DB.CEIEvent.DbConnectionLocation}" />

					<token key="wbi.DB.CEIME.DbName" value="${wbi.DB.CEIME.DbName}" />
					<token key="wbi.DB.CEIME.DbPassword" value="${wbi.DB.CEIME.DbPassword}" />
					<token key="wbi.DB.CEIME.DbUser" value="${wbi.DB.CEIME.DbUser}" />
					<token key="wbi.DB.CEIME.DbHost" value="${wbi.DB.CEIME.DbHost}" />
					<token key="wbi.DB.CEIME.DbPort" value="${wbi.DB.CEIME.DbPort}" />
					<!-- this may require parsing db type -->
					<token key="wbi.DB.CEIME.DbUrl" value="${wbi.DB.CEIME.DbUrl}" />
					<token key="wbi.DB.CEIME.DbStorageGroup" value="${wbi.DB.CEIME.DbStorageGroup}" />
					<token key="wbi.DB.CEIME.DbSchemaName" value="${wbi.DB.CEIME.DbSchemaName}" />
					<token key="wbi.DB.CEIME.DbConnectionLocation" value="${wbi.DB.CEIME.DbConnectionLocation}" />

					<token key="wbi.DB.SCASYSME.DbName" value="${wbi.DB.SCASYSME.DbName}" />
					<token key="wbi.DB.SCASYSME.DbPassword" value="${wbi.DB.SCASYSME.DbPassword}" />
					<token key="wbi.DB.SCASYSME.DbUser" value="${wbi.DB.SCASYSME.DbUser}" />
					<token key="wbi.DB.SCASYSME.DbHost" value="${wbi.DB.SCASYSME.DbHost}" />
					<token key="wbi.DB.SCASYSME.DbPort" value="${wbi.DB.SCASYSME.DbPort}" />
					<!-- this may require parsing db type -->
					<token key="wbi.DB.SCASYSME.DbUrl" value="${wbi.DB.SCASYSME.DbUrl}" />
					<token key="wbi.DB.SCASYSME.DbStorageGroup" value="${wbi.DB.SCASYSME.DbStorageGroup}" />
					<token key="wbi.DB.SCASYSME.DbSchemaName" value="${wbi.DB.SCASYSME.DbSchemaName}" />
					<token key="wbi.DB.SCASYSME.DbConnectionLocation" value="${wbi.DB.SCASYSME.DbConnectionLocation}" />
					<token key="wbi.DB.SCASYSME.DbCreateTables" value="${wbi.DB.SCASYSME.DbCreateTables}" />
					<token key="wbi.DB.SCASYSME.AuthAlias" value="${wbi.DB.SCASYSME.AuthAlias}" />

					<token key="wbi.DB.SCAAPPME.DbName" value="${wbi.DB.SCAAPPME.DbName}" />
					<token key="wbi.DB.SCAAPPME.DbPassword" value="${wbi.DB.SCAAPPME.DbPassword}" />
					<token key="wbi.DB.SCAAPPME.DbUser" value="${wbi.DB.SCAAPPME.DbUser}" />
					<token key="wbi.DB.SCAAPPME.DbHost" value="${wbi.DB.SCAAPPME.DbHost}" />
					<token key="wbi.DB.SCAAPPME.DbPort" value="${wbi.DB.SCAAPPME.DbPort}" />
					<!-- this may require parsing db type -->
					<token key="wbi.DB.SCAAPPME.DbUrl" value="${wbi.DB.SCAAPPME.DbUrl}" />
					<token key="wbi.DB.SCAAPPME.DbStorageGroup" value="${wbi.DB.SCAAPPME.DbStorageGroup}" />
					<token key="wbi.DB.SCAAPPME.DbSchemaName" value="${wbi.DB.SCAAPPME.DbSchemaName}" />
					<token key="wbi.DB.SCAAPPME.DbConnectionLocation" value="${wbi.DB.SCAAPPME.DbConnectionLocation}" />
					<token key="wbi.DB.SCAAPPME.DbCreateTables" value="${wbi.DB.SCAAPPME.DbCreateTables}" />
					<token key="wbi.DB.SCAAPPME.AuthAlias" value="${wbi.DB.SCAAPPME.AuthAlias}" />

					<token key="wbi.DB.BSPACE.DbName" value="${wbi.DB.BSPACE.DbName}" />
					<token key="wbi.DB.BSPACE.DbPassword" value="${wbi.DB.BSPACE.DbPassword}" />
					<token key="wbi.DB.BSPACE.DbUser" value="${wbi.DB.BSPACE.DbUser}" />
					<token key="wbi.DB.BSPACE.DbHost" value="${wbi.DB.BSPACE.DbHost}" />
					<token key="wbi.DB.BSPACE.DbPort" value="${wbi.DB.BSPACE.DbPort}" />
					<!-- this may require parsing db type -->
					<token key="wbi.DB.BSPACE.DbUrl" value="${wbi.DB.BSPACE.DbUrl}" />
					<token key="wbi.DB.BSPACE.DbStorageGroup" value="${wbi.DB.BSPACE.DbStorageGroup}" />
					<token key="wbi.DB.BSPACE.DbSchemaName" value="${wbi.DB.BSPACE.DbSchemaName}" />
					<token key="wbi.DB.BSPACE.DbConnectionLocation" value="${wbi.DB.BSPACE.DbConnectionLocation}" />

					<token key="wps.DB.BPC.DbName" value="${wps.DB.BPC.DbName}" />
					<token key="wps.DB.BPC.DbPassword" value="${wps.DB.BPC.DbPassword}" />
					<token key="wps.DB.BPC.DbUser" value="${wps.DB.BPC.DbUser}" />
					<token key="wps.DB.BPC.DbHost" value="${wps.DB.BPC.DbHost}" />
					<token key="wps.DB.BPC.DbPort" value="${wps.DB.BPC.DbPort}" />
					<!-- this may require parsing db type -->
					<token key="wps.DB.BPC.DbUrl" value="${wps.DB.BPC.DbUrl}" />
					<token key="wps.DB.BPC.DbStorageGroup" value="${wps.DB.BPC.DbStorageGroup}" />
					<token key="wps.DB.BPC.DbSchemaName" value="${wps.DB.BPC.DbSchemaName}" />
					<token key="wps.DB.BPC.DbConnectionLocation" value="${wps.DB.BPC.DbConnectionLocation}" />
					<token key="wps.DB.BPC.DbHome" value="${wps.DB.BPC.DbHome}" />

					<token key="wps.DB.BPCME.DbName" value="${wps.DB.BPCME.DbName}" />
					<token key="wps.DB.BPCME.DbPassword" value="${wps.DB.BPCME.DbPassword}" />
					<token key="wps.DB.BPCME.DbUser" value="${wps.DB.BPCME.DbUser}" />
					<token key="wps.DB.BPCME.DbHost" value="${wps.DB.BPCME.DbHost}" />
					<token key="wps.DB.BPCME.DbPort" value="${wps.DB.BPCME.DbPort}" />
					<!-- this may require parsing db type -->
					<token key="wps.DB.BPCME.DbUrl" value="${wps.DB.BPCME.DbUrl}" />
					<token key="wps.DB.BPCME.DbStorageGroup" value="${wps.DB.BPCME.DbStorageGroup}" />
					<token key="wps.DB.BPCME.DbSchemaName" value="${wps.DB.BPCME.DbSchemaName}" />
					<token key="wps.DB.BPCME.DbConnectionLocation" value="${wps.DB.BPCME.DbConnectionLocation}" />

					<token key="wps.DB.BPCEventCollector.DbName" value="${wps.DB.BPCEventCollector.DbName}" />
					<token key="wps.DB.BPCEventCollector.DbPassword" value="${wps.DB.BPCEventCollector.DbPassword}" />
					<token key="wps.DB.BPCEventCollector.DbUser" value="${wps.DB.BPCEventCollector.DbUser}" />
					<token key="wps.DB.BPCEventCollector.DbHost" value="${wps.DB.BPCEventCollector.DbHost}" />
					<token key="wps.DB.BPCEventCollector.DbPort" value="${wps.DB.BPCEventCollector.DbPort}" />
					<!-- this may require parsing db type -->
					<token key="wps.DB.BPCEventCollector.DbUrl" value="${wps.DB.BPCEventCollector.DbUrl}" />
					<token key="wps.DB.BPCEventCollector.DbStorageGroup" value="${wps.DB.BPCEventCollector.DbStorageGroup}" />
					<token key="wps.DB.BPCEventCollector.DbSchemaName" value="${wps.DB.BPCEventCollector.DbSchemaName}" />
					<token key="wps.DB.BPCEventCollector.DbConnectionLocation" value="${wps.DB.BPCEventCollector.DbConnectionLocation}" />

					<token key="wbm.DB.Monitor.DbName" value="${wbm.DB.Monitor.DbName}" />
					<token key="wbm.DB.Monitor.DbPassword" value="${wbm.DB.Monitor.DbPassword}" />
					<token key="wbm.DB.Monitor.DbUser" value="${wbm.DB.Monitor.DbUser}" />
					<token key="wbm.DB.Monitor.DbHost" value="${wbm.DB.Monitor.DbHost}" />
					<token key="wbm.DB.Monitor.DbPort" value="${wbm.DB.Monitor.DbPort}" />
					<!-- this may require parsing db type -->
					<token key="wbm.DB.Monitor.DbUrl" value="${wbm.DB.Monitor.DbUrl}" />
					<token key="wbm.DB.Monitor.DbSchemaName" value="${wbm.DB.Monitor.DbSchemaName}" />

					<token key="wbm.DB.MonitorME.DbName" value="${wbm.DB.MonitorME.DbName}" />
					<token key="wbm.DB.MonitorME.DbPassword" value="${wbm.DB.MonitorME.DbPassword}" />
					<token key="wbm.DB.MonitorME.DbUser" value="${wbm.DB.MonitorME.DbUser}" />
					<token key="wbm.DB.MonitorME.DbHost" value="${wbm.DB.MonitorME.DbHost}" />
					<token key="wbm.DB.MonitorME.DbPort" value="${wbm.DB.MonitorME.DbPort}" />
					<!-- this may require parsing db type -->
					<token key="wbm.DB.MonitorME.DbUrl" value="${wbm.DB.MonitorME.DbUrl}" />
					<token key="wbm.DB.MonitorME.DbSchemaName" value="${wbm.DB.MonitorME.DbSchemaName}" />
					<token key="wbm.DB.MonitorME.DataSource" value="${wbm.DB.MonitorME.DataSource}" />
					<token key="wbm.DB.MonitorME.DataSourceAuthAlias" value="${wbm.DB.MonitorME.DataSourceAuthAlias}" />

					<token key="wbm.DB.ABX.DbName" value="${wbm.DB.ABX.DbName}" />
					<token key="wbm.DB.ABX.DbPassword" value="${wbm.DB.ABX.DbPassword}" />
					<token key="wbm.DB.ABX.DbUser" value="${wbm.DB.ABX.DbUser}" />
					<token key="wbm.DB.ABX.DbHost" value="${wbm.DB.ABX.DbHost}" />
					<token key="wbm.DB.ABX.DbPort" value="${wbm.DB.ABX.DbPort}" />
					<!-- this may require parsing db type -->
					<token key="wbm.DB.ABX.DbUrl" value="${wbm.DB.ABX.DbUrl}" />
					<token key="wbm.DB.ABX.Server" value="${wbm.DB.ABX.Server}" />

					<!-- SIBus tokens-->
					<token key="was.sibus.ForeignBus" value="${was.sibus.ForeignBus}" />
					<token key="was.sibus.MQLink" value="${was.sibus.MQLink}" />
					<token key="was.sibus.MQHost" value="${was.sibus.MQHost}" />
					<token key="was.sibus.MQPort" value="${was.sibus.MQPort}" />
				</replacetokens>
			</filterchain>
		</copy>
	</target>

	<target name="wbi_common_configure_generate_sib_dbscripts" depends="scope_init">
		<if>
			<isset property="PREVIEW_MODE" />
			<then>
				<echo message='${WBI_HOME}/bin/sibDDLGenerator${SCRIPT_EXT} -system ${DB_VENDOR} -version ${DB_VERSION} -schema ${DB_SCHEMA} -user ${DB_USER} -create  -statementend ";"' />
			</then>
			<else>
				<trycatch property="errorStr">
					<try>
						<antcall target="execute">
							<param name="DDL_TARGET" value="${DB_SCRIPT_HOME}/sib/create_${DB_SCHEMA}_SIB_tables.ddl" />
							<param name="ARGS" value='${WBI_HOME}/bin/sibDDLGenerator${SCRIPT_EXT} -platform ${DB_OS} -system ${DB_VENDOR} -version ${DB_VERSION} -schema ${DB_SCHEMA} -user ${DB_USER} -create -statementend ";" > ${DDL_TARGET}' />
						</antcall>
							<antcall target="execute">
								<param name="DDL_TARGET" value="${DB_SCRIPT_HOME}/sib/drop_${DB_SCHEMA}_SIB_tables.ddl" />
								<param name="ARGS" value='${WBI_HOME}/bin/sibDDLGenerator${SCRIPT_EXT} -platform ${DB_OS} -system ${DB_VENDOR} -version ${DB_VERSION} -schema ${DB_SCHEMA} -user ${DB_USER} -drop -statementend ";" > ${DDL_TARGET}' />
						</antcall>
							</try>
							<catch>
								<fail>Generating SIB database scripts failed: ${errorStr}</fail>
							</catch>
							<finally>
								<antcall target="report_error_log">
									<param name="LOG_PATH" value="${WBI_HOME}/logs/sibDBScriptGenerationLog.txt" />
									<param name="RAFW_LOG_FILE_NAME" value="sibDBScriptGenerationLog.log" />
								</antcall>
							</finally>
						</trycatch>
					</else>
				</if>
			</target>

			<target name="wbi_common_configure_copy_dbscripts">
				<copy todir="${DB_SCRIPT_HOME}/event">
					<fileset dir="${ND_WAS_PROF_HOME}/databases/event" />
				</copy>
				<copy todir="${DB_SCRIPT_HOME}/BusinessSpace">
					<fileset dir="${ND_WAS_PROF_HOME}/dbscripts/BusinessSpace" />
				</copy>
				<copy todir="${DB_SCRIPT_HOME}/ProcessChoreographer">
					<fileset dir="${ND_WAS_PROF_HOME}/dbscripts/ProcessChoreographer" />
				</copy>
			</target>

			<target name="wbi_common_configure_deployment_environment" depends="scope_init">
				<antcall target="call_wsadmin">
				  <param name="TASK" value="wbi_common_configure_deployment_environment_atech" />
				  <param name="LANG" value="jython" />
				  <param name="SCRIPT_NAME" value="${WBI_COMMON_SCRIPTS}/deploymentEnvironment.py" />
				  <param name="DATA_FILE" value="${TOPOLOGY_FILE}" />
				  <param name="ARGS" value="-scope ${SCOPE} -nodename ${NODE_NAME} -depenvname ${wbi.DeploymentEnvironment.Name} -action import" />
				</antcall>
			</target>

			<target name="wbi_common_configure_generate_deployment_environment" depends="scope_init">
				<antcall target="call_wsadmin">
					<param name="TASK" value="wbi_common_configure_generate_deployment_environment" />
					<param name="LANG" value="jython" />
					<param name="SCRIPT_NAME" value="${WBI_COMMON_SCRIPTS}/deploymentEnvironment.py" />
					<param name="ARGS" value="-scope ${SCOPE} -nodename ${NODE_NAME} -depenvname ${wbi.DeploymentEnvironment.Name} -action generate" />
				</antcall>
			</target>

			<target name="wbi_common_configure_validate_deployment_environment_definition" depends="scope_init">
				<antcall target="call_wsadmin">
					<param name="TASK" value="wbi_common_configure_validate_deployment_environment_definition" />
					<param name="LANG" value="jython" />
					<param name="SCRIPT_NAME" value="${WBI_COMMON_SCRIPTS}/deploymentEnvironment.py" />
					<param name="ARGS" value="-scope ${SCOPE} -nodename ${NODE_NAME} -depenvname ${wbi.DeploymentEnvironment.Name} -action validate" />
				</antcall>
			</target>

			<target name="wbi_common_configure_delete_deployment_environment_definition" depends="scope_init">
				<antcall target="call_wsadmin">
					<param name="TASK" value="wbi_common_configure_delete_deployment_environment_definition" />
					<param name="LANG" value="jython" />
					<param name="SCRIPT_NAME" value="${WBI_COMMON_SCRIPTS}/deploymentEnvironment.py" />
					<param name="ARGS" value="-scope ${SCOPE} -nodename ${NODE_NAME} -depenvname ${wbi.DeploymentEnvironment.Name} -action delete" />
				</antcall>
			</target>

			<target name="wbi_common_configure_rename_deployment_environment_definition" depends="scope_init">
				<antcall target="call_wsadmin">
					<param name="TASK" value="wbi_common_configure_rename_deployment_environment_definition" />
					<param name="LANG" value="jython" />
					<param name="SCRIPT_NAME" value="${WBI_COMMON_SCRIPTS}/deploymentEnvironment.py" />
					<param name="ARGS" value="-scope ${SCOPE} -nodename ${NODE_NAME} -depenvname ${wbi.DeploymentEnvironment.Name} -olddepenvname ${wbi.DeploymentEnvironment.Name.Old} -newdepenvname ${wbi.DeploymentEnvironment.Name.New} -action rename" />
				</antcall>
			</target>

			<target name="wbi_common_configure_show_deployment_environment_status" depends="scope_init">
				<antcall target="call_wsadmin">
					<param name="TASK" value="wbi_common_configure_show_deployment_environment_status" />
					<param name="LANG" value="jython" />
					<param name="SCRIPT_NAME" value="${WBI_COMMON_SCRIPTS}/deploymentEnvironment.py" />
					<param name="ARGS" value="-scope ${SCOPE} -nodename ${NODE_NAME} -depenvname ${wbi.DeploymentEnvironment.Name} -action status" />
				</antcall>
			</target>

			<target name="wbi_common_configure_start_deployment_environment" depends="scope_init,only_execute">
				<antcall target="call_wsadmin">
					<param name="TASK" value="wbi_common_configure_start_deployment_environment" />
					<param name="LANG" value="jython" />
					<param name="SCRIPT_NAME" value="${WBI_COMMON_SCRIPTS}/deploymentEnvironment.py" />
					<param name="ARGS" value="-scope ${SCOPE} -nodename ${NODE_NAME} -depenvname ${wbi.DeploymentEnvironment.Name} -action start" />
				</antcall>
			</target>

			<target name="wbi_common_configure_stop_deployment_environment" depends="scope_init,only_execute">
				<antcall target="call_wsadmin">
					<param name="TASK" value="wbi_common_configure_stop_deployment_environment" />
					<param name="LANG" value="jython" />
					<param name="SCRIPT_NAME" value="${WBI_COMMON_SCRIPTS}/deploymentEnvironment.py" />
					<param name="ARGS" value="-scope ${SCOPE} -nodename ${NODE_NAME} -depenvname ${wbi.DeploymentEnvironment.Name} -action stop" />
				</antcall>
			</target>

			<target name="wbi_common_configure_sib_mediation" depends="scope_init">
				<if>
					<isset property="PREVIEW_MODE" />
					<then>
						<echo message="-scope ${SCOPE} -scopename @{NAME} -busName ${BUS_NAME} -mediationName ${MEDIATION_NAME} -handlerListName ${handlerListName} -allowConcurrentMediation ${allowConcurrentMediation}" />
					</then>
					<else>
						<trycatch property="errorStr">
							<try>
								<antcall target="call_wsadmin">
									<param name="TASK" value="wbi_common_configure_sib_mediation" />
									<param name="LANG" value="jython" />
									<param name="SCRIPT_NAME" value="${WBI_COMMON_SCRIPTS}/serviceIntegrationBusMediation.py" />
									<param name="DATA_FILE" value="${CELL_HOME}/configure_local.properties" />
									<param name="ARGS" value="-scope ${SCOPE} -scopename @{NAME} -action CREATE_MEDIATION" />
								</antcall>
							</try>
							<catch>
								<fail>Configuring application SIB mediation failed: ${errorStr}</fail>
							</catch>
							<finally>
								<antcall target="report_error_log">
									<param name="LOG_PATH" value="${WAS_HOME}/logs/appSIBMediationLog.txt" />
									<param name="RAFW_LOG_FILE_NAME" value="appSIBMediationLog.log" />
								</antcall>
							</finally>
						</trycatch>
					</else>
				</if>
			</target>

			<rafwaction name="wbi_common_configure_event_emitter" comparemode="true" importmode="true" augmentmode="false" promotemode="false" />
<!--			<target name="wbi_common_configure_event_emitter" description="Manages Event Emitter Services" depends="scope_init"> -->
			<target name="wbi_common_configure_event_emitter" depends="scope_init">
				<echo message="${MODE}: Event Emitter defined at the ${SCOPE} level for ${SCOPE_NAME}" />
				<setdatafile resourcefile="eventEmitter" />
				<antcall target="assert_file">
					<param name="FILE" value="${DATA_FILE}" />
				</antcall>
				<cfgcallwsadmin target="wbi_common_configure_event_emitter" datamarker="eventEmitter" script="${WBI_COMMON_SCRIPTS}/eventEmitter.py" />
			</target>

		</project>
