<?xml version="1.0" encoding="UTF-8"?>
<plugin-upgrade
        xmlns="http://www.urbancode.com/UpgradeXMLSchema_v1"
        xmlns:xsi="http://www.w3.org/2001/XMLSchema-instance">
  
  <migrate to-version="3">
    <migrate-command name="Shell (with xargs)" old="Shell w/ xargs">
    </migrate-command>
  </migrate>
  
  <migrate to-version="4">
    <migrate-command name="Shell">
      <remove-properties>
        <remove-property name="directoryOffset"/>
      </remove-properties>
    </migrate-command>
    <migrate-command name="Shell (with xargs)">
      <remove-properties>
        <remove-property name="directoryOffset"/>
      </remove-properties>
    </migrate-command>
  </migrate>
</plugin-upgrade>