<?xml version="1.0" encoding="UTF-8"?>
<plugin-upgrade
        xmlns="http://www.urbancode.com/UpgradeXMLSchema_v1"
        xmlns:xsi="http://www.w3.org/2001/XMLSchema-instance">
  <migrate to-version="5">
    <migrate-command name="Disable node in pool"/>
    <migrate-command name="Enable node in pool"/>
    <migrate-command name="Add node to pool"/>
    <migrate-command name="Remove node from pool"/>
    <migrate-command name="Create pool"/>
    <migrate-command name="Delete pool"/>
  </migrate>
  <migrate to-version="6">
    <migrate-command name="Disable node in pool"/>
    <migrate-command name="Enable node in pool"/>
    <migrate-command name="Add node to pool"/>
    <migrate-command name="Remove node from pool"/>
    <migrate-command name="Create pool"/>
    <migrate-command name="Delete pool"/>
    <migrate-command name="Enable node in all pools">
    </migrate-command>
    <migrate-command name="Disable node in all pools">
      <migrate-properties>
        <migrate-property name="doWaitForConnectionClose" default="false"/>
        <migrate-property name="sleepInterval" default="1"/>
        <migrate-property name="timeout" default="60"/>
      </migrate-properties>
    </migrate-command>
  </migrate>
  <migrate to-version="7">
    <migrate-command name="Disable node in pool"/>
    <migrate-command name="Enable node in pool"/>
    <migrate-command name="Add node to pool">
      <migrate-properties>
        <migrate-property name="partition" default="Common"/>
      </migrate-properties>
    </migrate-command>
    <migrate-command name="Remove node from pool">
      <migrate-properties>
        <migrate-property name="partition" default="Common"/>
      </migrate-properties>
    </migrate-command>
    <migrate-command name="Create pool">
      <migrate-properties>
        <migrate-property name="partition" default="Common"/>
      </migrate-properties>
    </migrate-command>
    <migrate-command name="Delete pool">
      <migrate-properties>
        <migrate-property name="partition" default="Common"/>
      </migrate-properties>
    </migrate-command>
    <migrate-command name="Enable node in all pools">
       <migrate-properties>
        <migrate-property name="partition" default="Common"/>
      </migrate-properties>
    </migrate-command>
  </migrate>
  <migrate to-version="8">
    <migrate-command name="Disable node in pool">
      <migrate-properties>
        <migrate-property name="forceOffline" default="false"/>
      </migrate-properties>
    </migrate-command>
    <migrate-command name="Enable node in pool"/>
    <migrate-command name="Add node to pool">
      <migrate-properties>
        <migrate-property name="partition" default="Common"/>
      </migrate-properties>
    </migrate-command>
    <migrate-command name="Remove node from pool">
      <migrate-properties>
        <migrate-property name="partition" default="Common"/>
      </migrate-properties>
    </migrate-command>
    <migrate-command name="Create pool">
      <migrate-properties>
        <migrate-property name="partition" default="Common"/>
      </migrate-properties>
    </migrate-command>
    <migrate-command name="Delete pool">
      <migrate-properties>
        <migrate-property name="partition" default="Common"/>
      </migrate-properties>
    </migrate-command>
    <migrate-command name="Enable node in all pools">
       <migrate-properties>
        <migrate-property name="partition" default="Common"/>
      </migrate-properties>
    </migrate-command>
  </migrate>
</plugin-upgrade>