<?xml version="1.0" encoding="UTF-8"?>

<!--
======================================================================
Licensed Materials - Property of IBM Corp. 
IBM Middleware Configuration for WebSphere 
(c) Copyright IBM Corporation 2003, 2013. All Rights Reserved.   

U.S. Government Users Restricted Rights - Use, duplication or disclosure restricted by 
GSA ADP Schedule Contract with IBM Corp. 


File name: configure_wesb_common.xml

This is the configuration build file.
======================================================================
-->

<project default="default" basedir=".">
	<description>
		Contains common configuration tasks for WESB
	</description>

	<!-- include environment variables -->
	<property environment="env" />

	<!-- import the wesb custom product/actions targets -->
	<import file="${RAFW_HOME}/user/actions/configure/wesb/common/custom_configure_wesb_common.xml" />

	<!-- include WESB_COMMON variables -->
	<property file="${RAFW_HOME}/product/actions/configure/wesb/common/wesb_common.properties" />

	<!-- Import common wbi targets -->
	<import file="${RAFW_HOME}/product/actions/configure/wbi/common/configure_wbi_common.xml" />

	<!-- Include db properties -->
	<property name="WESB_DB_PROPERTIES" value="${CELL_HOME}/config_wbi.properties" />
	<property file="${WESB_DB_PROPERTIES}" />

	<property name="WESB_DB_SCRIPT_HOME" value="${CELL_HOME}/dbscripts/wesb"/>

	<rafwaction name="wesb_common_configure_update_config_wbi_property_file" location="local"/>
	<target name="wesb_common_configure_update_config_wbi_property_file" depends="scope_init">
		<antcall target="wbi_transform_template">
			<param name="DEST_FILE" value="${SCOPE_HOME}/config_wbi.properties" />
			<param name="TEMPLATE_NAME" value="${RAFW_HOME}/product/templates/velocity/wbi/wesb_config_wbi.vm" />
			<param name="PROPERTY_FILE" value="${RAFW_HOME}/work/${ENV_NAME}-${CELL_NAME}.properties" />
		</antcall>
	</target>

	<target name="wesb_common_configure_deployment_environment" depends="scope_init" description="Configure the WPS/WESB Deployment environment based on a topology XML file">
		<antcall target="wbi_common_configure_deployment_environment">
			<param name="TOPOLOGY_FILE" value="${CELL_HOME}/${ENV_NAME}_${CELL_NAME}_wesb_topology.xml" />
		</antcall>
	</target>

	<target name="wesb_common_configure_generate_deployment_environment" depends="scope_init" description="Generate the WPS/WESB Deployment environment">
		<antcall target="wbi_common_configure_generate_deployment_environment"/>
	</target>

	<target name="wesb_common_configure_validate_deployment_environment_definition" depends="scope_init" description="Validate the WPS/WESB Deployment environment">
		<antcall target="wbi_common_configure_validate_deployment_environment_definition"/>
	</target>

	<target name="wesb_common_configure_delete_deployment_environment_definition" depends="scope_init" description="Delete the WPS/WESB Deployment environment definition">
		<antcall target="wbi_common_configure_delete_deployment_environment_definition"/>
	</target>

	<target name="wesb_common_configure_rename_deployment_environment_definition" depends="scope_init" description="Rename the WPS/WESB Deployment environment definition">
		<antcall target="wbi_common_configure_rename_deployment_environment_definition"/>
	</target>

	<target name="wesb_common_configure_show_deployment_environment_status" depends="scope_init" description="Show the status of a WPS/WESB Deployment Environment">
		<antcall target="wbi_common_configure_show_deployment_environment_status"/>
	</target>

	<target name="wesb_common_configure_start_deployment_environment" depends="scope_init,only_execute" description="Start a WPS/WESB Deployment Environment">
		<antcall target="wbi_common_configure_start_deployment_environment"/>
	</target>

	<target name="wesb_common_configure_stop_deployment_environment" depends="scope_init,only_execute" description="Stop a WPS/WESB Deployment Environment">
		<antcall target="wbi_common_configure_stop_deployment_environment"/>
	</target>

	<target name="wesb_common_configure_generate_sib_dbscripts" depends="only_execute,wesb_init_sib_dbscripts" description="Generate WESB SIB DB scripts">
		<switch value="${wbi.DB.DbType}">
			<case value="DB2_Universal">
				<var name="DB_VENDOR" value="db2" />
			</case>
			<case value="DB2UDBOS390_V8_1">
				<var name="DB_VENDOR" value="db2" />
			</case>
			<case value="Oracle10g">
				<var name="DB_VENDOR" value="oracle" />
			</case>
		</switch>
		<antcall target="wbi_common_configure_generate_sib_dbscripts">
			<param name="WBI_HOME" value="${WESB_HOME}"/>
			<param name="DB_SCRIPT_HOME" value="${WESB_DB_SCRIPT_HOME}"/>
			<param name="DB_VENDOR" value="${DB_VENDOR}"/>
			<param name="DB_VERSION" value="${wbi.DB.DbVersion}"/>
			<param name="DB_SCHEMA" value="${wbi.DB.CEIME.DbSchemaName}"/>
			<param name="DB_USER" value="${wbi.DB.CEIME.DbUser}"/>
			<param name="DB_OS" value="${wbi.DB.OS}"/>
		</antcall>
		<antcall target="wbi_common_configure_generate_sib_dbscripts">
			<param name="WBI_HOME" value="${WESB_HOME}"/>
			<param name="DB_SCRIPT_HOME" value="${WESB_DB_SCRIPT_HOME}"/>
			<param name="DB_VENDOR" value="${DB_VENDOR}"/>
			<param name="DB_VERSION" value="${wbi.DB.DbVersion}"/>
			<param name="DB_SCHEMA" value="${wbi.DB.SCASYSME.DbSchemaName}"/>
			<param name="DB_USER" value="${wbi.DB.SCASYSME.DbUser}"/>
			<param name="DB_OS" value="${wbi.DB.OS}"/>
		</antcall>
		<antcall target="wbi_common_configure_generate_sib_dbscripts">
			<param name="WBI_HOME" value="${WESB_HOME}"/>
			<param name="DB_SCRIPT_HOME" value="${WESB_DB_SCRIPT_HOME}"/>
			<param name="DB_VENDOR" value="${DB_VENDOR}"/>
			<param name="DB_VERSION" value="${wbi.DB.DbVersion}"/>
			<param name="DB_SCHEMA" value="${wbi.DB.SCAAPPME.DbSchemaName}"/>
			<param name="DB_USER" value="${wbi.DB.SCAAPPME.DbUser}"/>
			<param name="DB_OS" value="${wbi.DB.OS}"/>
		</antcall>
	</target>

	<target name="wesb_init_sib_dbscripts">
		<antcall target="create_directory">
			<param name="DIRECTORY" value="${WESB_DB_SCRIPT_HOME}/sib"/>
		</antcall>
	</target>
</project>
