<?xml version="1.0" encoding="UTF-8"?>

<!-- 
====================================================================== 
Licensed Materials - Property of IBM Corp. 
IBM Middleware Configuration for WebSphere 
(c) Copyright IBM Corporation 2003, 2013. All Rights Reserved.   

U.S. Government Users Restricted Rights - Use, duplication or disclosure restricted by 
GSA ADP Schedule Contract with IBM Corp. 


File name: configure_wve_common_base_server_private.xml

Private configure actions available at the server scope shared by WVE, WAS 8.5 and higher version
====================================================================== 
-->

<project default="default" basedir=".">
	<description>
		Contains configuration tasks for WVE
	</description>

	<target name="wve_common_configure_create_odr_server_private" depends="only_execute">
		<antcall target="call_wsadmin">
			<param name="TASK" value="wve_common_configure_create_odr_server_private" />
			<param name="LANG" value="jacl" />
			<param name="SCRIPT_NAME"
			       value="${RAFW_HOME}/product/actions/configure/wve/common/scripts/createodr.jacl" />
			<param name="ARGS" value="${NODE_NAME} ${ODR_TEMPLATE} ${SERVER_NAME}" />
		</antcall>
	</target>
</project>
