<?xml version="1.0" encoding="UTF-8"?><snippets>
    <category filters="*" id="/jms/RAFW_JMSDestinations/GenericJMSDestination" initial_state="0" label="/jms/RAFW_JMSDestinations/GenericJMSDestination" largeicon="" smallicon="">
        <description/>
        <item category="/jms/RAFW_JMSDestinations/GenericJMSDestination" class="" editorclass="" id="item_1303926718807" label="aQueue" largeicon="" smallicon="">
            <description><![CDATA[aQueue]]></description>
            <content><![CDATA[<GenericJMSDestination category="category" description="description" externalJNDIName="jndi/ext/aQueue" jndiName="jndi/aQueue" name="aQueue" type="QUEUE" >]]>&#13;<![CDATA[
			<J2EEResourcePropertySet WASKey="propertySet">]]>&#13;<![CDATA[
				<J2EEResourceProperty WASKey="resourceProperties" description="description" name="aQueueCustomProp" required="false" type="java.lang.String" value="value"/>]]>&#13;<![CDATA[
			</J2EEResourcePropertySet>]]>&#13;<![CDATA[
			<JMSProvider WASKey="provider" RAFW_TYPE="reference" name="AJMSProvider"/>]]>&#13;<![CDATA[
		</GenericJMSDestination>]]></content>
        </item>
    </category>
</snippets>