<?xml version="1.0" encoding="UTF-8"?><snippets>
    <category filters="*" id="/ResourceAdapters/RAFW_J2CConnFactories/J2CConnectionFactory" initial_state="0" label="/ResourceAdapters/RAFW_J2CConnFactories/J2CConnectionFactory" largeicon="" smallicon="">
        <description/>
        <item category="/ResourceAdapters/RAFW_J2CConnFactories/J2CConnectionFactory" class="" editorclass="" id="item_1304025407956" label="ExampleConnFactory" largeicon="" smallicon="">
            <description><![CDATA[ExampleConnFactory]]></description>
            <content><![CDATA[]]>&#13;<![CDATA[
	<J2CConnectionFactory]]>&#13;<![CDATA[
		authDataAlias="dmgr/exampleAA"]]>&#13;<![CDATA[
		authMechanismPreference="BASIC_PASSWORD"]]>&#13;<![CDATA[
		customProperties=""]]>&#13;<![CDATA[
		description="An example desc."]]>&#13;<![CDATA[
		diagnoseConnectionUsage="false"]]>&#13;<![CDATA[
		jndiName="j2c/ExampleConnFactory"]]>&#13;<![CDATA[
		logMissingTransactionContext="true"]]>&#13;<![CDATA[
		manageCachedHandles="false"]]>&#13;<![CDATA[
		name="ExampleConnFactory"]]>&#13;<![CDATA[
		properties=""]]>&#13;<![CDATA[
	>]]>&#13;<![CDATA[
		<ConnectionPool]]>&#13;<![CDATA[
			WASKey="connectionPool"]]>&#13;<![CDATA[
			agedTimeout="0"]]>&#13;<![CDATA[
			connectionTimeout="180"]]>&#13;<![CDATA[
			freePoolDistributionTableSize="0"]]>&#13;<![CDATA[
			maxConnections="10"]]>&#13;<![CDATA[
			minConnections="1"]]>&#13;<![CDATA[
			numberOfFreePoolPartitions="0"]]>&#13;<![CDATA[
			numberOfSharedPoolPartitions="0"]]>&#13;<![CDATA[
			numberOfUnsharedPoolPartitions="0"]]>&#13;<![CDATA[
			properties=""]]>&#13;<![CDATA[
			purgePolicy="EntirePool"]]>&#13;<![CDATA[
			reapTime="180"]]>&#13;<![CDATA[
			stuckThreshold="0"]]>&#13;<![CDATA[
			stuckTime="0"]]>&#13;<![CDATA[
			stuckTimerTime="0"]]>&#13;<![CDATA[
			surgeCreationInterval="0"]]>&#13;<![CDATA[
			surgeThreshold="-1"]]>&#13;<![CDATA[
			testConnection="false"]]>&#13;<![CDATA[
			testConnectionInterval="0"]]>&#13;<![CDATA[
			unusedTimeout="1800"]]>&#13;<![CDATA[
		>]]>&#13;<![CDATA[
		</ConnectionPool>]]>&#13;<![CDATA[
		<J2CResourceAdapter]]>&#13;<![CDATA[
			RAFW_TYPE="reference"]]>&#13;<![CDATA[
			WASKey="provider"]]>&#13;<![CDATA[
			name="WebSphere Procedural Resource Adapter"]]>&#13;<![CDATA[
		>]]>&#13;<![CDATA[
		</J2CResourceAdapter>]]>&#13;<![CDATA[
		<J2EEResourcePropertySet]]>&#13;<![CDATA[
			WASKey="propertySet"]]>&#13;<![CDATA[
			resourceProperties=""]]>&#13;<![CDATA[
		>]]>&#13;<![CDATA[
		</J2EEResourcePropertySet>]]>&#13;<![CDATA[
		<MappingModule]]>&#13;<![CDATA[
			WASKey="mapping"]]>&#13;<![CDATA[
			authDataAlias="dmgr/exampleAA"]]>&#13;<![CDATA[
			mappingConfigAlias=""]]>&#13;<![CDATA[
		>]]>&#13;<![CDATA[
		</MappingModule>]]>&#13;<![CDATA[
	</J2CConnectionFactory>]]>&#13;<![CDATA[
]]>&#13;<![CDATA[
]]></content>
        </item>
    </category>
</snippets>