<?xml version="1.0" encoding="UTF-8" standalone="no"?>
<!--
- Licensed Materials - Property of IBM Corp.
- IBM UrbanCode Build
- (c) Copyright IBM Corporation 2012, 2014. All Rights Reserved.
-
- U.S. Government Users Restricted Rights - Use, duplication or disclosure restricted by
- GSA ADP Schedule Contract with IBM Corp.
--><pluginInfo>
  <!-- Do not change the release-version, the build process injects it. -->
  <release-version>23.1033008</release-version>

  <release-notes>
    <release-note plugin-version="2">
      Updated download steps to contain an option for using the local CodeStation cache.
    </release-note>

    <release-note plugin-version="3">
      Added in a missing useCache property for the Download Artifacts step.
    </release-note>

    <release-note plugin-version="4">
      Added in a missing useCache property for the Download Artifacts step.
    </release-note>

    <release-note plugin-version="5">
      Version 5 requires uBuild 4.2.2 or later
    </release-note>

    <release-note plugin-version="6">
      Changed the CodeStation client to support dependencies.xml configurations. This version requires uBuild 4.3.1 or later
    </release-note>

    <release-note plugin-version="7">
      Added an option to fail an Upload Artifact step if either the directories do not exist or there are no artifacts in the directories.
    </release-note>

    <release-note plugin-version="8">
      Updated Http Library.
    </release-note>

    <release-note plugin-version="9">
      Updated CodeStation to properly handle empty 'includes' strings for an artifact set
    </release-note>

    <release-note plugin-version="10">
      Change to prevent hiding of exceptions during artifact upload.
    </release-note>

    <release-note plugin-version="11">
      Fixed an issue where communication with the UrbanCode Build server would fail if it was running with an IBM JDK/JRE.
    </release-note>

    <release-note plugin-version="12">
      Retry to upload files if they fail.
    </release-note>

    <release-note plugin-version="13">
      Use a newer version of the CodeStation Client that properly handles excludes.
    </release-note>

    <release-note plugin-version="14">
      Added RPX dependency and English translations
    </release-note>

    <release-note plugin-version="15">
      Support property file encryption.
    </release-note>

    <release-note plugin-version="16">
      Fix issue in Download Dependencies step when there is dependency conflict.
    </release-note>

    <release-note plugin-version="17">
      Add missing jar required by newer version of codestation client
    </release-note>

    <release-note plugin-version="18">
      Add new timeout property to Upload Artifacts step to allow configuring the http request timeout when uploading artifacts
    </release-note>

    <release-note plugin-version="19">
      Add optional http request timeout property to Upload All Artifacts step
    </release-note>

    <release-note plugin-version="20">
      Change the tag to "Repositories/Artifact/CodeStation".
    </release-note>

    <release-note plugin-version="21">
      Fix parsing value for the "Additional Hashes" field of the artifact upload steps.
    </release-note>

    <release-note plugin-version="22">
      Update codestation client jar dependency to be able to properly use the charset value sent by UCB, where applicable.
    </release-note>

    <release-note plugin-version="23">
      Fix infinite loop during artifact upload if the includes pattern resolves to empty.
    </release-note>
  </release-notes>
</pluginInfo>
