<?xml version="1.0" encoding="UTF-8" standalone="no"?>
<!--
 * Licensed Materials - Property of IBM* and/or HCL**
 * UrbanCode Build
 * (c) Copyright IBM Corporation 2012, 2017. All Rights Reserved.
 * (c) Copyright HCL Technologies Ltd. 2018. All Rights Reserved.
 *
 * U.S. Government Users Restricted Rights - Use, duplication or disclosure restricted by
 * GSA ADP Schedule Contract with IBM Corp.
 *
 * * Trademark of International Business Machines
 * ** Trademark of HCL Technologies Limited
 --><pluginInfo xmlns="http://www.urbancode.com/InfoXMLSchema_v1">

  <author name="IBM UrbanCode">
    <organization>IBM UrbanCode</organization>
    <email>ucplugin@us.ibm.com</email>
    <website>https://www.ibmdw.net/urbancode/plugins/</website>
    <bio/>
  </author>

  <integration type="Build"/>

  <tool-description>Docker - An open platform for distributed applications for developers and sysadmins. https://www.docker.com/</tool-description>

  <meta-html>
    <meta content="Docker plug-in." name="description"/>
    <meta content="docker container" name="keywords"/>
  </meta-html>

  <!-- Do not change the release-version, the build process injects it. -->
  <release-version>6.1036529</release-version>

  <release-notes>
      <release-note plugin-version="1">Initial release which include a step to build Docker images.</release-note>
      <release-note plugin-version="2">Add a step to push Docker images to registry.</release-note>
      <release-note plugin-version="3">Added RPX dependency and English translations</release-note>
      <release-note plugin-version="4">Make the username,password,email are not required for push step</release-note>
      <release-note plugin-version="5">Support property file encryption.</release-note>
      <release-note plugin-version="6">Added Login, Tag, and logout steps to this plugin, cleaned up the docker push
            and docker build existing plugin steps.
      </release-note>
    </release-notes>
</pluginInfo>
