{
    "name": "Example 1: IIS Discovery Full",
    "description": "",
    "rootActivity": {
        "edges": [
            {
                "to": "Create Version and Upload Configuration Files",
                "from": "Create Timestamp for Version Name",
                "type": "SUCCESS",
                "value": ""
            },
            {
                "to": "Create Timestamp for Version Name",
                "from": "IIS Configuration Discovery",
                "type": "SUCCESS",
                "value": ""
            },
            {
                "to": "e4b13d05812747e7129b40a0af5218",
                "from": "Create Version and Upload Configuration Files",
                "type": "SUCCESS",
                "value": ""
            },
            {
                "to": "IIS Configuration Discovery",
                "from": "Clean Previous Files",
                "type": "SUCCESS",
                "value": ""
            },
            {
                "to": "Clean Previous Files",
                "type": "ALWAYS",
                "value": ""
            }
        ],
        "offsets": [
            {
                "name": "ca23f49c1316e7124bd19ce798d79e",
                "x": 250.5,
                "y": 95,
                "h": 50,
                "w": 250
            },
            {
                "name": "942097dd69fc052411460ba50eab7e",
                "x": 250.5,
                "y": 480,
                "h": 60,
                "w": 500
            },
            {
                "name": "IIS Configuration Discovery",
                "x": -165,
                "y": 220,
                "h": 50,
                "w": 410
            },
            {
                "name": "e4b13d05812747e7129b40a0af5218",
                "x": -5,
                "y": 580,
                "h": 50,
                "w": 90
            },
            {
                "name": "Clean Previous Files",
                "x": -95,
                "y": 90,
                "h": 60,
                "w": 270
            },
            {
                "name": "Create Version and Upload Configuration Files",
                "x": -125.5,
                "y": 480,
                "h": 60,
                "w": 330
            },
            {
                "name": "e387ac7fd21075972416481e315e7f",
                "x": 240.5,
                "y": 220,
                "h": 60,
                "w": 720
            },
            {
                "name": "229c36b61becd3d6737754ff4f0ce6",
                "x": 250.5,
                "y": 370,
                "h": 50,
                "w": 480
            },
            {
                "name": "Create Timestamp for Version Name",
                "x": -100,
                "y": 365,
                "h": 60,
                "w": 280
            }
        ],
        "type": "graph",
        "name": "92979e6c-c299-4eb0-bbe6-46409996f766",
        "children": [
            {
                "type": "finish",
                "name": "e4b13d05812747e7129b40a0af5218",
                "children": []
            },
            {
                "allowFailure": false,
                "useImpersonation": false,
                "showHidden": false,
                "impersonationUseSudo": false,
                "commandName": "Delete Files and Directories",
                "pluginName": "File Utils",
                "pluginVersion": 49,
                "properties": {
                    "baseDir": ".",
                    "includes": "**\/*",
                    "excludes": "",
                    "followSymlinks": "false",
                    "caseSensitive": "true"
                },
                "type": "plugin",
                "name": "Clean Previous Files",
                "children": []
            },
            {
                "allowFailure": false,
                "useImpersonation": false,
                "showHidden": false,
                "impersonationUseSudo": false,
                "commandName": "IIS Configuration Discovery",
                "pluginName": "IIS-Configuration",
                "pluginVersion": 4,
                "properties": {
                    "resourcePath": "${p:resource.path}",
                    "sourcePath": "${p?:resource\/iis.wwwroot.path}",
                    "configOutputFolder": "${p?:configOutputFolder}",
                    "appCmdPath": "${p?:resource\/iis.appCmdFile}",
                    "argString": "",
                    "webDeployPath": "${p?:resource\/iis.webDeployPath}",
                    "resourceRoleName": "${p?:resource.role.name}"
                },
                "type": "plugin",
                "name": "IIS Configuration Discovery",
                "children": []
            },
            {
                "allowFailure": false,
                "useImpersonation": false,
                "showHidden": false,
                "impersonationUseSudo": false,
                "commandName": "Run Groovy Script",
                "pluginName": "Groovy",
                "pluginVersion": 7,
                "properties": {
                    "groovyHome": "${GROOVY_HOME}",
                    "scriptBody": "import java.text.SimpleDateFormat\n\n\/\/ Get date and time\ndef today = new Date()\ndef formattedDateTime = new SimpleDateFormat(\"yyyy-MM-dd'T'HH:mm:ss.SSSZ\").format(today)\noutProps.put(\"datetime\",formattedDateTime)"
                },
                "type": "plugin",
                "name": "Create Timestamp for Version Name",
                "children": []
            },
            {
                "allowFailure": false,
                "useImpersonation": false,
                "showHidden": false,
                "impersonationUseSudo": false,
                "commandName": "Create Version",
                "pluginName": "IBM UrbanCode Deploy Versions",
                "pluginVersion": 62,
                "properties": {
                    "componentName": "IIS Full Config",
                    "versionName": "${Create Timestamp for Version Name\/datetime}",
                    "uploadFiles": "true",
                    "includes": "**\/*",
                    "excludes": "",
                    "saveFileExecuteBits": "false"
                },
                "type": "plugin",
                "name": "Create Version and Upload Configuration Files",
                "children": []
            },
            {
                "name": "ca23f49c1316e7124bd19ce798d79e",
                "text": "Clean any files from previous processes",
                "type": "note",
                "children": []
            },
            {
                "name": "e387ac7fd21075972416481e315e7f",
                "text": "Discover the configuration data from IIS. This will run a Web Deploy sync verb to produce a zip package with configuration data. \nIt will then be unzipped and stored in the working directory to be tokenized and uploaded later",
                "type": "note",
                "children": []
            },
            {
                "name": "229c36b61becd3d6737754ff4f0ce6",
                "text": "Simple groovy script to create a timestamp to be used as the version's unique name",
                "type": "note",
                "children": []
            },
            {
                "name": "942097dd69fc052411460ba50eab7e",
                "text": "Create a new version in the component that represents this configuration.\nThen upload the configuration files from Web Deploy that we unzipped and tokenized.",
                "type": "note",
                "children": []
            }
        ]
    },
    "properties": [
        {
            "name": "contextType",
            "value": "Resource",
            "description": "",
            "secure": false
        },
        {
            "name": "workingDir",
            "value": "${p:resource\/work.dir}\/${p:process.name}",
            "description": "",
            "secure": false
        }
    ],
    "propDefs": [{
        "name": "configOutputFolder",
        "label": "configOutputFolder",
        "pattern": "",
        "type": "TEXT",
        "value": "web_deploy_configuration",
        "required": false,
        "description": "Folder name to store Web Deploy configuration data in",
        "placeholder": ""
    }],
    "teamMappings": []
}