<?xml version="1.0" encoding="utf-8"?>

<!-- 
====================================================================== 
Licensed Materials - Property of IBM Corp. 
IBM Middleware Configuration for WebSphere 
(c) Copyright IBM Corporation 2003, 2013. All Rights Reserved.   

U.S. Government Users Restricted Rights - Use, duplication or disclosure restricted by 
GSA ADP Schedule Contract with IBM Corp. 


File name: configure_wve_odr_cluster_server.xml

Configure actions available at cluster and server scopes for ODR clusters and servers.
Shared by WVE and WAS 8.5 and higher.
====================================================================== 
-->

<project default="default" basedir=".">
	<description>
		Contains configuration actions for ODR clusters and servers
	</description>

	<rafwaction name="wve_common_configure_odr_routing_rules_private"
	            augmentmode="true"
	            comparemode="true"
	            importmode="true"
	            promotemode="true" />
	<target name="wve_common_configure_odr_routing_rules_private"
	        depends="scope_init,was_init">
		<if>
			<or>
				<equals arg1="${SCOPE}" arg2="cluster" />
				<equals arg1="${SCOPE}" arg2="server" />
			</or>
			<then>
				
				<rafwlog id="CRWVE0199E" resourcebundle="wve">
					<logarg value="${MODE}" />
					<logarg value="${SCOPE}" />
					<logarg value="${SCOPE_NAME}" />
				</rafwlog>
				<setdatafile resourcefile="rules" />
				<antcall target="assert_file">
					<param name="FILE" value="${DATA_FILE}" />
				</antcall>
				<cfgcallwsadmin target="wve_common_configure_odr_routing_rules_private"
				                datamarker="odrRoutingRules"
				                script="${RAFW_HOME}/product/actions/configure/wve/common/scripts/odrRules.py" />
			</then>
			<else>
			    <rafwtrace message="Action is not supported for ${SCOPE} scope type." />
				<rafwtrace message="Applicable scopes are: cluster, server." />
				<rafwtrace message="If you are seeing this message, you have included a public action in the wrong XML file." />
			
			</else>
		</if>
	</target>

</project>
