<?xml version="1.0" encoding="UTF-8"?>
<plugin-upgrade
        xmlns="http://www.urbancode.com/UpgradeXMLSchema_v1"
        xmlns:xsi="http://www.w3.org/2001/XMLSchema-instance">

  <migrate to-version="2">
    <migrate-id old="com.urbancode.plugin.sonar" new="com.urbancode.air.plugin.sonar"></migrate-id>
  </migrate>

  <migrate to-version="3">
  </migrate>

  <migrate to-version="4">
  </migrate>
  
  <migrate to-version="5">
    <migrate-command name="Run SonarQube" old="Run Sonar" />
    <migrate-command name="Run SonarQube for .NET" old="Run Sonar for .NET" />
    <migrate-property-group name="SonarQube Server Configuration" old ="Sonar Server Configuration" type="Automation" />
  </migrate>

</plugin-upgrade>