<?xml version="1.0" encoding="UTF-8" standalone="no"?>
<!--
- Licensed Materials - Property of IBM Corp.
- IBM UrbanCode Build
- (c) Copyright IBM Corporation 2016. All Rights Reserved.
-
- U.S. Government Users Restricted Rights - Use, duplication or disclosure restricted by
- GSA ADP Schedule Contract with IBM Corp.
--><pluginInfo xmlns="http://www.urbancode.com/InfoXMLSchema_v1" xmlns:server="http://www.urbancode.com/PluginServerXMLSchema_v1" xmlns:xsi="http://www.w3.org/2001/XMLSchema-instance">

  <!-- Do not change the release-version, the build process injects it. -->
  <release-version>5.1098513</release-version>

  <release-notes>
    <!--
      **release-note IS required**

      The plugin-version name must match the plugin version found in the plugin.xml file

      The release-note should document the changes, improvements, or bug fixes introduced
      with the new plugin version

      The release-note may contain text or reference a file in the plugin zip package

      For example your release note could be:
      Support for was added for version 10.0 for software X
      or
      releaseNotes/release1.html (where release1.html contains html formatted version information)
      -->

    <release-note plugin-version="1">
      Initial version of the Xcode plugin for building Xcode projects and workspaces.
    </release-note>

    <release-note plugin-version="2">
      Updated the build step to reflect that schemes and targets are mutually exclusive.
      Added a setting to determine if the build should be for all architectures or only the active architecture.
    </release-note>

    <release-note plugin-version="3">
      Add properties for a keychain password and timeout. If a build or package tries to sign a packaged application
      and the keychain is locked, we will unlock the keychain and set a timeout.
      Changed ONLY_ACTIVE_ARCHS command-line argument to ONLY_ACTIVE_ARCH.
    </release-note>
    <release-note plugin-version="4">Added RPX dependency and English translations</release-note>

    <release-note plugin-version="5">
Support property file encryption.
    </release-note>
  </release-notes>
</pluginInfo>
