<?xml version="1.0" encoding="UTF-8"?><!--
- Licensed Materials - Property of IBM Corp.
- IBM UrbanCode Deploy
- (c) Copyright IBM Corporation 2015, 2017. All Rights Reserved.
-
- U.S. Government Users Restricted Rights - Use, duplication or disclosure restricted by
- GSA ADP Schedule Contract with IBM Corp.
--><pluginInfo>
  <integration type=""/>
  <tool-description/>
  <release-version>5.953540</release-version>
  <release-notes>
    <release-note plugin-version="1">
      <ul>
        <li>Initial Release</li>
      </ul>
    </release-note>
    <release-note plugin-version="2">
      <ul>
        <li>Run Integration is now faster and more robust.</li>
      </ul>
    </release-note>
    <release-note plugin-version="3">
      <ul>
        <li>Updated TFS SDK library to v14.111.1.</li>
        <li>Added support for property file encryption.</li>
      </ul>
    </release-note>
    <release-note plugin-version="4">
      <ul>
        <li>Added CheckConnection button.</li>
        <li>Added HTML Description to Changes.</li>
      </ul>
    </release-note>
    <release-note plugin-version="5">
      <ul>
        <li>Updated TFS SDK library to v14.118.0. Resolves error when using IBM Java.</li>
        <li>Resolved edge case where the TFS Type's value is too large and prevents plug-in configuration and execution.</li>
        <li>Added missing slash (/) between the TFS URL and Collection Name when constructing the TFS Server's URL.</li>
      </ul>
    </release-note>
  </release-notes>
</pluginInfo>