<?xml version="1.0" encoding="UTF-8"?>
<!-- 
====================================================================== 
Licensed Materials - Property of IBM Corp. 
IBM Middleware Configuration for WebSphere 
(c) Copyright IBM Corporation 2003, 2013. All Rights Reserved.   

U.S. Government Users Restricted Rights - Use, duplication or disclosure restricted by 
GSA ADP Schedule Contract with IBM Corp. 


File name: configure_was_common_base_server.xml

Contains various configuration tasks that are available at the 
server scope for all versions of WebSphere
====================================================================== 
-->

<project default="default" basedir=".">
	<description>
		Contains various configuration tasks that are available at the server scope for all versions of WebSphere
	</description>

	<!-- these targets allow custom common configurations  -->
	<import file="${RAFW_HOME}/user/actions/configure/was/common/base/server/custom_configure_was_common_base_server.xml" />

	<!-- these targets allow incubator common configurations  -->
	<import file="${RAFW_HOME}/incubator/actions/configure/was/common/base/server/incubator_configure_was_common_base_server.xml" />

	<!-- import RAFW library -->
	<import file="${RAFW_HOME}/product/lib/RAFW_lib.xml" />

	<!-- import the common targets  -->
	<import file="${RAFW_HOME}/product/actions/configure/was/common/configure_was_common.xml" />

	<target name="was_common_configure_create_server"
	        depends="only_execute,was_common_configure_check_for_server_name, scope_init"
	        description="Create a server/servers on this node, use -s SERVER_NAME">

		<rafwlog id="CRWWA0014I" resourcebundle="was">
			<logarg value="${SERVER_NAME}"/>
			<logarg value="${NODE_NAME}" />	
		</rafwlog>
		<for list="${SERVER_NAME}" param="SERVER">
			<sequential>
				<!-- fall back on the old mechanism if exists -->
				<if>
					<not>
						<isblank property="SERVER_TEMPLATE_@{SERVER}" />
					</not>
					<then>
						<var name="SERVER_TEMPLATE" value="${SERVER_TEMPLATE_@{SERVER}}" />
					</then>
				</if>
				<var file="${SERVERS_HOME}/@{SERVER}/server.properties" />
				<if>
					<equals arg1="${SERVER_TYPE}" arg2="PROXY_SERVER" />
					<then>
						<!-- if PROXY_SERVER use the createProxyServer action -->
						<assertpropertyset property="SERVER_TEMPLATE"
						                   resourcebundle="was"
						                   messageid="CRWWA0012E" />
						<antcall target="was_common_configure_create_proxy_server">
							<param name="ACTION_NAME" value="${TARGET}" />
							<param name="TEMPLATE" value="${SERVER_TEMPLATE}" />
							<param name="PROXY_SERVER_NAMES" value="@{SERVER}" />
						</antcall>
					</then>
					<else>
						<if>
							<isblank property="server.SERVER_TEMPLATE" />
							<then>
								<if>
									<equals arg1="${OS}" arg2="zos" />
									<then>
										<var name="server.SERVER_TEMPLATE" value="defaultZOS" />
									</then>
									<else>
										<var name="server.SERVER_TEMPLATE" value="default" />
									</else>
								</if>
							</then>
						</if>
						<!-- check to see what the SERVER_TYPE is -->
						<!-- if APP_SERVER or not set use the createServer script -->
						<antcall target="call_wsadmin">
							<param name="TASK"
							       value="was_common_configure_create_server_@{SERVER}" />
							<param name="LANG" value="jython" />
							<param name="SCRIPT_NAME"
							       value="${WAS_COMMON_SCRIPTS}/createServer.py" />
							<param name="ARGS"
							       value="-servername @{SERVER} -nodename ${NODE_NAME} -template ${SERVER_TEMPLATE} -os ${OS}" />
						</antcall>
					</else>
				</if>
			</sequential>
		</for>
	</target>

	<target name="was_common_configure_delete_server"
	        depends="only_execute,was_common_configure_check_for_server_name"
	        description="Delete a server/servers on this node, use -s SERVER_NAME">
	
		
		<rafwlog id="CRWWA0015I" resourcebundle="was">
			<logarg value=" ${SERVER_NAME}" />
			<logarg value=" ${NODE_NAME}" />
		</rafwlog>
		<for list="${SERVER_NAME}" param="SERVER">
			<sequential>
				<antcall target="call_wsadmin">
					<param name="TASK" value="was_common_configure_delete_server_@{SERVER}" />
					<param name="LANG" value="jython" />
					<param name="SCRIPT_NAME" value="${WAS_COMMON_SCRIPTS}/deleteServer.py" />
					<param name="ARGS" value="-servername @{SERVER} -nodename ${NODE_NAME}" />
				</antcall>
			</sequential>
		</for>
	</target>

	<target name="was_common_configure_create_server_template"
	        depends="only_execute,was_common_configure_check_for_server_name"
	        description="Create a server template from a server on this node, use -s SERVER_NAME">
		<rafwlog id="CRWWA0016I" resourcebundle="was">
			<logarg value="${SERVER_NAME}" />	
			<logarg value="${NODE_NAME}" />
		</rafwlog>
		<for list="${SERVER_NAME}" param="SERVER">
			<sequential>
				<property name="TEMPLATE" value="${SERVER_TEMPLATE_@{SERVER}}" />
				<antcall target="call_wsadmin">
					<param name="TASK"
					       value="was_common_configure_create_server_template_@{SERVER}" />
					<param name="LANG" value="jython" />
					<param name="SCRIPT_NAME"
					       value="${WAS_COMMON_SCRIPTS}/createServerTemplate.py" />
					<param name="ARGS"
					       value="-servername @{SERVER} -nodename ${NODE_NAME} -template ${TEMPLATE}" />
				</antcall>
			</sequential>
		</for>
	</target>

	<target name="was_common_configure_delete_server_template"
	        depends="only_execute,was_common_configure_check_for_server_name"
	        description="Delete a server template from a server on this node, use -s SERVER_TEMPLATE_NAME">
		
		<rafwlog id="CRWWA3006I" resourcebundle="was">
			<logarg value="${SERVER_NAME}" />
			<logarg value="${NODE_NAME}" />
		</rafwlog>
		<for list="${SERVER_NAME}" param="TEMPLATE">
			<sequential>
				<antcall target="call_wsadmin">
					<param name="TASK"
					       value="was_common_configure_delete_server_template_@{SERVER}" />
					<param name="LANG" value="jython" />
					<param name="SCRIPT_NAME"
					       value="${WAS_COMMON_SCRIPTS}/deleteServerTemplate.py" />
					<param name="ARGS" value="-nodename ${NODE_NAME} -template @{TEMPLATE}" />
				</antcall>
			</sequential>
		</for>
	</target>

	<target name="was_common_configure_stop_server"
	        depends="was_init,only_execute,was_common_configure_check_for_server_name"
	        description="Stops a server on this node, use -s SERVER_NAME">
		
		<rafwlog id="CRWWA3007I" resourcebundle="was">
			<logarg value="${SERVER_NAME}" />
		</rafwlog>
		<if>
			<available file="${WAS_PROF_HOME}/bin/stopServer${SCRIPT_EXT}" />
			<then>
				<if>
					<equals arg1="true" arg2="${USE_SOAP_CLIENT_PROP_FILE}" />
					<then>
						<var name="CONNECT_ARGS" value="" />
					</then>
					<else>
						<var name="CONNECT_ARGS" value="-username ${WAS_USERNAME} -password ${WAS_PASSWORD}" />
					</else>
				</if>
				<for list="${SERVER_NAME}" param="SERVER">
					<sequential>
						<antcall target="execute">
							<param name="EXECUTABLE"
							       value="${WAS_PROF_HOME}/bin/stopServer${SCRIPT_EXT}" />
							<param name="FAILONERROR" value="true" />
							<param name="ARGS"
							       value="@{SERVER} ${CONNECT_ARGS}" />
						</antcall>
					</sequential>
				</for>
			</then>
			<else>
				<rafwlog id="CRWWA3001W" resourcebundle="was">
					<logarg value="${WAS_PROF_HOME}/bin/stopServer${SCRIPT_EXT}" />
				</rafwlog>
			</else>
		</if>
	</target>

	<target name="was_common_configure_start_server"
	        depends="was_init,only_execute,was_common_configure_check_for_server_name"
	        description="Starts a server on this node, use -s SERVER_NAME">
		<rafwlog id="CRWWA3008I" resourcebundle="was">
			<logarg value="${SERVER_NAME}" />
		</rafwlog>
		<if>
			<available file="${WAS_PROF_HOME}/bin/startServer${SCRIPT_EXT}" />
			<then>
				<for list="${SERVER_NAME}" param="SERVER">
					<sequential>
						<antcall target="execute">
							<param name="EXECUTABLE"
							       value="${WAS_PROF_HOME}/bin/startServer${SCRIPT_EXT}" />
							<param name="FAILONERROR" value="true" />
							<param name="ARGS" value="@{SERVER}" />
						</antcall>
					</sequential>
				</for>
			</then>
			<else>
				<rafwlog id="CRWWA3009E" resourcebundle="was">
					<logarg value="${WAS_PROF_HOME}/bin/startServer${SCRIPT_EXT}" />
				</rafwlog>
				
				<rafwfail id="CRWWA3015E" resourcebundle="was">
					<logarg value="${SERVER_NAME}" />
					<logarg value="${WAS_PROF_HOME}/bin/startServer${SCRIPT_EXT}" />
				</rafwfail>
			</else>
		</if>
	</target>

	<target name="was_common_configure_stop_server1" depends="only_execute,was_init">
		
		<rafwlog id="CRWWA3011I" resourcebundle="was">
			<logarg value="${NODE_NAME}" />
			<logarg value="${LOG_HOME}/stop_server1.log" />
		</rafwlog>
		<if>
			<available file="${WAS_PROF_HOME}/bin/stopServer${SCRIPT_EXT}" />
			<then>
				<if>
					<equals arg1="true" arg2="${USE_SOAP_CLIENT_PROP_FILE}" />
					<then>
						<var name="CONNECT_ARGS" value="" />
					</then>
					<else>
						<var name="CONNECT_ARGS" value="-username ${WAS_USERNAME} -password ${WAS_PASSWORD}" />
					</else>
				</if>
				<antcall target="execute">
					<param name="EXECUTABLE" value="${WAS_PROF_HOME}/bin/stopServer${SCRIPT_EXT}" />
					<param name="FAILONERROR" value="false" />
					<param name="ARGS"
					       value="server1 ${CONNECT_ARGS}" />
				</antcall>
			</then>
			<else>
				<rafwlog id="CRWWA3001W" resourcebundle="was">
					<logarg value="${WAS_PROF_HOME}/bin/stopServer${SCRIPT_EXT}" />
				</rafwlog>
					
			</else>
		</if>
	</target>

	<target name="was_common_configure_start_server1" depends="only_execute,was_init">

		<rafwlog id="CRWWA3013I" resourcebundle="was">
			<logarg value="${NODE_NAME}" />
			<logarg value="${LOG_HOME}/start_server1.log" />
		</rafwlog>
		<if>
			<available file="${WAS_PROF_HOME}/bin/startServer${SCRIPT_EXT}" />
			<then>
				<antcall target="execute">
					<param name="EXECUTABLE"
					       value="${WAS_PROF_HOME}/bin/startServer${SCRIPT_EXT}" />
					<param name="FAILONERROR" value="false" />
					<param name="ARGS" value="server1" />
				</antcall>
			</then>
			<else>
				
				<rafwlog id="CRWWA3009E" resourcebundle="was">
						<logarg value="${WAS_PROF_HOME}/bin/startServer${SCRIPT_EXT}" />
				</rafwlog>
				<rafwfail id="CRWWA3015E" resourcebundle="was">
					<logarg value="${SERVER_NAME}" />
					<logarg value="${WAS_PROF_HOME}/bin/startServer${SCRIPT_EXT}" />
				</rafwfail>
			</else>
		</if>
	</target>

	<target name="was_common_configure_check_for_server_name">
		<if>
			<and>
				<isblank property="SERVER_NAME" />
				<isset property="SERVERS_ON_NODE" />
			</and>
			<then>
				<rafwlog id="CRWWA0183I" resourcebundle="was">
					<logarg value="${SERVERS_ON_NODE}" />
				</rafwlog>
				<var name="SERVER_NAME" value="${SERVERS_ON_NODE}" />
			</then>
			<else>
				<rafwlog id="CRWWA0184I" resourcebundle="was">
					<logarg value="${SERVER_NAME}" />
				</rafwlog>
			</else>
		</if>
		<assertpropertyset property="SERVER_NAME" messageid="CRWWA0185E" resourcebundle="was" />
	</target>

	<target name="was_common_configure_server_status"
	        depends="only_execute, was_init,was_common_configure_check_for_server_name"
	        description="Displays WAS/ND Server Status for all the servers in the configuration">
		<if>
			<available file="${WAS_PROF_HOME}/bin/serverStatus${SCRIPT_EXT}" />
			<then>
				<if>
					<equals arg1="true" arg2="${USE_SOAP_CLIENT_PROP_FILE}" />
					<then>
						<var name="CONNECT_ARGS" value="" />
					</then>
					<else>
						<var name="CONNECT_ARGS" value="-username ${WAS_USERNAME} -password ${WAS_PASSWORD}" />
					</else>
				</if>
				<for list="${SERVER_NAME}" param="SERVER">
					<sequential>
						<antcall target="execute">
							<param name="EXECUTABLE"
							       value="${WAS_PROF_HOME}/bin/serverStatus${SCRIPT_EXT}" />
							<param name="ARGS"
							       value="@{SERVER} ${CONNECT_ARGS}" />
						</antcall>
					</sequential>
				</for>
			</then>
			<else>
				
				<rafwlog id="CRWWA3001W" resourcebundle="was">
					<logarg value="${WAS_PROF_HOME}/bin/serverStatus${SCRIPT_EXT}" />
				</rafwlog>
			</else>
		</if>
	</target>

	<target name="was_common_configure_create_windows_services"
	        depends="only_execute, was_init,scope_init, was_common_configure_check_for_server_name"
	        description="Create Windows Services, use -s SERVER_NAME">

		<rafwlog id="CRWWA3003I" resourcebundle="was"/>
		<for list="${SERVER_NAME}" param="SERVER">
			<sequential>
				<antcall target="execute">
					<param name="EXECUTABLE" value="${WAS_HOME}/bin/WASService.exe" />
					<param name="FAILONERROR" value="false" />
					<param name="ARGS"
					       value="-add ${SERVER_NAME} -serverName ${SERVER_NAME} -profilePath ${WAS_PROF_HOME} -startType automatic" />
				</antcall>
			</sequential>
		</for>
	</target>

	<target name="was_common_configure_remove_windows_services"
	        depends="only_execute, was_init,scope_init, was_common_configure_check_for_server_name"
	        description="Remove Windows Services, use -s SERVER_NAME">
		
		<rafwlog id="CRWWA3004I" resourcebundle="was"/>
		<for list="${SERVER_NAME}" param="SERVER">
			<sequential>
				<antcall target="execute">
					<param name="EXECUTABLE" value="${WAS_HOME}/bin/WASService.exe" />
					<param name="FAILONERROR" value="false" />
					<param name="ARGS" value="-remove ${SERVER_NAME}" />
				</antcall>
			</sequential>
		</for>
	</target>

	<target name="was_common_configure_create_proxy_server" depends="only_execute">
		<var name="TPL_NAME" value="${TEMPLATE}" />
		<for list="${PROXY_SERVER_NAMES}" param="SERVER">
			<sequential>
				<rafwlog id="CRWWA3005I" resourcebundle="was">
					<logarg value="@{SERVER}" />
					<logarg value="${NODE_NAME}" />
				</rafwlog>
				<antcall target="call_wsadmin">
					<param name="TASK" value="${ACTION_NAME}_@{SERVER}" />
					<param name="LANG" value="jython" />
					<param name="SCRIPT_NAME" value="${WAS_COMMON_SCRIPTS}/createProxyServer.py" />
					<param name="ARGS"
					       value="-servername @{SERVER} -nodename ${NODE_NAME} -template ${TPL_NAME}" />
				</antcall>
			</sequential>
		</for>
	</target>

</project>

