<?xml version="1.0" encoding="UTF-8"?><!--
- Licensed Materials - Property of IBM Corp.
- IBM UrbanCode Build
- (c) Copyright IBM Corporation 2012, 2014. All Rights Reserved.
-
- U.S. Government Users Restricted Rights - Use, duplication or disclosure restricted by
- GSA ADP Schedule Contract with IBM Corp.
--><pluginInfo xmlns="http://www.urbancode.com/InfoXMLSchema_v1">

  <!-- Do not change the release-version, the build process injects it. -->
  <release-version>22.981581</release-version>

  <release-notes>
    <!--
      **release-note IS required**

      The plugin-version name must match the plugin version found in the plugin.xml file

      The release-note should document the changes, improvements, or bug fixes introduced
      with the new plugin version

      The release-note may contain text or reference a file in the plugin zip package

      For example your release note could be:
      Support for was added for version 10.0 for software X
      or
      releaseNotes/release1.html (where release1.html contains html formatted version information)
      -->
    <release-note plugin-version="1">
      Installing this plugin will give you access to the steps listed below. These steps will be available for use when designing a Job.
    </release-note>

    <release-note plugin-version="2">
      Create a baseline when performing a SCM label step.
    </release-note>

    <release-note plugin-version="3">
      Fix a bug in parsing work items from source changes.
    </release-note>

    <release-note plugin-version="4">
      Fixed parsing error in the Get Changelog step.
    </release-note>

    <release-note plugin-version="5">
      Fix change detection when using an existing workspace by accepting changes.
    </release-note>

    <release-note plugin-version="6">
      Fix work item detection in source changes for RTC 4.x. Fix populate step for existing workspaces to allow for non-zero return code from the scm accept.
    </release-note>

    <release-note plugin-version="7">
      Fix a bug preventing Quiet Period from completing successfully.
    </release-note>

    <release-note plugin-version="8">
      Fix a bug when the populate step is run a second time in a build life and creates a duplicate a snapshot instead of us.
    </release-note>

    <release-note plugin-version="9">
      Fix a bug if get status needs to be run as part of a undo during populate.
    </release-note>

    <release-note plugin-version="10">
      Update to a newer version of a library for HTTP communication.
    </release-note>

    <release-note plugin-version="11">
      Add a password script field to the repository
    </release-note>

    <release-note plugin-version="12">
      Accept changes before calling load on the workspace.
    </release-note>

    <release-note plugin-version="13">
      Fixed a bug in the changelog step when using multiple components.
    </release-note>

    <release-note plugin-version="14">
      Fixed the load command to list the components being checked out if the Components List property is set.
    </release-note>

    <release-note plugin-version="15">
      Fixed an issue where a component could be removed and then added again instead of just leaving the component in the workspace.
    </release-note>

    <release-note plugin-version="16">
      Fixed an issue in the 'RTC Changelog' step where not all source changes were added to the build life when at least one or more source changes did not reference a work item.
    </release-note>

    <release-note plugin-version="17">
      Fixed an issue in the RTC Quiet Period where not having any snapshots would cause the check to fail.
    </release-note>

    <release-note plugin-version="18">
      Fixed an issue where communication with the UrbanCode Build server would fail if it was running with an IBM JDK/JRE.
    </release-note>

    <release-note plugin-version="19">
      Added retries to RTC commands when certain errors occur. Updated Changelog and Quiet Period steps to use the date that a change was added to the stream.
    </release-note>

    <release-note plugin-version="20">
      Added RPX dependency and English translations
    </release-note>

    <release-note plugin-version="21">
      Support property file encryption.
    </release-note>

    <release-note plugin-version="22">
      Fix incorrect scm compare syntax in changelog step.
    </release-note>
  </release-notes>
</pluginInfo>