<?xml version="1.0" encoding="UTF-8"?>
<!--
- Licensed Materials - Property of IBM Corp.
- IBM UrbanCode Build
- (c) Copyright IBM Corporation 2012, 2014. All Rights Reserved.
-
- U.S. Government Users Restricted Rights - Use, duplication or disclosure restricted by
- GSA ADP Schedule Contract with IBM Corp.
-->
<plugin-upgrade
        xmlns="http://www.urbancode.com/UpgradeXMLSchema_v1"
        xmlns:xsi="http://www.w3.org/2001/XMLSchema-instance">

  <migrate to-version="2">
    <migrate-command name="RTC Create Baseline" old="RTC Create Snapshot">
      <migrate-properties>
        <migrate-property name="message"/>
        <migrate-property name="label" default="undefined"/>
      </migrate-properties>
    </migrate-command>
  </migrate>

  <migrate to-version="3">
  </migrate>

  <migrate to-version="4">
  </migrate>

  <migrate to-version="5">
  </migrate>

  <migrate to-version="6">
  </migrate>

  <migrate to-version="7">
    <migrate-property-group name="RTC Repository" type="Repository">
      <migrate-properties>
        <migrate-property name="listSnapshotDateFormat" old="listSnapshotDateFormate" default="MMM d, yyyy h:mm a"/>
      </migrate-properties>
    </migrate-property-group>
  </migrate>

  <migrate to-version="8">
  </migrate>

  <migrate to-version="9">
  </migrate>

  <migrate to-version="10">
  </migrate>

  <migrate to-version="11">
    <migrate-property-group name="RTC Repository" type="Repository">
      <migrate-properties>
        <migrate-property name="passScript"/>
      </migrate-properties>
    </migrate-property-group>
  </migrate>

  <migrate to-version="12">
  </migrate>

  <migrate to-version="13">
  </migrate>

  <migrate to-version="14">
  </migrate>

  <migrate to-version="15">
  </migrate>

  <migrate to-version="16">
  </migrate>

  <migrate to-version="17">
  </migrate>

  <migrate to-version="18">
  </migrate>

  <migrate to-version="19">
  </migrate>

  <migrate to-version="20">
  </migrate>

  <migrate to-version="21">
  </migrate>

  <migrate to-version="22">
  </migrate>

</plugin-upgrade>
