<?xml version="1.0" encoding="UTF-8"?><pluginInfo xmlns="http://www.urbancode.com/InfoXMLSchema_v1" xmlns:server="http://www.urbancode.com/PluginServerXMLSchema_v1" xmlns:xsi="http://www.w3.org/2001/XMLSchema-instance">

  <author name="UrbanCode">
    <organization>UrbanCode</organization>
    <email>info@urbancode.com</email>
    <website>http://urbancode.com</website>
    <bio/>
  </author>


  <integration type="Automation"/>


  <tool-description> AppScan Source Edition integrates security testing into the software development process while helping security and development teams strengthen application security, protect confidential data and improve compliance.</tool-description>


  <related-info>
    <link description="AppScan Website" title="AppScan" type="WEBSITE" url="http://www-01.ibm.com/software/awdtools/appscan/"/>
  </related-info>


  <!-- Do not change the release-version, the build process injects it. -->
  <release-version>1.772903</release-version>


  <release-notes>
    <!--
      **release-note IS required**

      The plugin-version name must match the plugin version found in the plugin.xml file

      The release-note should document the changes, improvements, or bug fixes introduced
      with the new plugin version

      The release-note may contain text or reference a file in the plugin zip package

      For example your release note could be:
      Support for was added for version 10.0 for software X
      or
      releaseNotes/release1.html (where release1.html contains html formatted version information)

      To add a new release note add this with a description in it of the changes:
      <release-note plugin-version="1">....</release-note>

      Our automated release process will replace 'LATEST' with the released version.

      If this already exists in the file, then the described changes have not been released yet and
      you should just append to the existing 'LATEST' tag
      -->

      <release-note plugin-version="1">
          Installing this plugin will give you access to the steps listed below. These steps will be available for use when designing a Job.
      </release-note>
  </release-notes>
</pluginInfo>