<?xml version="1.0" encoding="UTF-8" standalone="no"?>
<!--
- Licensed Materials - Property of IBM Corp.
- IBM UrbanCode Build
- (c) Copyright IBM Corporation 2012, 2016. All Rights Reserved.
-
- U.S. Government Users Restricted Rights - Use, duplication or disclosure restricted by
- GSA ADP Schedule Contract with IBM Corp.
-->
<plugin-upgrade xmlns="http://www.urbancode.com/UpgradeXMLSchema_v1" xmlns:xsi="http://www.w3.org/2001/XMLSchema-instance">

  <migrate to-version="2">
    <migrate-id new="com.urbancode.air.plugin.junit" old="com.urbancode.plugin.junit"/>
  </migrate>

  <migrate to-version="3">
  </migrate>

  <migrate to-version="4">
  </migrate>
  <migrate to-version="5"/>

  <migrate to-version="6">
      <migrate-command name="JUnit Report">
        <migrate-properties>
            <migrate-property name="reportName"/>
            <migrate-property name="sourceDir"/>
            <migrate-property name="truncate"/>
            <migrate-property name="includes"/>
            <migrate-property name="excludes"/>
        </migrate-properties>
    </migrate-command>
  </migrate>

  <migrate to-version="7">
  </migrate>

  <migrate to-version="8">
    <migrate-command name="JUnit Report">
      <migrate-properties>
        <migrate-property name="requestTimeout"/>
      </migrate-properties>
    </migrate-command>
  </migrate>

  <migrate to-version="9"/>

  <migrate to-version="10"/>
  
</plugin-upgrade>
