<?xml version="1.0" encoding="UTF-8" standalone="no"?>
<!--
- Licensed Materials - Property of HCL
- UrbanCode Build
- (c) Copyright HCL Technologies Ltd. 2018. All Rights Reserved.
--><pluginInfo>

  <integration type="automation"/>

  <tool-description>The Job As Config Plugin helps user to configure the job using a script file of YAML or JSON format.
    The Script file should be of UrbanCode Build pre-defined format
  </tool-description>

  <!-- Do not change the release-version, the build process injects it. -->
  <release-version>1.1070875</release-version>

  <release-notes>
    <!--
      The release-note should document the changes, improvements, or bug fixes introduced
      with the new plugin version

      The release-note may contain text

      For example your release note could be:
      Support for was added for version 10.0 for software X

      To add a new release note add this with a description in it of the changes:
      <release-note plugin-version="1">....</release-note>
    -->

    <release-note plugin-version="1">
      Initial release. Installing this plugin will give you access to the Job as Code Step.
    </release-note>

  </release-notes>
</pluginInfo>
