<?xml version="1.0" encoding="UTF-8"?><pluginInfo>

  <!-- Do not change the release-version, the build process injects it. -->
  <release-version>14.767774</release-version>

  <release-notes>
    <!--
      **release-note IS required**

      The plugin-version name must match the plugin version found in the plugin.xml file

      The release-note should document the changes, improvements, or bug fixes introduced
      with the new plugin version

      The release-note may contain text or reference a file in the plugin zip package

      For example your release note could be:
      Support for was added for version 10.0 for software X
      or
      releaseNotes/release1.html (where release1.html contains html formatted version information)
      -->

    <release-note plugin-version="1">
Installing this plugin will give you access to the steps listed below. These steps will be available for use when designing a Job.
    </release-note>

    <release-note plugin-version="2">
Installing this plugin will give you access to the steps listed below. These steps will be available for use when designing a Job.
    </release-note>

    <release-note plugin-version="3">
Installing this plugin will give you access to the steps listed below. These steps will be available for use when designing a Job.
    </release-note>

    <release-note plugin-version="4">
Update to a newer version of a library for HTTP communication.
    </release-note>

    <release-note plugin-version="5">
Fixed the label step to call the correct script. Fixed a bug where the cleanup step would try to remove tags even when the view was not created globally.
    </release-note>

    <release-note plugin-version="6">
Updated the checkout step to parse the output to determine if the step should fail.
    </release-note>

    <release-note plugin-version="7">
Updated the cleanup step so that it does not fail when trying to remove files. Updated changelog step to not add a leading slash when there is no vob tag root value supplied.
    </release-note>

    <release-note plugin-version="8">
Updated the changelog step to fix an infinite loop when parsing comments
    </release-note>

    <release-note plugin-version="9">
Updated setcs output parsing to prevent the step from hanging. Minor adjustments to the Changelog step.
    </release-note>

    <release-note plugin-version="10">
Updated the source config to have a flag to toggle if the populate step should fail when a file cannot be found due to no version being selected in the configuration specification. Note: If set to false, the label step may fail if a file cannot be found.
    </release-note>

    <release-note plugin-version="11">
Updated changelog step to fix a bug when using a label
    </release-note>

    <release-note plugin-version="12">
Fixed a race condition when processing command output
    </release-note>

    <release-note plugin-version="13">
Added RPX dependency and English translations
    </release-note>

    <release-note plugin-version="14">
Fix change set parsing in the Changelog step
Fix a bug around setting the latest change date in the Quiet Period step
    </release-note>

  </release-notes>
</pluginInfo>