<?xml version="1.0" encoding="UTF-8" standalone="no"?>
<plugin-upgrade xmlns="http://www.urbancode.com/UpgradeXMLSchema_v1" xmlns:xsi="http://www.w3.org/2001/XMLSchema-instance">

  <migrate to-version="2">
    <migrate-command name="ClearCase Label">
      <migrate-properties>
        <migrate-property default="Default message" name="message"/>
      </migrate-properties>
    </migrate-command>
    <migrate-property-group name="ClearCase Base Snapshot Source Config" old="ClearCase Source Config" type="Source"/>
    <migrate-property-group name="ClearCase Base Snapshot Repository" old="ClearCase Repository" type="Repository"/>
  </migrate>

  <migrate to-version="3">
    <migrate-property-group name="ClearCase Base Snapshot Source Config" type="Source">
      <remove-properties>
        <remove-property name="labelScript"/>
      </remove-properties>
    </migrate-property-group>
  </migrate>

  <migrate to-version="4">
  </migrate>

  <migrate to-version="5">
  </migrate>

  <migrate to-version="6">
  </migrate>

  <migrate to-version="7">
  </migrate>

  <migrate to-version="8">
  </migrate>

  <migrate to-version="9">
  </migrate>

  <migrate to-version="10">
    <migrate-property-group name="ClearCase Base Snapshot Source Config" type="Source">
      <migrate-properties>
        <migrate-property default="false" name="failIfNoVersion"/>
      </migrate-properties>
    </migrate-property-group>
  </migrate>

  <migrate to-version="11">
  </migrate>

  <migrate to-version="12">
  </migrate>

  <migrate to-version="13">
  </migrate>

  <migrate to-version="14">
  </migrate>
</plugin-upgrade>
