<?xml version="1.0" encoding="UTF-8"?>
<plugin-upgrade
        xmlns="http://www.urbancode.com/UpgradeXMLSchema_v1"
        xmlns:xsi="http://www.w3.org/2001/XMLSchema-instance">  
  
  <migrate to-version="2">
    <migrate-property-group name="Subversion Repository" type="Repository">
      <migrate-properties>
        <migrate-property name="isSvnRepo" default="true"/>
      </migrate-properties>
    </migrate-property-group>
  </migrate>
  
  <migrate to-version="3">
    <migrate-id old="com.urbancode.plugin.svn" new="com.urbancode.air.plugin.svn"></migrate-id>
  </migrate>
</plugin-upgrade>