<?xml version="1.0" encoding="UTF-8"?>
<pluginInfo>
  <author>
    <name>UrbanCode</name>
    <email></email>
    <website>http://urbancode.com</website>
  </author>
  <licenses>
    <license></license>
  </licenses>
  <integrationType>SCM</integrationType>
  <categories>
    <category>source control management</category>
	<category>IBM</category>
  </categories>
  <versions>
    <version name="1">
	  <releaseNote>
The RTC SCM plugin is an Source Control plugin. It is executed at the beginning of the build to clean your workspace, populate your workspace with your source, and the report changes to the source since the last build. The RTC SCM plugin relies on access to the RTC SCM executable to pull source code and changelogs from RTC.     
	  </releaseNote>
    </version>
  </versions>
</pluginInfo>