<?xml version="1.0" encoding="UTF-8"?>

<!-- 
====================================================================== 
Licensed Materials - Property of IBM Corp. 
IBM Middleware Configuration for WebSphere 
(c) Copyright IBM Corporation 2003, 2013. All Rights Reserved.   

U.S. Government Users Restricted Rights - Use, duplication or disclosure restricted by 
GSA ADP Schedule Contract with IBM Corp. 


File name: configure_was_common_base_odr_server.xml

Contains configuraton actions available on WAS ODR servers
ODR servers were introduced in WAS 8.5
====================================================================== 
-->

<project default="default" basedir=".">
	<description>
		Contains configuraton actions available on WAS ODR servers
	</description>

	<!-- import custom targets  -->
	<import file="${RAFW_HOME}/user/actions/configure/was/common/base/server/custom_configure_was_common_base_odr_server.xml" />

	<!-- import the actions which apply to both app servers and proxy servers -->
	<import file="${RAFW_HOME}/product/actions/configure/was/common/base/server/configure_was_common_base_server.xml" />

	<!-- Import wve common all-scope configure targets  -->
	<import file="${RAFW_HOME}/product/actions/configure/wve/common/configure_wve_odr_cluster_server.xml" />

	<!-- Import wve common server scope configure targets  -->
	<import file="${RAFW_HOME}/product/actions/configure/wve/common/base/server/configure_wve_common_base_server_private.xml" />

	<rafwaction name="was_common_configure_create_odr_server">
		<inherit name="wve_common_configure_create_odr_server_private" />
	</rafwaction>
	<target name="was_common_configure_create_odr_server"
	        depends="wve_common_configure_create_odr_server_private"
	        description="Creates ODR server.">
	</target>
	
	<rafwaction name="was_common_configure_odr_routing_rules">
		<inherit name="wve_common_configure_odr_routing_rules_private" />
	</rafwaction>
	<target name="was_common_configure_odr_routing_rules"
	        depends="wve_common_configure_odr_routing_rules_private"
	        description="Manages WAS ODR Routing policy">
	</target>
	
</project>
