<?xml version="1.0" encoding="UTF-8"?><!--
- Licensed Materials - Property of IBM* and/or HCL**
- UrbanCode Deploy
- (c) Copyright IBM Corporation 2017. All Rights Reserved.
- (c) Copyright HCL Technologies Ltd. 2018. All Rights Reserved.
-
- U.S. Government Users Restricted Rights - Use, duplication or disclosure restricted by
- GSA ADP Schedule Contract with IBM Corp.
-
- * Trademark of International Business Machines
- ** Trademark of HCL Technologies Limited
--><pluginInfo>
  <!--

  **author name IS required**

  The Author Section is used to give credit to the author of the plugin.
  Name is the only required element/attribute, but feel free to also include your email,
  website  or bio to allow users of your plugin to praise your work, ask questions
  or share their use case to help grow your plugin's functionality.
  -->

  <author name="IBM">
    <organization>IBM UrbanCode</organization>
    <email>ucplugin@us.ibm.com</email>
    <website>https://www.ibmdw.net/urbancode/plugins/</website>
    <bio/>
  </author>

  <!--

  **intergration type IS Required**

  The integration type section identifies where the plugin fits into the process
  excepted types are SCM, Build, Artifact, Automation, Deploy

  For example:

  The plugin pulls Artifacts from an artifact repository during deployment
  the Type would be "Artifact"
  or
  The plugin deploys to a middleware server
  the Type would be "Deploy"
  -->

  <integration type="Artifact"/>


  <!--
  **source is NOT required**

  The source section identifies the location of the plugin source code
  For example
  https://github.com/...
  -->
  <!--
  <source url=""/>
  -->
  <!--
  **license type is NOT required**

  If your plugin uses any licensed software please acknowledge it by
  listing the license type below
  -->
  <!--
  <licenses>
    <license type=""/>
  </licenses>
  -->
  <!--
  **tool-description IS required**

  The tool-description section is used to summarize the software
  the plugin was created to integrate with.

  For example:
  Apache Ant is a software tool to automate software processes during the build or
  deployment of an application. Ant uses an propitiatory XML file to define build
  and/or deployment steps(referred to as targets by ant) . The Ant executable is
  called to execute the targets in the build.xml.
  -->

  <tool-description>NuGet is the package manager for the Microsoft development platform including .NET.</tool-description>

  <!--
  **related-info is NOT required**

  The releated-info section is used to define links which may be useful to users of the plugin
  but don't fall into the release-notes or tool-description section.

  For example: releated-info can be links to pdf documentation, help videos related to plugin setup or the product's
  website.

  excepted values for type include: PDF, WEBSITE, VIDEO
  -->
  <related-info>
    <link description="NuGet website" title="NuGet website" type="WEBSITE" url="https://www.nuget.org/"/>
  </related-info>
  <!--
  **meta-html in NOT required**

  The meta-html section is used define the meta description and the meta keywords of the plugin page.The meta
  description tag allows you to influence the description of your page in the web crawlers that support the
  tag The meta keywords tag allows   you to provide additional text for crawler-based search engines to index
  along with your body copy.

  If multiple keywords are used they must be comma(,) delimited
  -->

  <meta-html>
    <meta content="" name="description"/>
    <meta content="" name="keywords"/>
  </meta-html>

  <!-- Do not change the release-version, the build process injects it. -->
  <release-version>11.1006142</release-version>

  <release-notes>
    <!--
      **release-note IS required**

      The plugin-version name must match the plugin version found in the plugin.xml file

      The release-note should document the changes, improvements, or bug fixes introduced
      with the new plugin version

      The release-note may contain text or reference a file in the plugin zip package

      For example your release note could be:
      Support for was added for version 10.0 for software X
      or
      releaseNotes/release1.html (where release1.html contains html formatted version information)

      To add a new release note add this with a description in it of the changes:
      <release-note plugin-version="1">....</release-note>

      Our automated release process will replace 'LATEST' with the released version.

      If this already exists in the file, then the described changes have not been released yet and
      you should just append to the existing 'LATEST' tag.
      -->

    <release-note plugin-version="1">
        <ul>
            <li>Install this plugin to import artifacts from a NuGet repository as the component version.</li>
        </ul>
    </release-note>
    <release-note plugin-version="2">
        <ul>
            <li>Fixes APAR PI57417. Plug-in now checks the agent settings for acceptance of self signed certificates.</li>
        </ul>
    </release-note>
    <release-note plugin-version="3">
        <ul>
            <li>Support property file encryption.</li>
        </ul>
    </release-note>
    <release-note plugin-version="4">
        <ul>
            <li>Fixes APAR PI81655. Support for Nexus v3+.</li>
            <li>If version download fails, an empty component version will no longer be created.</li>
            <li>Use working directory for downloads instead of the Temp directory.</li>
            <li>Automatic deployments can now occur on automatic import.</li>
            <li>Artifacts now have the following naming scheme: [Package].[Version].nupkg</li>
    </ul>
    </release-note>
    <release-note plugin-version="5">
        <ul>
            <li>Updated to ensure all response texts are zOS compatible.</li>
        </ul>
    </release-note>
    <release-note plugin-version="6">
        <ul>
            <li>Fixes APAR PI89772 - Unable to reach NuGet repositories hosted in Artifactory and Nexus.</li>
            <li>Added Proxy support. Updated to Apache Commmons Lang3 library.</li>
            <li>Import all artifacts on automatic and default import. Import a specific version with defined version name when run manually.</li>
            <li>Changed Extensions of Files to Convert property to a checkbox called Convert File Charset because only the .nupkg extension should be imported.</li>
        </ul>
    </release-note>
    <release-note plugin-version="7">
        <ul>
            <li>Fixes APAR PI92176 - Unable to parse Date from Artifactory repository.</li>
        </ul>
    </release-note>
    <release-note plugin-version="8">
        <ul>
            <li>Fixes APAR PI94738 - Update version list filter to include 'ID to pkg' matches.</li>
        </ul>
    </release-note>
    <release-note plugin-version="9">
        <ul>
            <li>Fixes APAR PI98736 - Resolves cannot trim on null error when using automatic import.</li>
        </ul>
    </release-note>
    <release-note plugin-version="10">
        <ul>
            <li>APAR PI89045: add support for setting isFinished flag flag when importing versions.</li>
       </ul>
    </release-note>
    <release-note plugin-version="11">
        <ul>
            <li>RFE: 123879 - Added support to opt/opt-out for pre-release versions.</li>
       </ul>
    </release-note>
  </release-notes>
</pluginInfo>