<?xml version="1.0" encoding="UTF-8"?><!--
- Licensed Materials - Property of IBM Corp.
- IBM UrbanCode Build
- (c) Copyright IBM Corporation 2012, 2014. All Rights Reserved.
-
- U.S. Government Users Restricted Rights - Use, duplication or disclosure restricted by
- GSA ADP Schedule Contract with IBM Corp.
--><pluginInfo>
  <!--
  
  **author name IS required**
  
  The Author Section is used to give credit to the author of the plugin.
  Name is the only required element/attribute, but feel free to also include your email, 
  website  or bio to allow users of your plugin to praise your work, ask questions 
  or share their use case to help grow your plugin's functionality. 
  -->
  
  <author name="UrbanCode">
    <organization>UrbanCode</organization>
    <email>info@urbancode.com</email>
    <website>http://urbancode.com</website>
    <bio/>
  </author>
  
  <!--
  
  **intergration type IS Required**
  
  The integration type section identifies where the plugin fits into the process
  accepted types are SCM, Build, Artifact, Automation, Deploy 
  
  For example:
  
  The plugin pulls Artifacts from an artifact repository during deployment
  the Type would be "Artifact"
  or 
  The plugin deploys to a middleware server 
  the Type would be "Deploy"
  -->
  
  <integration type="automation"/>
  
  
  <!-- 
  **source is NOT required**
  
  The source section identifies the location of the plugin source code
  For example 
  https://github.com/...
  -->
  <!--
  <source url=""/>
  -->
  <!-- 
  **license type is NOT required**
  
  If your plugin uses any licensed software please acknowledge it by 
  listing the license type below  
  -->
  <!--
  <licenses>
    <license type=""/>
  </licenses>
  -->
  <!-- 
  **tool-description IS required**
  
  The tool-description section is used to summarize the software 
  the plugin was created to integrate with. 
  
  For example: 
  Apache Ant is a software tool to automate software processes during the build or 
  deployment of an application. Ant uses an propitiatory XML file to define build 
  and/or deployment steps(referred to as targets by ant) . The Ant executable is 
  called to execute the targets in the build.xml.
  -->
  
  <tool-description>Rally is an agile project management tool that help large enterprises perfect the art of agile development and bring products to market faster.</tool-description>
  
  <!-- 
  **related-info is NOT required**
  
  The releated-info section is used to define links which may be useful to users of the plugin 
  but don't fall into the release-notes or tool-description section. 
  
  For example: releated-info can be links to pdf documentation, help videos related to plugin setup or the product's
  website.
  
  excepted values for type include: PDF, WEBSITE, VIDEO  
  -->
  <related-info>
    <link description="Rally Website" title="Rally Website" type="WEBSITE" url="http://www.rallydev.com"/>
  </related-info>
  <!-- 
  **meta-html in NOT required**
  
  The meta-html section is used define the meta description and the meta keywords of the plugin page.The meta 
  description tag allows you to influence the description of your page in the web crawlers that support the 
  tag The meta keywords tag allows   you to provide additional text for crawler-based search engines to index 
  along with your body copy. 
  
  If multiple keywords are used they must be comma(,) delimited   
  -->  
  
  <meta-html>
    <meta content="" name="description"/>
    <meta content="" name="keywords"/>  
  </meta-html>
    
  <!-- Do not change the release-version, the build process injects it. -->
  <release-version>12.697482</release-version> 
    
  <release-notes>
    <!--
      **release-note IS required**
      
      The plugin-version name must match the plugin version found in the plugin.xml file 
      
      The release-note should document the changes, improvements, or bug fixes introduced 
      with the new plugin version 
        
      The release-note may contain text or reference a file in the plugin zip package
      
      For example your release note could be:
      Support for was added for version 10.0 for software X
      or 
      releaseNotes/release1.html (where release1.html contains html formatted version information)
      -->
      
	  <release-note plugin-version="2">
        Updated Rally to handle the Number field on Build objects for Rally versions after 1.20
      </release-note>
      
      <release-note plugin-version="3">
        Updated Rally to handle the Number field on Build objects for Rally versions after 1.20
      </release-note>
      
      <release-note plugin-version="4">
        Update the plugin to work with internal Rally servers with self-signed certificates.
      </release-note>
      
      <release-note plugin-version="5">
        Remove HTML tags from published descriptions of defects, tasks, and user stories.
      </release-note>
      
      <release-note plugin-version="6">
        Publish the item Owner as a property of created issues. This requires uBuild 4.3.0 or later to be stored.
      </release-note>
      
      <release-note plugin-version="7">
        Added an error message that is displayed when a workspace does not exist or a user does not have access to the workspace
      </release-note>
      
      <release-note plugin-version="8">
        Update to a newer version of a library for HTTP communication.
      </release-note>
      
      <release-note plugin-version="9">
        Use Rally's v2.0 API.
      </release-note>
      
      <release-note plugin-version="10">
        Use Rally's v2.0 API. Fix some issues when using HTTP proxies requiring authentication.
      </release-note>
      
      <release-note plugin-version="11">
        Use Rally's v2.0 API. Fix some issues when using HTTP proxies requiring authentication. Support detection of types in the 'Change Status' step and fix available states.
      </release-note>

      <release-note plugin-version="12">
        Use Rally's v2.0 API. Fix some issues when creating defect and Changing Rally Artifact Property. change the data format from xml to json.
        This will break compatibility with older versions.
      </release-note>
  </release-notes>
</pluginInfo>