<?xml version="1.0" encoding="UTF-8"?>
<plugin-upgrade
        xmlns="http://www.urbancode.com/UpgradeXMLSchema_v1"
        xmlns:xsi="http://www.w3.org/2001/XMLSchema-instance">

    <migrate to-version="8">
    <migrate-command name="Create Environment"/>
    <migrate-command name="Create uDeploy Environment"/>
    <migrate-command name="Provision Environment and Create uDeploy Environment"/>
  </migrate>
  <migrate to-version="9">
    <migrate-command name="Create Environment"/>
    <migrate-command name="Create uDeploy Environment"/>
    <migrate-command name="Provision Environment and Create uDeploy Environment"/>
    <migrate-command name="Delete uDeploy Environment"/>
  </migrate>
  <migrate to-version="10">
    <migrate-command name="Create Environment"/>
    <migrate-command name="Create uDeploy Environment"/>
    <migrate-command name="Provision Environment and Create uDeploy Environment"/>
    <migrate-command name="Delete uDeploy Environment"/>
  </migrate>
  <migrate to-version="11">
    <migrate-command name="Provision Environment" old="Create Environment"/>
    <migrate-command name="Deprovision Environment" old="Delete Environment"/>
    <migrate-command name="Create uDeploy Environment"/>
    <migrate-command name="Provision Environment and Create uDeploy Environment"/>
    <migrate-command name="Delete uDeploy Environment"/>
  </migrate>
  <migrate to-version="12">
    <migrate-command name="Provision Environment"/>
    <migrate-command name="Deprovision Environment"/>
    <migrate-command name="Create uDeploy Environment"/>
    <migrate-command name="Provision Environment and Create uDeploy Environment"/>
    <migrate-command name="Delete uDeploy Environment"/>
  </migrate>
  <migrate to-version="14">
  </migrate>
</plugin-upgrade>
