<?xml version="1.0" encoding="UTF-8"?><!--
	Licensed Materials - Property of IBM
	(C) Copyright IBM Corp. 2015 All Rights Reserved.
		--><pluginInfo xmlns="http://www.urbancode.com/InfoXMLSchema_v1" xmlns:server="http://www.urbancode.com/PluginServerXMLSchema_v1" xmlns:xsi="http://www.w3.org/2001/XMLSchema-instance">

  
  
  <author name="IBM CICS Transaction Server">
    <organization>IBM CICS Transaction Server</organization>
    <email/>
    <website>https://developer.ibm.com/urbancode/plugins/</website>
    <bio/>
  </author>
  
  
  
  <integration type="Deploy"/>
  
  
  
  
  
  
  
  
  <tool-description> CICS Transaction Server is a powerful application server that meets the transaction-processing needs of both large and small enterprises. </tool-description>
  
  
  
    
  
  <meta-html>
    <meta content="" name="description"/>
    <meta content="" name="keywords"/>  
  </meta-html>
  <release-version>17.20150213-1527</release-version>
  <release-notes>
    
      
	  <release-note plugin-version="1">
 Installing this plugin will give you access to CICS TS deploy steps . These steps can be used when designing a component process. 
	  </release-note>
    <release-note plugin-version="2">add cicsplex and scope support</release-note>
    <release-note plugin-version="3">add help for cicsplex and scope support</release-note>
    <release-note plugin-version="4">add installation steps for resource definition, resource group, resource list, resource description</release-note>
    <release-note plugin-version="5">fix bug</release-note>
    <release-note plugin-version="6">fix bug</release-note>
    <release-note plugin-version="7">add discard step for installed resource</release-note>
    <release-note plugin-version="8">add missed resource types on discard step</release-note>
    <release-note plugin-version="9">add enable/disable step for resource</release-note>
    <release-note plugin-version="10">add component template</release-note>
    <release-note plugin-version="11">add pipeline scan step and bug fix</release-note>
    <release-note plugin-version="12">Description updated</release-note>
    <release-note plugin-version="13">Use secuireBox for password</release-note>
    <release-note plugin-version="14">add open or close resource step</release-note>
    <release-note plugin-version="15">add DOCTEMPLATE type in newcopy step, rename newcopy and phasein steps</release-note>
    <release-note plugin-version="16">rename some steps</release-note>
    <release-note plugin-version="17">split open or close resources step into two steps and add CMDT resource type</release-note>
  </release-notes>
</pluginInfo>