<?xml version="1.0" encoding="UTF-8"?><!--
	Licensed Materials - Property of IBM
	(C) Copyright IBM Corp. 2015 All Rights Reserved.
		--><plugin-upgrade xmlns="http://www.urbancode.com/UpgradeXMLSchema_v1" xmlns:server="http://www.urbancode.com/PluginServerXMLSchema_v1" xmlns:xsi="http://www.w3.org/2001/XMLSchema-instance">
  <migrate to-version="2">
    <migrate-command name="NEWCOPY Programs" old="NEWCOPY Programs from a Program List">
    	<migrate-properties>
    		<migrate-property default="${p?:cics.cicsplex}" name="cicsplex"/>
    		<migrate-property default="${p?:cics.scope}" name="cicsscope"/>
    	</migrate-properties>
    </migrate-command>
    <migrate-command name="PHASEIN Programs" old="PHASEIN Programs from a Program List">
    	<migrate-properties>
    		<migrate-property default="${p?:cics.cicsplex}" name="cicsplex"/>
    		<migrate-property default="${p?:cics.scope}" name="cicsscope"/>
    	</migrate-properties>
    </migrate-command>
  </migrate>
    <migrate to-version="3">
    <migrate-command name="NEWCOPY Programs">
    	<migrate-properties>
    		<migrate-property name="cicsplex"/>
    		<migrate-property name="cicsscope"/>
    	</migrate-properties>
    </migrate-command>
    <migrate-command name="PHASEIN Programs">
    	<migrate-properties>
    		<migrate-property name="cicsplex"/>
    		<migrate-property name="cicsscope"/>
    	</migrate-properties>
    </migrate-command>
  </migrate>
  <migrate to-version="4">
    <migrate-command name="NEWCOPY Programs"/>
    <migrate-command name="PHASEIN Programs"/>
  </migrate>
  <migrate to-version="5">
    <migrate-command name="NEWCOPY Programs"/>
    <migrate-command name="PHASEIN Programs"/>
    <migrate-command name="Install CSD resources">
        <migrate-properties>
    		<migrate-property name="cicsscope"/>
    	</migrate-properties>
    </migrate-command>
    <migrate-command name="Install CSD groups or lists">
        <migrate-properties>
    		<migrate-property name="cicsscope"/>
    	</migrate-properties>
    </migrate-command>
    <migrate-command name="Install BAS resources" old="Install CPSM DREP resources">
        <migrate-properties>
    		<migrate-property name="cicsscope"/>
    	</migrate-properties>
    </migrate-command>
    <migrate-command name="Install BAS resource groups" old="Install CPSM DREP resource groups">
        <migrate-properties>
    		<migrate-property name="cicsscope"/>
    	</migrate-properties>
    </migrate-command>
    <migrate-command name="Install BAS resource descriptions" old="Install CPSM DREP resource descriptions"/>
  </migrate>
  <migrate to-version="6">
    <migrate-command name="Install CSD resources"/>
    <migrate-command name="Install CSD groups or lists"/>
    <migrate-command name="Install BAS resources"/>
    <migrate-command name="Install BAS resource groups"/>
    <migrate-command name="Install BAS resource descriptions"/>
    <migrate-command name="NEWCOPY Programs"/>
    <migrate-command name="PHASEIN Programs"/>
  </migrate>
    <migrate to-version="7">
    <migrate-command name="Install CSD resources"/>
    <migrate-command name="Install CSD groups or lists"/>
    <migrate-command name="Install BAS resources"/>
    <migrate-command name="Install BAS resource groups"/>
    <migrate-command name="Install BAS resource descriptions"/>
    <migrate-command name="NEWCOPY Programs"/>
    <migrate-command name="PHASEIN Programs"/>
  </migrate>  
  <migrate to-version="8">
    <migrate-command name="Install CSD resources"/>
    <migrate-command name="Install CSD groups or lists"/>
    <migrate-command name="Install BAS resources"/>
    <migrate-command name="Install BAS resource groups"/>
    <migrate-command name="Install BAS resource descriptions"/>
    <migrate-command name="NEWCOPY Programs"/>
    <migrate-command name="PHASEIN Programs"/>
    <migrate-command name="Discard resources"/>
  </migrate>
  <migrate to-version="9">
    <migrate-command name="Install CSD resources"/>
    <migrate-command name="Install CSD groups or lists"/>
    <migrate-command name="Install BAS resources"/>
    <migrate-command name="Install BAS resource groups"/>
    <migrate-command name="Install BAS resource descriptions"/>
    <migrate-command name="NEWCOPY Programs"/>
    <migrate-command name="PHASEIN Programs"/>
    <migrate-command name="Discard resources"/>
  </migrate> 
  <migrate to-version="10">
    <migrate-command name="Install CSD resources">
    	<migrate-properties>
    		<migrate-property name="password"/>
    	</migrate-properties>
    </migrate-command>
    <migrate-command name="Install CSD groups or lists">
        <migrate-properties>
    		<migrate-property name="password"/>
    	</migrate-properties>
    </migrate-command>
    <migrate-command name="Install BAS resources">
    	<migrate-properties>
    		<migrate-property name="password"/>
    	</migrate-properties>
    </migrate-command>    
    <migrate-command name="Install BAS resource groups">
    	<migrate-properties>
    		<migrate-property name="password"/>
    	</migrate-properties>
    </migrate-command>    
    <migrate-command name="Install BAS resource descriptions">
    	<migrate-properties>
    		<migrate-property name="password"/>
    	</migrate-properties>
    </migrate-command>    
    <migrate-command name="NEWCOPY Programs">
    	<migrate-properties>
    		<migrate-property name="password"/>
    	</migrate-properties>
    </migrate-command>    
    <migrate-command name="PHASEIN Programs">
    	<migrate-properties>
    		<migrate-property name="password"/>
    	</migrate-properties>
    </migrate-command>    
    <migrate-command name="Discard resources">
    	<migrate-properties>
    		<migrate-property name="password"/>
    	</migrate-properties>
    </migrate-command>    
    <migrate-command name="Disable resources">
    	<migrate-properties>
    		<migrate-property name="password"/>
    	</migrate-properties>
    </migrate-command>  
    <migrate-command name="Enable resources">
    	<migrate-properties>
    		<migrate-property name="password"/>
    	</migrate-properties>
    </migrate-command>  
  </migrate> 
  <migrate to-version="11">
    <migrate-command name="Install CSD resources"/>
    <migrate-command name="Install CSD groups or lists"/>
    <migrate-command name="Install BAS resources"/>
    <migrate-command name="Install BAS resource groups"/>
    <migrate-command name="Install BAS resource descriptions"/>
    <migrate-command name="NEWCOPY Programs"/>
    <migrate-command name="PHASEIN Programs"/>
    <migrate-command name="Discard resources"/>
    <migrate-command name="Enable resources"/>
    <migrate-command name="Disable resources"/>
  </migrate>
  <migrate to-version="12">
    <migrate-command name="Install CSD resources"/>
    <migrate-command name="Install CSD groups or lists"/>
    <migrate-command name="Install BAS resources"/>
    <migrate-command name="Install BAS resource groups"/>
    <migrate-command name="Install BAS resource descriptions"/>
    <migrate-command name="NEWCOPY Programs">
    <migrate-properties>
    		<migrate-property name="resourceNameList" old="programList"/>
    	</migrate-properties>
    </migrate-command>  
    <migrate-command name="PHASEIN Programs">
    <migrate-properties>
    		<migrate-property name="resourceNameList" old="programList"/>
    	</migrate-properties>
    </migrate-command> 
    <migrate-command name="Discard resources"/>
    <migrate-command name="Enable resources"/>
    <migrate-command name="Disable resources"/>
    <migrate-command name="Pipeline Scan"/>
  </migrate>
    <migrate to-version="13">
    <migrate-command name="Install CSD resources">
    	<migrate-properties>
    		<migrate-property name="password"/>
    	</migrate-properties>
    </migrate-command>
    <migrate-command name="Install CSD groups or lists">
        <migrate-properties>
    		<migrate-property name="password"/>
    	</migrate-properties>
    </migrate-command>
    <migrate-command name="Install BAS resources">
    	<migrate-properties>
    		<migrate-property name="password"/>
    	</migrate-properties>
    </migrate-command>    
    <migrate-command name="Install BAS resource groups">
    	<migrate-properties>
    		<migrate-property name="password"/>
    	</migrate-properties>
    </migrate-command>    
    <migrate-command name="Install BAS resource descriptions">
    	<migrate-properties>
    		<migrate-property name="password"/>
    	</migrate-properties>
    </migrate-command>    
    <migrate-command name="NEWCOPY Programs">
    	<migrate-properties>
    		<migrate-property name="password"/>
    	</migrate-properties>
    </migrate-command>    
    <migrate-command name="PHASEIN Programs">
    	<migrate-properties>
    		<migrate-property name="password"/>
    	</migrate-properties>
    </migrate-command>    
    <migrate-command name="Discard resources">
    	<migrate-properties>
    		<migrate-property name="password"/>
    	</migrate-properties>
    </migrate-command>    
    <migrate-command name="Disable resources">
    	<migrate-properties>
    		<migrate-property name="password"/>
    	</migrate-properties>
    </migrate-command>  
    <migrate-command name="Enable resources">
    	<migrate-properties>
    		<migrate-property name="password"/>
    	</migrate-properties>
    </migrate-command>  
    <migrate-command name="Pipeline Scan"/>
  </migrate>
  <migrate to-version="14">
    <migrate-command name="Install CSD resources"/>
    <migrate-command name="Install CSD groups or lists"/>
    <migrate-command name="Install BAS resources"/>
    <migrate-command name="Install BAS resource groups"/>
    <migrate-command name="Install BAS resource descriptions"/>
    <migrate-command name="NEWCOPY Programs"/>
    <migrate-command name="PHASEIN Programs"/> 
    <migrate-command name="Discard resources"/>
    <migrate-command name="Enable resources"/>
    <migrate-command name="Disable resources"/>
    <migrate-command name="Pipeline Scan"/>
  </migrate>
  <migrate to-version="15">
    <migrate-command name="Install CSD resources"/>
    <migrate-command name="Install CSD groups or lists"/>
    <migrate-command name="Install BAS resources"/>
    <migrate-command name="Install BAS resource groups"/>
    <migrate-command name="Install BAS resource descriptions"/>
    <migrate-command name="New Copy resources" old="NEWCOPY Programs"/>
    <migrate-command name="Phase In programs" old="PHASEIN Programs"/> 
    <migrate-command name="Discard resources"/>
    <migrate-command name="Enable resources"/>
    <migrate-command name="Disable resources"/>
    <migrate-command name="Pipeline Scan"/>
    <migrate-command name="Open or Close resources"/>
  </migrate>
  <migrate to-version="16">
    <migrate-command name="Install CSD resources"/>
    <migrate-command name="Install CSD groups or lists"/>
    <migrate-command name="Install BAS resources"/>
    <migrate-command name="Install BAS resource groups"/>
    <migrate-command name="Install BAS resource descriptions"/>
    <migrate-command name="New copy resources" old="New Copy resources"/>
    <migrate-command name="Phase in programs" old="Phase In programs"/> 
    <migrate-command name="Discard resources"/>
    <migrate-command name="Enable resources"/>
    <migrate-command name="Disable resources"/>
    <migrate-command name="Scan pipelines" old="Pipeline Scan"/>
    <migrate-command name="Open or close resources" old="Open or Close resources"/>
  </migrate>
  <migrate to-version="17">
    <migrate-command name="Install CSD resources"/>
    <migrate-command name="Install CSD groups or lists"/>
    <migrate-command name="Install BAS resources"/>
    <migrate-command name="Install BAS resource groups"/>
    <migrate-command name="Install BAS resource descriptions"/>
    <migrate-command name="New copy resources"/>
    <migrate-command name="Phase in programs"/> 
    <migrate-command name="Discard resources"/>
    <migrate-command name="Enable resources"/>
    <migrate-command name="Disable resources"/>
    <migrate-command name="Scan pipelines"/>
  </migrate>
</plugin-upgrade>