<?xml version="1.0" encoding="UTF-8"?>
<sdo:datagraph xmlns:xsi="http://www.w3.org/2001/XMLSchema-instance"
    xmlns:sdo="commonj.sdo" xmlns:wim="http://www.ibm.com/websphere/wim">
  <wim:Root>
    <wim:entities xsi:type="wim:PersonAccount">
      <wim:identifier externalId="2c96957f-62a9-4805-8f80-0858d630f4d8" 
			externalName="uid=@WAS_USERNAME@,o=defaultWIMFileBasedRealm"
         uniqueId="2c96957f-62a9-4805-8f80-0858d630f4d8" 
			uniqueName="uid=@WAS_USERNAME@,o=defaultWIMFileBasedRealm"/>
      <wim:parent>
        <wim:identifier uniqueName="o=defaultWIMFileBasedRealm"/>
      </wim:parent>
      <wim:createTimestamp>2007-05-22T14:28:01.788-05:00</wim:createTimestamp>
      <wim:password>U0hBLTE6bjA0YTltZGxpbzE3OmllT25aZVFOQmZmNVJZNitxUW0xRmxTZmlCST0K</wim:password>
      <wim:uid>@WAS_USERNAME@</wim:uid>
      <wim:cn>@WAS_USERNAME@</wim:cn>
      <wim:sn>@WAS_USERNAME@</wim:sn>
    </wim:entities>
  </wim:Root>
</sdo:datagraph>
