<?xml version="1.0" encoding="UTF-8"?>
<plugin-upgrade
        xmlns="http://www.urbancode.com/UpgradeXMLSchema_v1"
        xmlns:xsi="http://www.w3.org/2001/XMLSchema-instance">
  
  <migrate to-version="2">
    <migrate-command name="RTC Create Baseline" old="RTC Create Snapshot">
      <migrate-properties>
        <migrate-property name="message"/>
        <migrate-property name="label" default="undefined"/>
      </migrate-properties>
    </migrate-command>
  </migrate>
  
  <migrate to-version="3">
  </migrate>
  
  <migrate to-version="4">
  </migrate>
  
</plugin-upgrade>