<?xml version="1.0" encoding="UTF-8"?>
<!--
    (c) Copyright IBM Corporation 2017.
    This is licensed under the following license.
    The Eclipse Public 1.0 License (http://www.eclipse.org/legal/epl-v10.html)
    U.S. Government Users Restricted Rights:  Use, duplication or disclosure restricted by GSA ADP Schedule Contract with IBM Corp.
-->
<plugin-upgrade
        xmlns="http://www.urbancode.com/UpgradeXMLSchema_v1"
        xmlns:xsi="http://www.w3.org/2001/XMLSchema-instance">

  <migrate to-version="9">

    <migrate-command name="Stop Targets">
       <migrate-properties>
         <migrate-property name="force" default="true"/>
       </migrate-properties>
    </migrate-command>

    <migrate-command name="Run WLDeploy">
    </migrate-command>

    <migrate-command name="Stop Targets">
    </migrate-command>

    <migrate-command name="Check Targets">
    </migrate-command>

    <migrate-command name="Check Application on targets">
    </migrate-command>

    <migrate-command name="Wait for Application on targets">
    </migrate-command>

  </migrate>

  <migrate to-version="10">

    <migrate-command name="Stop Targets">
    </migrate-command>

    <migrate-command name="Run WLDeploy">
    </migrate-command>

    <migrate-command name="Start Targets">
    </migrate-command>

    <migrate-command name="Check Targets">
    </migrate-command>

    <migrate-command name="Check Application on targets">
    </migrate-command>

    <migrate-command name="Wait for Application on targets">
    </migrate-command>

  </migrate>
  <migrate to-version="11">

    <migrate-command name="Stop Targets">
    </migrate-command>

    <migrate-command name="Run WLDeploy">
    </migrate-command>

    <migrate-command name="Start Targets">
    </migrate-command>

    <migrate-command name="Check Targets">
    </migrate-command>

    <migrate-command name="Check Application on targets">
    </migrate-command>

    <migrate-command name="Wait for Application on targets">
    </migrate-command>

  </migrate>
  <migrate to-version="12">

    <migrate-command name="Stop Targets">
      <migrate-properties>
        <migrate-property name="javahome" default="${p?:resource/wldeploy.javahome}"/>
      </migrate-properties>
    </migrate-command>

    <migrate-command name="Run WLDeploy">
      <migrate-properties>
        <migrate-property name="configFile" default="${p?:resource/wldeploy.userconfigfile}"/>
        <migrate-property name="keyFile" default="${p?:resource/wldeploy.userkeyfile}"/>
        <migrate-property name="javahome" default="${p?:resource/wldeploy.javahome}"/>
      </migrate-properties>
    </migrate-command>

    <migrate-command name="Start Targets">
      <migrate-properties>
        <migrate-property name="timeout" default="120"/>
        <migrate-property name="configFile" default="${p?:resource/wldeploy.userconfigfile}"/>
        <migrate-property name="keyFile" default="${p?:resource/wldeploy.userkeyfile}"/>
        <migrate-property name="javahome" default="${p?:resource/wldeploy.javahome}"/>
      </migrate-properties>
    </migrate-command>

    <migrate-command name="Check Targets">
      <migrate-properties>
        <migrate-property name="configFile" default="${p?:resource/wldeploy.userconfigfile}"/>
        <migrate-property name="keyFile" default="${p?:resource/wldeploy.userkeyfile}"/>
        <migrate-property name="javahome" default="${p?:resource/wldeploy.javahome}"/>
      </migrate-properties>
    </migrate-command>

    <migrate-command name="Check Application on targets">
      <migrate-properties>
        <migrate-property name="configFile" default="${p?:resource/wldeploy.userconfigfile}"/>
        <migrate-property name="keyFile" default="${p?:resource/wldeploy.userkeyfile}"/>
        <migrate-property name="javahome" default="${p?:resource/wldeploy.javahome}"/>
      </migrate-properties>
    </migrate-command>

    <migrate-command name="Wait for Application on targets">
      <migrate-properties>
        <migrate-property name="configFile" default="${p?:resource/wldeploy.userconfigfile}"/>
        <migrate-property name="keyFile" default="${p?:resource/wldeploy.userkeyfile}"/>
        <migrate-property name="javahome" default="${p?:resource/wldeploy.javahome}"/>
      </migrate-properties>
    </migrate-command>

  </migrate>
  <migrate to-version="13">
    <migrate-command name="Start Targets">
      <migrate-properties>
        <migrate-property name="onFail" default="fail" />
      </migrate-properties>
    </migrate-command>
    <migrate-command name="Check Application on Targets" old="Check Application on targets" />
    <migrate-command name="Wait for Application on Targets" old="Wait for Application on targets" />
    <migrate-command name="List Applications on Targets" old="List Applications on targets" />

  </migrate>
  <migrate to-version="14">
    <migrate-command name="Run WLDeploy">
    </migrate-command>
    <migrate-command name="Start Targets">
    </migrate-command>
    <migrate-command name="Stop Targets">
    </migrate-command>
    <migrate-command name="Check Targets">
    </migrate-command>
    <migrate-command name="Check Application on Targets">
    </migrate-command>
    <migrate-command name="Wait for Application on Targets">
    </migrate-command>
    <migrate-command name="List Applications on Targets">
    </migrate-command>
  </migrate>
  <migrate to-version="15">
  </migrate>
  <migrate to-version="16">
  </migrate>
  <migrate to-version="17">
  </migrate>
  <migrate to-version="18">
  </migrate>
  <migrate to-version="19">
    <migrate-command name="Run WLDeploy">
    </migrate-command>
  </migrate>
  <migrate to-version="20">
    <migrate-command name="Run WLDeploy"/>
    <migrate-command name="Start Targets"/>
    <migrate-command name="Stop Targets"/>
    <migrate-command name="Check Targets"/>
    <migrate-command name="Check Application on Targets"/>
    <migrate-command name="Wait for Application on Targets"/>
    <migrate-command name="List Applications on Targets"/>
  </migrate>
  <migrate to-version="21">
    <migrate-command name="Start Targets">
      <migrate-properties>
        <migrate-property name="jmxUrl" default=""/>
      </migrate-properties>
    </migrate-command>
    <migrate-command name="Stop Targets">
      <migrate-properties>
        <migrate-property name="jmxUrl" default=""/>
      </migrate-properties>
    </migrate-command>
    <migrate-command name="Check Targets">
      <migrate-properties>
        <migrate-property name="jmxUrl" default=""/>
      </migrate-properties>
    </migrate-command>
    <migrate-command name="Check Application on Targets">
      <migrate-properties>
        <migrate-property name="jmxUrl" default=""/>
      </migrate-properties>
    </migrate-command>
    <migrate-command name="Wait for Application on Targets">
      <migrate-properties>
        <migrate-property name="jmxUrl" default=""/>
        <migrate-property name="timeout" default="120"/>
      </migrate-properties>
    </migrate-command>
    <migrate-command name="List Applications on Targets">
      <migrate-properties>
        <migrate-property name="jmxUrl" default=""/>
      </migrate-properties>
    </migrate-command>
  </migrate>

  <migrate to-version="22">
  </migrate>

  <migrate to-version="23">
    <migrate-command name="WL Discovery">
      <migrate-properties>
        <migrate-property name="mwHome" default="${p?:agent/wldeploy.mwHome}"/>
        <migrate-property name="path" default="${p?:agent/wldeploy.path}"/>
      </migrate-properties>
    </migrate-command>
  </migrate>

  <migrate to-version="24">
  </migrate>

</plugin-upgrade>
