<?xml version="1.0" encoding="UTF-8"?>

<!-- 
====================================================================== 
Licensed Materials - Property of IBM Corp. 
IBM Middleware Configuration for WebSphere 
(c) Copyright IBM Corporation 2003, 2013. All Rights Reserved.   

U.S. Government Users Restricted Rights - Use, duplication or disclosure restricted by 
GSA ADP Schedule Contract with IBM Corp. 


File name: configure_was_common.xml     

Defines configuration actions that exist at all scopes. (cell, node, cluster and server)
====================================================================== 
-->

<project default="default" basedir=".">
	<description>
		Contains various common configuration tasks for WAS 
	</description>

	<!-- include WAS_COMMON variables -->
	<property file="${RAFW_HOME}/product/actions/configure/was/common/was_common.properties" />

	<!-- Include cell properties -->
	<property file="${CELL_PROPERTIES}" />

	<!-- Include node install properties -->
	<property file="${NODE_INSTALL_PROPERTIES}" />

	<!-- Include node configure properties -->
	<property file="${NODE_CONFIGURE_PROPERTIES}" />

	<!-- import custom common targets  -->
	<import file="${RAFW_HOME}/user/actions/configure/was/common/custom_configure_was_common.xml" />

	<!-- import incubator common targets  -->
	<import file="${RAFW_HOME}/incubator/actions/configure/was/common/incubator_configure_was_common.xml" />

	<!-- import RAFW library -->
	<import file="${RAFW_HOME}/product/lib/RAFW_lib.xml" />

	<rafwaction name="was_common_configure_sharedlibs"
	            augmentmode="true"
	            comparemode="true"
	            importmode="true"
	            promotemode="true" />
	<target name="was_common_configure_sharedlibs"
	        description="Manages sharedlibs"
	        depends="scope_init">

		<rafwlog id="CRWWA3088I" resourcebundle="was">
			<logarg value="${MODE}" />
			<logarg value="${SCOPE}" />
			<logarg value="${SCOPE_NAME}" />
		</rafwlog>
		<setdatafile resourcefile="sharedlibs" />
		<if>
			<and>
				<equals arg1="${SCOPE}" arg2="cluster" />
				<equals arg1="${WAS_VERSION}" arg2="60" />
			</and>
			<then>

				<rafwlog id="CRWWA3089W" resourcebundle="was">
					<logarg value="${TARGET}" />
				</rafwlog>
			</then>
			<else>
				<antcall target="assert_file">
					<param name="FILE" value="${DATA_FILE}" />
				</antcall>
				<cfgwsadmincmd target="was_common_configure_sharedlibs"
				               datamarker="sharedLibs"
				               typenames="'Library'" />
			</else>
		</if>
	</target>

	<rafwaction name="was_common_configure_variables"
	            augmentmode="true"
	            comparemode="true"
	            importmode="true"
	            promotemode="true" />
	<target name="was_common_configure_variables"
	        description="Manages variables"
	        depends="scope_init,was_init">

		<rafwlog id="CRWWA3091I" resourcebundle="was">
			<logarg value="${MODE}" />
			<logarg value="${SCOPE}" />
			<logarg value="${SCOPE_NAME}" />
		</rafwlog>
		<setdatafile resourcefile="variables" />
		<antcall target="assert_file">
			<param name="FILE" value="${DATA_FILE}" />
		</antcall>
		<cfgcallwsadmin target="was_common_configure_variables"
		                datamarker="variables"
		                script="${WAS_COMMON_SCRIPTS}/variables.py" />
	</target>

	<rafwaction name="was_common_configure_jdbc_providers"
	            comparemode="true"
	            importmode="true"
	            augmentmode="true"
	            promotemode="true">
		<inherit name="lr_wsadmin" />
	</rafwaction>
	<target name="was_common_configure_jdbc_providers"
	        description="Manages jdbc providers"
	        depends="scope_init">

		<rafwlog id="CRWWA3092I" resourcebundle="was">
			<logarg value="${MODE}" />
			<logarg value="${SCOPE}" />
			<logarg value="${SCOPE_NAME}" />
		</rafwlog>
		<setdatafile resourcefile="jdbc" />
		<antcall target="assert_file">
			<param name="FILE" value="${DATA_FILE}" />
		</antcall>
		<cfgwsadmincmd target="was_common_configure_jdbc_providers"
		               datamarker="JDBCProviders"
		               typenames="'JDBCProvider'" />
		<!-- Executing was_common_configure_jdbc_providers results in was_common_configure_jdbc_datasources being removed -->
		<!-- must now run was_common_configure_jdbc_datasources at same scope -->
		<antcall target="was_common_configure_jdbc_datasources" />
		<antcall target="was_common_configure_jdbc_was40_datasources" />
	</target>

	<rafwaction name="was_common_configure_mail_providers"
	            comparemode="true"
	            importmode="true"
	            augmentmode="true"
	            promotemode="true" />
	<target name="was_common_configure_mail_providers"
	        description="Manages mail providers"
	        depends="scope_init,was_init">
		<rafwlog id="CRWWA3093I" resourcebundle="was">
			<logarg value="${MODE}" />
			<logarg value="${SCOPE}" />
			<logarg value="${SCOPE_NAME}" />
		</rafwlog>
		<setdatafile resourcefile="mail" />
		<antcall target="assert_file">
			<param name="FILE" value="${DATA_FILE}" />
		</antcall>
		<cfgcallwsadmin target="was_common_configure_mail_providers"
		                datamarker="mailProviders"
		                script="${WAS_COMMON_SCRIPTS}/mailProviders.py" />
	</target>

	<rafwaction name="was_common_configure_jdbc_datasources"
	            comparemode="true"
	            importmode="true"
	            augmentmode="true"
	            promotemode="true" />
	<target name="was_common_configure_jdbc_datasources"
	        description="Manages jdbc datasources"
	        depends="scope_init">
		<rafwlog id="CRWWA3094I" resourcebundle="was">
			<logarg value="${MODE}" />
			<logarg value="${SCOPE}" />
			<logarg value="${SCOPE_NAME}" />
		</rafwlog>
		<setdatafile resourcefile="jdbc" />
		<antcall target="assert_file">
			<param name="FILE" value="${DATA_FILE}" />
		</antcall>
		<cfgcallwsadmin target="was_common_configure_jdbc_datasources"
		                datamarker="JDBCDataSources"
		                script="${WAS_COMMON_SCRIPTS}/JDBCDataSources.py" />
	</target>

	<rafwaction name="was_common_configure_jdbc_was40_datasources"
	            comparemode="true"
	            importmode="true"
	            augmentmode="true"
	            promotemode="true" />
	<target name="was_common_configure_jdbc_was40_datasources"
	        description="Manages jdbc was40 datasources"
	        depends="scope_init">

		<rafwlog id="CRWWA3095I" resourcebundle="was">
			<logarg value="${MODE}" />
			<logarg value="${SCOPE}" />
			<logarg value="${SCOPE_NAME}" />
		</rafwlog>
		<setdatafile resourcefile="jdbc" />
		<antcall target="assert_file">
			<param name="FILE" value="${DATA_FILE}" />
		</antcall>
		<cfgcallwsadmin target="was_common_configure_jdbc_was40_datasources"
		                datamarker="WAS40DataSources"
		                script="${WAS_COMMON_SCRIPTS}/WAS40DataSources.py" />
	</target>

	<rafwaction name="was_common_configure_url_providers"
	            comparemode="true"
	            importmode="true"
	            augmentmode="true"
	            promotemode="true">
		<inherit name="lr_wsadmin" />
	</rafwaction>
	<target name="was_common_configure_url_providers"
	        description="Manages url providers"
	        depends="scope_init">

		<rafwlog id="CRWWA3096I" resourcebundle="was">
			<logarg value="${MODE}" />
			<logarg value="${SCOPE}" />
			<logarg value="${SCOPE_NAME}" />
		</rafwlog>
		<setdatafile resourcefile="url" />
		<antcall target="assert_file">
			<param name="FILE" value="${DATA_FILE}" />
		</antcall>
		<cfgwsadmincmd target="was_common_configure_url_providers"
		               datamarker="URLProviders"
		               typenames="'URLProvider'" />
		<!-- Executing was_common_configure_url_providers results in url factories being removed -->
		<!-- must now run was_common_configure_url_factories at same scope -->
		<antcall target="was_common_configure_url_factories" />
	</target>

	<rafwaction name="was_common_configure_url_factories"
	            comparemode="true"
	            importmode="true"
	            augmentmode="true"
	            promotemode="true" />
	<target name="was_common_configure_url_factories"
	        description="Manages url factories"
	        depends="scope_init">

		<rafwlog id="CRWWA3097I" resourcebundle="was">
			<logarg value="${MODE}" />
			<logarg value="${SCOPE}" />
			<logarg value="${SCOPE_NAME}" />
		</rafwlog>
		<setdatafile resourcefile="url" />
		<antcall target="assert_file">
			<param name="FILE" value="${DATA_FILE}" />
		</antcall>
		<cfgcallwsadmin target="was_common_configure_url_factories"
		                datamarker="URLFactories"
		                script="${WAS_COMMON_SCRIPTS}/URLFactories.py" />
	</target>

	<rafwaction name="was_common_configure_resource_environment_providers"
	            comparemode="true"
	            importmode="true"
	            augmentmode="true"
	            promotemode="true">
		<inherit name="lr_wsadmin" />
	</rafwaction>
	<target name="was_common_configure_resource_environment_providers"
	        description="Manages resource environment providers"
	        depends="scope_init">

		<rafwlog id="CRWWA3098I" resourcebundle="was">
			<logarg value="${MODE}" />
			<logarg value="${SCOPE}" />
			<logarg value="${SCOPE_NAME}" />
		</rafwlog>
		<setdatafile resourcefile="resourceEnvironment" />
		<antcall target="assert_file">
			<param name="FILE" value="${DATA_FILE}" />
		</antcall>
		<cfgwsadmincmd target="was_common_configure_resource_environment_providers"
		               datamarker="resourceEnvironmentProviders"
		               typenames="'ResourceEnvironmentProvider'" />
		<antcall target="was_common_configure_resource_environment_entries" />
	</target>

	<rafwaction name="was_common_configure_resource_environment_entries"
	            comparemode="true"
	            importmode="true"
	            augmentmode="true"
	            promotemode="true" />
	<target name="was_common_configure_resource_environment_entries"
	        description="Manages resource environment entries / factories"
	        depends="scope_init">

		<rafwlog id="CRWWA3099I" resourcebundle="was">
			<logarg value="${MODE}" />
			<logarg value="${SCOPE}" />
			<logarg value="${SCOPE_NAME}" />
		</rafwlog>
		<setdatafile resourcefile="resourceEnvironment" />
		<antcall target="assert_file">
			<param name="FILE" value="${DATA_FILE}" />
		</antcall>
		<cfgcallwsadmin target="was_common_configure_resource_environment_entries"
		                datamarker="resourceEnvironmentEntries"
		                script="${WAS_COMMON_SCRIPTS}/resourceEnvironmentEntries.py" />
	</target>

	<!-- 5x, 6x and 7x targets define their server config types  -->
	<target name="manage_server_config_type" depends="scope_init">
		<if>
			<equals arg1="${SCOPE}" arg2="cell" />
			<then>
				<var name="SCOPE_NAME" unset="true" />
				<property name="SCOPE_NAME" value="cell" />
			</then>
			<elseif>
				<equals arg1="${SCOPE}" arg2="node" />
				<then>
					<var name="SCOPE_NAME" unset="true" />
					<property name="SCOPE_NAME" value="node" />
				</then>
			</elseif>
		</if>
		<setdatafile resourcefile="server" />

		<rafwlog id="CRWWA3100I" resourcebundle="was">
			<logarg value="${MODE}" />
			<logarg value="${ECHO_PREFIX}" />
			<logarg value="${SCOPE}" />
		</rafwlog>
		<antcall target="assert_file">
			<param name="FILE" value="${DATA_FILE}" />
		</antcall>

		<if>
			<or>
				<not>
					<isset property="SERVER_CONFIG_TYPES" />
				</not>
				<equals arg1="${SERVER_CONFIG_TYPES}" arg2="" />
			</or>
			<then>
				<var name="SERVER_CONFIG_TYPES" unset="true" />
				<property name="SERVER_CONFIG_TYPES" value="null" />
			</then>
		</if>

		<cfgcallwsadmin target="${TASK_NAME}"
				datamarker="${CONFIG_TYPE}"
				script="${WAS_COMMON_SCRIPTS}/manageServer.py"
				extraargs="-config_type ${CONFIG_TYPE} -version ${WAS_VERSION} -config_list '${SERVER_CONFIG_TYPES}'" />
	</target>

	<rafwaction name="was_common_configure_name_space_bindings"
	            comparemode="true"
	            importmode="true"
	            augmentmode="true"
	            promotemode="true" />
	<target name="was_common_configure_name_space_bindings"
	        description="Creates String/EJB name space bindings for the scope"
	        depends="scope_init">

		<rafwlog id="CRWWA3101I" resourcebundle="was">
			<logarg value="${MODE}" />
			<logarg value="${SCOPE}" />
			<logarg value="${SCOPE_NAME}" />
		</rafwlog>
		<setdatafile resourcefile="name_space_binding" />
		<antcall target="assert_file">
			<param name="FILE" value="${DATA_FILE}" />
		</antcall>
		<cfgwsadmincmd target="was_common_configure_name_space_bindings"
		               datamarker="nameSpaceBindings"
		               typenames="'EjbNameSpaceBinding', 'StringNameSpaceBinding', 'IndirectLookupNameSpaceBinding', 'CORBAObjectNameSpaceBinding'" />
	</target>

	<rafwaction name="was_common_configure_server_java_def"
	            augmentmode="false"
	            comparemode="true"
	            importmode="true"
	            promotemode="true" />
	<target name="was_common_configure_server_java_def"
	        description="Manages the Java Process Def for servers">
		<antcall target="manage_server_config_type">
			<param name="ECHO_PREFIX" value="Java Process Definition" />
			<param name="CONFIG_TYPE" value="JavaProcessDef" />
			<param name="TASK_NAME" value="was_common_configure_server_java_def" />
		</antcall>
	</target>

	<rafwaction name="was_common_configure_server_name_server"
	            augmentmode="false"
	            comparemode="true"
	            importmode="true"
	            promotemode="true" />
	<target name="was_common_configure_server_name_server"
	        description="Manages the Name Server for servers">
		<antcall target="manage_server_config_type">
			<param name="ECHO_PREFIX" value="Name Server" />
			<param name="CONFIG_TYPE" value="NameServer" />
			<param name="TASK_NAME" value="was_common_configure_server_name_server" />
		</antcall>
	</target>

	<rafwaction name="was_common_configure_server_custom_service"
	            augmentmode="true"
	            comparemode="true"
	            importmode="true"
	            promotemode="true" />
	<target name="was_common_configure_server_custom_service"
	        description="Manages the Custom Services for servers">
		<antcall target="manage_server_config_type">
			<param name="ECHO_PREFIX" value="Custom Service" />
			<param name="CONFIG_TYPE" value="CustomService" />
			<param name="TASK_NAME" value="was_common_configure_server_custom_service" />
		</antcall>
	</target>

	<rafwaction name="was_common_configure_server_application_server"
	            augmentmode="false"
	            comparemode="true"
	            importmode="true"
	            promotemode="true" />
	<target name="was_common_configure_server_application_server"
	        description="Manages the Application Server for servers">
		<antcall target="manage_server_config_type">
			<param name="ECHO_PREFIX" value="Application Server" />
			<param name="CONFIG_TYPE" value="ApplicationServer" />
			<param name="TASK_NAME" value="was_common_configure_server_application_server" />
		</antcall>
	</target>

	<rafwaction name="was_common_configure_server_orb"
	            augmentmode="false"
	            comparemode="true"
	            importmode="true"
	            promotemode="true" />
	<target name="was_common_configure_server_orb"
	        description="Manages the Object Request Broker for servers">
		<antcall target="manage_server_config_type">
			<param name="ECHO_PREFIX" value="Object Request Broker" />
			<param name="CONFIG_TYPE" value="ObjectRequestBroker" />
			<param name="TASK_NAME" value="was_common_configure_server_orb" />
		</antcall>
	</target>

	<rafwaction name="was_common_configure_server_ras_service"
	            augmentmode="false"
	            comparemode="true"
	            importmode="true"
	            promotemode="true" />
	<target name="was_common_configure_server_ras_service"
	        description="Manages the RAS Logging Service for servers">
		<antcall target="manage_server_config_type">
			<param name="ECHO_PREFIX" value="RAS Logging Service" />
			<param name="CONFIG_TYPE" value="RASLoggingService" />
			<param name="TASK_NAME" value="was_common_configure_server_ras_service" />
		</antcall>
	</target>

	<rafwaction name="was_common_configure_server_output_stream"
	            augmentmode="false"
	            comparemode="true"
	            importmode="true"
	            promotemode="true" />
	<target name="was_common_configure_server_output_stream"
	        description="Manages the Output Stream Redirect configuration for servers">
		<antcall target="manage_server_config_type">
			<param name="ECHO_PREFIX" value="Output Stream Redirect" />
			<param name="CONFIG_TYPE" value="SERVER.outputStreamRedirect" />
			<param name="TASK_NAME" value="was_common_configure_server_output_stream" />
		</antcall>
	</target>

	<rafwaction name="was_common_configure_server_error_stream"
	            augmentmode="false"
	            comparemode="true"
	            importmode="true"
	            promotemode="true" />
	<target name="was_common_configure_server_error_stream"
	        description="Manages the Error Stream Redirect configuration for servers">
		<antcall target="manage_server_config_type">
			<param name="ECHO_PREFIX" value="Error Stream Redirect" />
			<param name="CONFIG_TYPE" value="SERVER.errorStreamRedirect" />
			<param name="TASK_NAME" value="was_common_configure_server_error_stream" />
		</antcall>
	</target>

	<rafwaction name="was_common_configure_server_trace_service"
	            augmentmode="false"
	            comparemode="true"
	            importmode="true"
	            promotemode="true" />
	<target name="was_common_configure_server_trace_service"
	        description="Manages the Trace Service for servers">
		<antcall target="manage_server_config_type">
			<param name="ECHO_PREFIX" value="Trace Service" />
			<param name="CONFIG_TYPE" value="TraceService" />
			<param name="TASK_NAME" value="was_common_configure_server_trace_service" />
		</antcall>
	</target>

	<rafwaction name="was_common_configure_server_admin_service"
	            augmentmode="false"
	            comparemode="true"
	            importmode="true"
	            promotemode="true" />
	<target name="was_common_configure_server_admin_service"
	        description="Manages the Admin Service for servers">
		<antcall target="manage_server_config_type">
			<param name="ECHO_PREFIX" value="Admin Service" />
			<param name="CONFIG_TYPE" value="AdminService" />
			<param name="TASK_NAME" value="was_common_configure_server_admin_service" />
		</antcall>
	</target>

	<rafwaction name="was_common_configure_server_pmi_module"
	            augmentmode="false"
	            comparemode="true"
	            importmode="true"
	            promotemode="true" />
	<target name="was_common_configure_server_pmi_module"
	        description="Manages the custom PMI module settings for servers">
		<antcall target="manage_server_config_type">
			<param name="ECHO_PREFIX" value="Custom PMI Module" />
			<param name="CONFIG_TYPE" value="PMIModule" />
			<param name="TASK_NAME" value="was_common_configure_server_pmi_module" />
		</antcall>
	</target>

	<rafwaction name="was_common_configure_server_pmi_service"
	            augmentmode="false"
	            comparemode="true"
	            importmode="true"
	            promotemode="true" />
	<target name="was_common_configure_server_pmi_service"
	        description="Manages the PMI Service for servers">
		<antcall target="manage_server_config_type">
			<param name="ECHO_PREFIX" value="PMI Service" />
			<param name="CONFIG_TYPE" value="PMIService" />
			<param name="TASK_NAME" value="was_common_configure_server_pmi_service" />
		</antcall>
	</target>

	<rafwaction name="was_common_configure_server_stats_provider"
	            augmentmode="false"
	            comparemode="true"
	            importmode="true"
	            promotemode="true" />
	<target name="was_common_configure_server_stats_provider"
	        description="Manages the Statistics Provider for servers">
		<antcall target="manage_server_config_type">
			<param name="ECHO_PREFIX" value="Statistics Provider" />
			<param name="CONFIG_TYPE" value="StatisticsProvider" />
			<param name="TASK_NAME" value="was_common_configure_server_stats_provider" />
		</antcall>
	</target>

	<rafwaction name="was_common_configure_server_classloader"
	            augmentmode="true"
	            comparemode="true"
	            importmode="true"
	            promotemode="true" />
	<target name="was_common_configure_server_classloader"
	        description="Manage the classloaders for servers">
		<antcall target="manage_server_config_type">
			<param name="ECHO_PREFIX" value="Application Classloaders" />
			<param name="CONFIG_TYPE" value="ApplicationServer.Classloader" />
			<param name="TASK_NAME" value="was_common_configure_server_classloader" />
		</antcall>
	</target>

	<rafwaction name="was_common_configure_jms_providers"
	            augmentmode="true"
	            comparemode="true"
	            importmode="true"
	            promotemode="true">
		<inherit name="lr_wsadmin" />
	</rafwaction>
	<target name="was_common_configure_jms_providers"
	        description="Manages jms providers"
	        depends="scope_init">
		<rafwlog id="CRWWA3102I" resourcebundle="was">
			<logarg value="${MODE}" />
			<logarg value="${SCOPE}" />
			<logarg value="${SCOPE_NAME}" />
		</rafwlog>
		<setdatafile resourcefile="jms" />
		<antcall target="assert_file">
			<param name="FILE" value="${DATA_FILE}" />
		</antcall>
		<cfgwsadmincmd target="was_common_configure_jms_providers"
		               datamarker="JMSProviders"
		               typenames="'JMSProvider'" />
		<!-- These are executed when was_common_configure_jms_providers is executed -->
		<antcall target="was_common_configure_jms_conn_factories" />
		<antcall target="was_common_configure_jms_destinations" />
	</target>

	<rafwaction name="was_common_configure_jms_conn_factories"
	            augmentmode="true"
	            comparemode="true"
	            importmode="true"
	            promotemode="true" />
	<target name="was_common_configure_jms_conn_factories"
	        description="Manage generic/MQ JMS connection factories"
	        depends="scope_init">

		<rafwlog id="CRWWA3103I" resourcebundle="was">
			<logarg value="${MODE}" />
			<logarg value="${SCOPE}" />
			<logarg value="${SCOPE_NAME}" />
		</rafwlog>
		<setdatafile resourcefile="jms" />
		<antcall target="assert_file">
			<param name="FILE" value="${DATA_FILE}" />
		</antcall>
		<cfgcallwsadmin target="was_common_configure_jms_conn_factories"
		                datamarker="JMSConnFactories"
		                script="${WAS_COMMON_SCRIPTS}/JMSConnFactories.py" />
	</target>

	<rafwaction name="was_common_configure_jms_destinations"
	            augmentmode="true"
	            comparemode="true"
	            importmode="true"
	            promotemode="true" />
	<target name="was_common_configure_jms_destinations"
	        description="Manages JMS destinations (i.e. GenericJMSDestination, MQQueue, and MQTopic) "
	        depends="scope_init">

		<rafwlog id="CRWWA3104I" resourcebundle="was">
			<logarg value="${MODE}" />
			<logarg value="${SCOPE}" />
			<logarg value="${SCOPE_NAME}" />
		</rafwlog>
		<setdatafile resourcefile="jms" />
		<antcall target="assert_file">
			<param name="FILE" value="${DATA_FILE}" />
		</antcall>
		<cfgcallwsadmin target="was_common_configure_jms_destinations"
		                datamarker="JMSDestinations"
		                script="${WAS_COMMON_SCRIPTS}/JMSDestinations.py" />
	</target>

	<rafwaction name="was_common_configure_jms_activation_specifications"
	            augmentmode="true"
	            comparemode="true"
	            importmode="true"
	            promotemode="true" />
	<target name="was_common_configure_jms_activation_specifications"
	        description="Manage JMS Activation Specifications"
	        depends="scope_init">

		<rafwlog id="CRWWA3105I" resourcebundle="was">
			<logarg value="${MODE}" />
			<logarg value="${SCOPE}" />
			<logarg value="${SCOPE_NAME}" />
		</rafwlog>
		<setdatafile resourcefile="jms" />
		<antcall target="assert_file">
			<param name="FILE" value="${DATA_FILE}" />
		</antcall>
		<cfgcallwsadmin target="was_common_configure_jms_activation_specifications"
		                datamarker="JMSActivationSpec"
		                script="${WAS_COMMON_SCRIPTS}/JMSActivationSpec.py" />
	</target>


	<rafwaction name="was_common_configure_server_all"
	            augmentmode="false"
	            comparemode="true"
	            importmode="true"
	            promotemode="true">
		<option name="config_types" required="false" valuerequired="true" modes="import,compare" />
	</rafwaction>
	<target name="was_common_configure_server_all" depends="scope_init" description="Manages all parts of a server">

		<if>
			<equals arg1="${MODE}" arg2="promote" />
			<then>
				<setdatafile resourcefile="server" />
				<dirname property="targetDir" file="${DATA_FILE}" />
				<basename property="fileName" file="${DATA_FILE}" />
				<promote_init_source_scope />
				<promote_xml_file filename="${fileName}"
				                  scopedir="${targetDir}"
				                  sourcescopedir="${SOURCE_SCOPE_HOME}" />
			</then>
			<else>
				<if>
					<isset property="opt.config_types" />
					<then>
						<var name="SERVER_CONFIG_TYPES" unset="true" />
						<property name="SERVER_CONFIG_TYPES" value="${opt.config_types}" />
					</then>
				</if>
				<antcall target="manage_server_config_type">
					<param name="ECHO_PREFIX" value="All Application Server Configuration" />
					<param name="CONFIG_TYPE" value="ALL" />
					<param name="TASK_NAME" value="was_common_configure_server_all" />
				</antcall>
			</else>
		</if>
	</target>

	<rafwaction name="was_common_configure_server_cgb_service"
	            augmentmode="false"
	            comparemode="true"
	            importmode="true"
	            promotemode="true" />
	<target name="was_common_configure_server_cgb_service"
	        description="Manages the Core Group Bridge Service for servers">
		<antcall target="manage_server_config_type">
			<param name="ECHO_PREFIX" value="Core Group Bridge Service" />
			<param name="CONFIG_TYPE" value="CoreGroupBridgeService" />
			<param name="TASK_NAME" value="was_common_configure_server_cgb_service" />
		</antcall>
	</target>

	<rafwaction name="was_common_configure_server_http_logging"
	            augmentmode="false"
	            comparemode="true"
	            importmode="true"
	            promotemode="true" />
	<target name="was_common_configure_server_http_logging"
	        description="Manages the HTTP Access Logging Service for servers">
		<antcall target="manage_server_config_type">
			<param name="ECHO_PREFIX" value="HTTP Access Logging Service" />
			<param name="CONFIG_TYPE" value="HTTPAccessLoggingService" />
			<param name="TASK_NAME" value="was_common_configure_server_http_logging" />
		</antcall>
	</target>

	<rafwaction name="was_common_configure_server_tx_chains"
	            augmentmode="false"
	            comparemode="true"
	            importmode="true"
	            promotemode="true" />
	<target name="was_common_configure_server_tx_chains"
	        description="Manages the transport chains for servers">
		<antcall target="manage_server_config_type">
			<param name="ECHO_PREFIX" value="server transport chains" />
			<param name="CONFIG_TYPE" value="TransportChannelService" />
			<param name="TASK_NAME" value="was_common_configure_server_tx_chains" />
		</antcall>
	</target>

	<rafwaction name="was_common_configure_server_profile_service"
	            augmentmode="false"
	            comparemode="true"
	            importmode="true"
	            promotemode="true" />
	<target name="was_common_configure_server_profile_service"
	        description="Manages the transport chains for servers">
		<antcall target="manage_server_config_type">
			<param name="ECHO_PREFIX" value="Application Profile Service" />
			<param name="CONFIG_TYPE" value="ApplicationProfileService" />
			<param name="TASK_NAME" value="was_common_configure_server_profile_service" />
		</antcall>
	</target>

	<rafwaction name="was_common_configure_server_ha_service"
	            augmentmode="false"
	            comparemode="true"
	            importmode="true"
	            promotemode="true" />
	<target name="was_common_configure_server_ha_service"
	        description="Manages the HA Manager service for servers">
		<antcall target="manage_server_config_type">
			<param name="ECHO_PREFIX" value="HA Manager Service" />
			<param name="CONFIG_TYPE" value="HAManagerService" />
			<param name="TASK_NAME" value="was_common_configure_server_profile_service" />
		</antcall>
	</target>

	<rafwaction name="was_common_configure_server_thread_pool"
	            augmentmode="false"
	            comparemode="true"
	            importmode="true"
	            promotemode="true" />
	<target name="was_common_configure_server_thread_pool"
	        description="Manages the Thread Pool Manager for servers">
		<antcall target="manage_server_config_type">
			<param name="ECHO_PREFIX" value="Thread Pool Manager" />
			<param name="CONFIG_TYPE" value="ThreadPoolManager" />
			<param name="TASK_NAME" value="was_common_configure_server_thread_pool" />
		</antcall>
	</target>

	<rafwaction name="was_common_configure_server_tpv_service"
	            augmentmode="false"
	            comparemode="true"
	            importmode="true"
	            promotemode="true" />
	<target name="was_common_configure_server_tpv_service"
	        description="Manages the TPV Service for servers">
		<antcall target="manage_server_config_type">
			<param name="ECHO_PREFIX" value="TPV Service" />
			<param name="CONFIG_TYPE" value="TPVService" />
			<param name="TASK_NAME" value="was_common_configure_server_tpv_service" />
		</antcall>
	</target>

	<rafwaction name="was_common_configure_server_sib_service"
	            augmentmode="false"
	            comparemode="true"
	            importmode="true"
	            promotemode="true" />
	<target name="was_common_configure_server_sib_service"
	        description="Manages the SIB Service for servers">
		<antcall target="manage_server_config_type">
			<param name="ECHO_PREFIX" value="SIB Service" />
			<param name="CONFIG_TYPE" value="SIBService" />
			<param name="TASK_NAME" value="was_common_configure_server_sib_service" />
		</antcall>
	</target>

	<target name="was_common_configure_retrieve_trust_store_signers"
	        depends="only_execute,was_init"
	        description="Adds client SSL certs to client trust store in the scope">
		<if>
			<equals arg1="${OS}" arg2="windows" />
			<then>
				<var name="RETSIGNERS" value="retrieveSigners.bat" />
			</then>
			<else>
				<var name="RETSIGNERS" value="retrieveSigners.sh" />
			</else>
		</if>
		<if>
			<equals arg1="${SCOPE}" arg2="cell" />
			<then>
				<if>
					<isset property="BASE_NODE_NAME" />
					<then>
						<var name="REMOTE_PORT" value="${BASE_SOAP_PORT}" />
						<var name="REMOTE_TRUSTSTORE" value="NodeDefaultTrustStore" />
					</then>
					<else>
						<var name="REMOTE_PORT" value="${ND_SOAP_PORT}" />
						<var name="REMOTE_TRUSTSTORE" value="CellDefaultTrustStore" />
					</else>
				</if>
			</then>
			<else>
				<var name="REMOTE_TRUSTSTORE" value="NodeDefaultTrustStore" />
				<if>
					<isset property="NODEAGENT_SOAP_PORT" />
					<then>
						<var name="REMOTE_PORT" value="${NODEAGENT_SOAP_PORT}" />
					</then>
					<elseif>
						<isset property="BASE_SOAP_PORT" />
						<then>
							<var name="REMOTE_PORT" value="${BASE_SOAP_PORT}" />
						</then>
					</elseif>
					<else>
						<if>
							<isset property="BASE_NODE_NAME" />
							<then>

								<rafwfail id="CRWWA4012E" resourcebundle="was"/>

							</then>
							<else>
								<rafwfail id="CRWWA4013E" resourcebundle="was"/>
							</else>
						</if>
					</else>
				</if>
			</else>
		</if>
		<antcall target="execute">
			<param name="EXECUTABLE" value="${WAS_PROF_HOME}/bin/${RETSIGNERS}" />
			<param name="ARGS"
			       value="${REMOTE_TRUSTSTORE} ClientDefaultTrustStore 
				-autoAcceptBootstrapSigner -conntype SOAP -port ${REMOTE_PORT} -username ${WAS_USERNAME} -password ${WAS_PASSWORD}" />
		</antcall>
	</target>

	<rafwaction name="was_common_configure_cache_instances"
	            augmentmode="true"
	            comparemode="true"
	            importmode="true"
	            promotemode="true" />
	<target name="was_common_configure_cache_instances"
	        description="Manages Cache Instances (i.e. ObjectCacheInstance, ServletCacheInstance)"
	        depends="scope_init">

		<rafwlog id="CRWWA3106I" resourcebundle="was">
			<logarg value="${MODE}" />
			<logarg value="${SCOPE}" />
			<logarg value="${SCOPE_NAME}" />
		</rafwlog>
		<setdatafile resourcefile="cache" />
		<antcall target="assert_file">
			<param name="FILE" value="${DATA_FILE}" />
		</antcall>
		<cfgcallwsadmin target="was_common_configure_cache_instances"
		                datamarker="cacheInstance"
		                script="${WAS_COMMON_SCRIPTS}/cacheInstance.py" />
	</target>

	<rafwaction name="was_common_configure_all" augmentmode="true" comparemode="true" importmode="true" promotemode="true">
		<inherit name="lr_wsadmin" />
	</rafwaction>
	<target name="was_common_configure_all" description="Calls all config actions available in scope">

		<condition property="isBaseCell">
			<isset property="BASE_CELL_NAME"/>
		</condition>
		<condition property="scopeIsServer">
			<equals arg1="${SCOPE}" arg2="server" />
		</condition>
		<condition property="scopeIsCell">
			<equals arg1="${SCOPE}" arg2="cell" />
		</condition>
		<condition property="modeIsExecuteOrPromote">
			<or>
				<equals arg1="${MODE}" arg2="execute" />
				<equals arg1="${MODE}" arg2="promote" />
			</or>
		</condition>
		<condition property="modeIsExecute">
			<equals arg1="${MODE}" arg2="execute" />
		</condition>
		<condition property="modeIsExecuteOrAugment">
			<or>
				<equals arg1="${MODE}" arg2="execute" />
				<equals arg1="${MODE}" arg2="augment" />
			</or>
		</condition>
		<condition property="modeIsAugment">
			<equals arg1="${MODE}" arg2="augment" />
		</condition>
		<condition property="modeIsPromote">
			<equals arg1="${MODE}" arg2="promote" />
		</condition>

		<compositeaction property="ca.actions">
			<!-- specifically include server entries since it is excluded by the server_.* regex -->
			<!-- blindly changing ports on a server is dangerous, skipping execute mode for this -->
			<include name="was_common_configure_server_entries" unless="modeIsExecuteOrPromote" />
		</compositeaction>

		<compositeaction property="ca.actions.1">
			<!-- only include was_common_configure_* and was_version_configure_* or a variant 
			     that starts with a customer prefix -->
			<include regex=".*was_.*_configure.*" />

			<!-- Always exclude copy actions -->
			<!-- this is debatable - on 1 hand they are part of configure_all, and on the other
			db_drivers do not change frequently and including them slows things down and
			shared_libs are really part of application deployment -->
			<!-- exclude regex=".*copy.*" / -->
			
			<!-- lets not try to run quick capture during regular capture. -->
			<exclude regex="was_common_configure_configuration" if="scopeIsCell" />

			<!-- exclude the server actions if scope is not server -->
			<exclude regex="was_common_configure_server_.*" unless="scopeIsServer" />

			<!-- exclude the core group actions if scope is cell -->
			<exclude regex="was_common_configure_core_group.*" unless="scopeIsCell" />
			
			<!-- exclude the specific server actions if scope is server -->
			<!-- server_all will handle these cases -->
			<!-- this ugly reg-ex just means: exclude any actions that don't end in all or
			     have 4 or more characters after server, this is everything except 'all' -->
			<exclude regex="was_common_configure_server_([^a][^l][^l]|.{4,})" if="scopeIsServer" />
			<exclude regex="was_common_configure_dyncluster_template_([^a][^l][^l]|.{4,})" />

			<!-- exclude the all security actions for all modes if scope is cell-->
			<exclude regex="was_common_configure_security_.*" if="scopeIsCell" />
			<exclude regex="was_common_configure_file_registry_.*" if="scopeIsCell" />
			<!-- exclude work_classes since they depend on application deployments and therefore must be run after -->
			<exclude name="was_common_configure_work_classes" />

			<!-- exclude the non sibus_all actions since sibus_all will take care of those if scope is cell -->
			<!-- this ugly reg-ex just means: exclude any actions that don't end in 'all' or
			     have 4 or more characters after sibus, this is everything except 'all' -->
			<exclude regex="was_common_configure_sibus_([^a][^l][^l]|.{4,})" />

			<!-- always exclude was_common_configure_j2c_resource_adapters since we want it to run last -->
			<!-- also excluding dependant types (to be run after resource adapters):
				j2c_conn_factories
				jms_activation_specifications
			-->
			<exclude name="was_common_configure_j2c_resource_adapters"
			         if="modeIsExecuteOrAugment" />
			<exclude name="was_common_configure_j2c_conn_factories" if="modeIsExecuteOrAugment" />
			<exclude name="was_common_configure_jms_activation_specifications"
			         if="modeIsExecuteOrAugment" />

			<!-- avoid VE/dynamic clustering actions for base WAS 8.5 -->
			<exclude name="was_common_configure_health_policies" if="isBaseCell"/>
			<exclude name="was_common_configure_service_policies" if="isBaseCell"/>

			<!-- if the mode is execute, only include actions that also support import mode -->
			<modesupported mode="import" if="modeIsExecuteOrPromote" />
			<modesupported mode="import" if="modeIsAugment" />
			<continueonfailure regex="CRWWA0132E .*" />
			<continueonfailure regex="CRWFW8001E .*" if="modeIsAugment" />
			<continueonfailure regex="CRWFW8005E .*" if="modeIsPromote" />
			<!-- continue if a required property is not set for all modes -->
			<continueonfailure regex="CRWFW8007E .*" />
			<!-- continue if a directory doesn't exist for all modes -->
			<continueonfailure regex="CRWFW8010E .*" />
			<!-- continue if this is WAS 7 and the OSGi feature pack is not installed -->
			<continueonfailure regex="CRWWA9708I .*" />
		</compositeaction>
		<var name="ca.actions" value="${ca.actions}, ${ca.actions.1}" />
		<if>
			<or>
				<equals arg1="${MODE}" arg2="execute" />
				<equals arg1="${MODE}" arg2="augment" />
			</or>
			<then>
				<rafwlog id="CRWWA3109I" resourcebundle="was"/>

				<compositeaction property="ca.actions.2">
					<include name="was_common_configure_j2c_resource_adapters" />
					<include name="was_common_configure_j2c_conn_factories" />
					<include name="was_common_configure_jms_activation_specifications" />
					<continueonfailure regex="CRWFW8001E .*" if="modeIsAugment" />
					<continueonfailure regex="CRWWA0132E .*" />
					<!-- continue if a required property is not set for all modes -->
					<continueonfailure regex="CRWFW8007E .*" />
					<!-- continue if a directory doesn't exist for all modes -->
					<continueonfailure regex="CRWFW8010E .*" />
				</compositeaction>
				<echo message="" />
				<var name="ca.actions" value="${ca.actions}, ${ca.actions.2}" />
			</then>
		</if>
		<rafwlog id="CRWWA0157I" resourcebundle="was" />

		<for list="${ca.actions}" param="action" trim="true">
			<sequential>
				<echo message="@{action}" />
			</sequential>
		</for>
	</target>

	<rafwaction name="was_common_configure_j2c_resource_adapters"
	            augmentmode="true"
	            comparemode="true"
	            importmode="true"
	            promotemode="true">
		<inherit name="lr_wsadmin" />
	</rafwaction>
	<target name="was_common_configure_j2c_resource_adapters"
	        depends="scope_init,was_init"
	        description="Manages J2C Resource Adapters">

		<rafwlog id="CRWWA3107I" resourcebundle="was">
			<logarg value="${MODE}" />
			<logarg value="${SCOPE}" />
			<logarg value="${SCOPE_NAME}" />
		</rafwlog>
		<setdatafile resourcefile="j2c" />
		<antcall target="assert_file">
			<param name="FILE" value="${DATA_FILE}" />
		</antcall>
		<cfgcallwsadmin target="was_common_configure_j2c_resource_adapters"
		                datamarker="J2CResourceAdapters"
		                script="${WAS_COMMON_SCRIPTS}/J2CResourceAdapters.py" />
		<antcall target="was_common_configure_j2c_conn_factories" />
	</target>

	<rafwaction name="was_common_configure_j2c_conn_factories"
	            augmentmode="true"
	            comparemode="true"
	            importmode="true"
	            promotemode="true" />
	<target name="was_common_configure_j2c_conn_factories"
	        depends="scope_init,was_init"
	        description="Manages Resource Adapter J2C Connection Factories">

		<rafwlog id="CRWWA3108I" resourcebundle="was">
			<logarg value="${MODE}" />
			<logarg value="${SCOPE}" />
			<logarg value="${SCOPE_NAME}" />
		</rafwlog>
		<setdatafile resourcefile="j2c" />
		<antcall target="assert_file">
			<param name="FILE" value="${DATA_FILE}" />
		</antcall>
		<cfgcallwsadmin target="was_common_configure_j2c_conn_factories"
		                datamarker="J2CConnFactories"
		                script="${WAS_COMMON_SCRIPTS}/J2CConnFactories.py" />
	</target>

	<rafwaction name="was_common_configure_server_message_listener_service"
	            augmentmode="false"
	            comparemode="true"
	            importmode="true"
	            promotemode="true" />
	<target name="was_common_configure_server_message_listener_service"
	        description="Manages the Message Listener Service for servers">
		<antcall target="manage_server_config_type">
			<param name="ECHO_PREFIX" value="Message Listener Service" />
			<param name="CONFIG_TYPE" value="MessageListenerService" />
			<param name="TASK_NAME" value="was_common_configure_server_message_listener_service" />
		</antcall>
	</target>

</project>
