<?xml version="1.0" encoding="UTF-8"?>

<!-- 
====================================================================== 
Licensed Materials - Property of IBM Corp. 
IBM Middleware Configuration for WebSphere 
(c) Copyright IBM Corporation 2003, 2013. All Rights Reserved.   

U.S. Government Users Restricted Rights - Use, duplication or disclosure restricted by 
GSA ADP Schedule Contract with IBM Corp. 


File name: configure_wve_common_base_private.xml

Private configure actions available at the node scope shared by WVE, WAS 8.5 and higher version
====================================================================== 
-->

<project default="default" basedir=".">
	<description>
		Contains configuration tasks for WVE common base
	</description>

	<!-- FOR DELETE
	<macrodef name="wve_common_configure_routing_rules_internal">
		<attribute name="rule" />
		<sequential>
			<antcall target="call_wsadmin">
				<param name="TASK" value="wve_common_configure_routing_rules" />
				<param name="LANG" value="jython" />
				<param name="SCRIPT_NAME" value="${RAFW_HOME}/product/actions/configure/wve/common/scripts/rules.py" />
				<param name="ARGS" value="-rule ${APP_NAME}" />
			</antcall>
		</sequential>
	</macrodef>

	<target name="wve_common_configure_routing_rules" depends="was_init" description="configure routing rules">
		<wve_common_configure_routing_rules_internal rule="${APP_NAME}" />
	</target>
	-->

	<rafwaction name="wve_common_configure_work_classes_private"
	            augmentmode="true"
	            comparemode="true"
	            importmode="true"
	            promotemode="true" />
	<target name="wve_common_configure_work_classes_private" depends="scope_init,was_init">

		<echo message="${MODE}: Work Classes defined at the ${SCOPE} level for ${SCOPE_NAME}" />
		<setdatafile resourcefile="workClasses" />
		<antcall target="assert_file">
			<param name="FILE" value="${DATA_FILE}" />
		</antcall>
		<cfgcallwsadmin target="wve_common_configure_work_classes_private"
		                datamarker="workClass"
		                script="${RAFW_HOME}/product/actions/configure/wve/common/scripts/workClass.py" />
	</target>

	<target name="wve_common_configure_update_xd_ports" depends="only_execute,was_init">
		<antcall target="call_wsadmin">
			<param name="TASK" value="wve_common_configure_update_xd_ports" />
			<param name="LANG" value="jython" />
			<param name="SCRIPT_NAME"
			       value="${RAFW_HOME}/product/actions/configure/wve/common/scripts/updateXdPorts.py" />
			<param name="ARGS"
			       value="-cellproperties ${CELL_PROPERTIES}
									-nodeName ${NODE_NAME} 
									-serverName ${SERVER_NAME} 
									-serverTemplate ${SERVER_TEMPLATE}
									-transportStartPort ${TRANSPORT_START_PORT}
									-action updateports" />
		</antcall>
	</target>

</project>
