<?xml version="1.0" encoding="UTF-8" standalone="no"?>
<!--
- Licensed Materials - Property of IBM Corp. and/or HCL**
- IBM UrbanCode Build
- (c) Copyright IBM Corporation 2015, 2018. All Rights Reserved.
- (c) Copyright HCL Corporation 2019 All Rights Reserved.
-
- U.S. Government Users Restricted Rights - Use, duplication or disclosure restricted by
- GSA ADP Schedule Contract with IBM Corp.
-
- * Trademark of International Business Machines
- ** Trademark of HCL Technologies Limited
--><pluginInfo xmlns="http://www.urbancode.com/InfoXMLSchema_v1" xmlns:server="http://www.urbancode.com/PluginServerXMLSchema_v1" xmlns:xsi="http://www.w3.org/2001/XMLSchema-instance">

  <!-- Do not change the release-version, the build process injects it. -->
  <release-version>7.1098511</release-version>

  <release-notes>
    <release-note plugin-version="1">
      Installing this plugin will give you access to the steps listed below. These steps will be available for use when designing a Job.
    </release-note>
    <release-note plugin-version="2">
      Added RPX dependency and English translations
    </release-note>
    <release-note plugin-version="3">
      Fixes APAR PI57335 uBuild Harvest plug-in not handling changelogs correctly.
    </release-note>
    <release-note plugin-version="4">
      Fixes issue with exectuables not being properly located within command path.
      Support property file encryption.
    </release-note>
    <release-note plugin-version="5">
      Fixes APAR PH07611 - Use 'includeFiles' source property in changelog step.
    </release-note>
    <release-note plugin-version="6">
      Fix changelog parser logic to correctly handle empty data columns.
    </release-note>
    <release-note plugin-version="7">
      Fix APAR PH10867 - Use 'includeFiles' source property in quiet period step.
    </release-note>
  </release-notes>
</pluginInfo>
