<?xml version="1.0" encoding="UTF-8"?>
<!--
- Licensed Materials - Property of IBM Corp. and/or HCL**
- IBM UrbanCode Build
- (c) Copyright IBM Corporation 2015, 2018. All Rights Reserved.
- (c) Copyright HCL Corporation 2019 All Rights Reserved.
-
- U.S. Government Users Restricted Rights - Use, duplication or disclosure restricted by
- GSA ADP Schedule Contract with IBM Corp.
-
- * Trademark of International Business Machines
- ** Trademark of HCL Technologies Limited
-->
<plugin-upgrade xmlns="http://www.urbancode.com/UpgradeXMLSchema_v1" xmlns:server="http://www.urbancode.com/PluginServerXMLSchema_v1" xmlns:xsi="http://www.w3.org/2001/XMLSchema-instance">

  <migrate to-version="2"/>

  <migrate to-version="3">
    <migrate-property-group name="Harvest Source Repo" type="Source">
      <migrate-properties>
        <migrate-property name="recursive"/>
      </migrate-properties>
    </migrate-property-group>
  </migrate>

  <migrate to-version="4"/>

  <migrate to-version="5"/>

  <migrate to-version="6"/>

  <migrate to-version="7"/>

</plugin-upgrade>
