<?xml version="1.0" encoding="UTF-8"?>
<!--
======================================================================
Licensed Materials - Property of IBM Corp. 
IBM Rational Automation Framework 
(c) Copyright IBM Corporation 2003, 2012. All Rights Reserved.   

U.S. Government Users Restricted Rights - Use, duplication or disclosure restricted by 
GSA ADP Schedule Contract with IBM Corp. 


File name: configure_wp60.xml

This is the  WP_60 configuration build file.

These actions are available to WP60 at the node scope.
======================================================================
-->
<project basedir="." default="default">
	<description>
      Contains various configuration tasks for WP 60
	</description>

	<!-- Include WP Cluster properties -->
	<property name="WP_CLUSTER_PROPERTIES"
	          value="${RAFW_HOME}/user/environments/${ENV_NAME}/cells/${CELL_NAME}/clusters/${WP_CLUSTER_NAME}/cluster.properties" />
	<property file="${WP_CLUSTER_PROPERTIES}" />

	<!-- Include db properties -->
	<property name="DB_PROPERTIES"
	          value="${RAFW_HOME}/user/environments/${ENV_NAME}/cells/${CELL_NAME}/nodes/${NODE_NAME}/config_wp_db.properties" />
	<property file="${DB_PROPERTIES}" />

	<!-- Include WCM properties -->
	<property name="WCM_PROPERTIES"
	          value="${RAFW_HOME}/user/environments/${ENV_NAME}/cells/${CELL_NAME}/nodes/${NODE_NAME}/config_wp_wcm.properties" />
	<property file="${WCM_PROPERTIES}" />

	<!-- Include ldap properties -->
	<property name="LDAP_PROPERTIES"
	          value="${RAFW_HOME}/user/environments/${ENV_NAME}/cells/${CELL_NAME}/nodes/${NODE_NAME}/config_wp_ldap.properties" />
	<property file="${LDAP_PROPERTIES}" />

	<!-- import the wp custom configure targets -->
	<import file="${RAFW_HOME}/user/actions/configure/wp/60/custom_configure_wp60.xml" />

	<!-- import the wp incubator configure targets -->
	<import file="${RAFW_HOME}/incubator/actions/configure/wp/60/incubator_configure_wp60.xml" />

	<!-- import the wp common configure targets -->
	<import file="${RAFW_HOME}/product/actions/configure/wp/common/base/configure_wp_common_base.xml" />
		
	<!-- import the wp library utilities -->
	<import file="${RAFW_HOME}/product/lib/wp/wp_lib.xml" />

	<rafwaction name="wp_60_configure_setup_primary_cluster_member" unsupportedplatforms="zos" />
	<target depends="only_execute"
	        description="Steps to setting up primary cluster member"
	        name="wp_60_configure_setup_primary_cluster_member">
		<!-- Configure WCM if configured in the environment -->
		<if>
			<and>
				<isset property="WP_CONFIGURE_WCM" />
				<equals arg1="${WP_CONFIGURE_WCM}" arg2="true" />
			</and>
			<then>
				<antcall target="wp_common_configure_wcm_authoring" />
				<antcall target="wp_60_configure_update_schedulerservice_wcm" />
			</then>
			<else>
				
				<rafwlog id="CRWWP1006I" resourcebundle="wp"/>
			</else>
		</if>
		<antcall target="wp_common_configure_database_transfer" />
		<antcall target="was_common_configure_add_node_include_apps" />
		<antcall target="wp_60_configure_post_portal_node_federation_configuration" />
		<antcall target="wp_60_configure_cluster_setup" />
		<antcall target="wp_60_configure_update_server_name" />
		<antcall target="wp_common_configure_update_wpconfig_ports" />
	</target>

	<target name="wp_60_configure_update_server_name" depends="only_execute">
		<antcall target="update_property_file">
			<param name="PROPERTY_FILE" value="${WP_HOME}/config/wpconfig.properties" />
			<param name="KEY" value="ServerName" />
			<param name="VALUE" value="${PRIMARY_SERVER}" />
		</antcall>
	</target>

	<target name="wp_60_configure_install_wps_page" depends="only_execute">
		
		<rafwlog id="CRWWP1007I" resourcebundle="wp"/>
		<antcall target="call_xmlaccess">
			<param name="TASK" value="wp_60_configure_install_wps_page" />
			<param name="XML_INPUT_FILE"
			       value="${RAFW_HOME}/product/actions/configure/wp/60/InitVirtualPortal.xml" />
			<param name="XML_OUTPUT_FILE" value="${LOG_HOME}/InitVirtualPortal.xml" />
		</antcall>
	</target>

	<rafwaction name="wp_60_configure_setup_secondary_cluster_member" unsupportedplatforms="zos" />
	<target depends="only_execute"
	        description="Steps to setting up secondary cluster member"
	        name="wp_60_configure_setup_secondary_cluster_member">

		<antcall target="wp_60_configure_connect_database" />
		<antcall target="was_common_configure_add_node" />
		<antcall target="wp_60_configure_post_portal_node_federation_configuration" />
		<antcall target="wp_60_configure_cluster_setup" />
		<antcall target="wp_60_configure_update_server_name" />
		<antcall target="wp_common_configure_update_wpconfig_ports" />

	</target>

	<rafwaction name="wp_60_configure_enable_security_wmmur_ldap" unsupportedplatforms="zos" />
	<target depends="only_execute"
	        description="Enable WP to use LDAP as a custom user registry"
	        name="wp_60_configure_enable_security_wmmur_ldap">

		<antcall target="wp_common_configure_call_portal_config">
			<param name="TASK" value="enable-security-wmmur-ldap" />
			<param name="ARGS" value="-DparentProperties=${LDAP_PROPERTIES}" />
			<param name="SAVE_PARENT" value="true" />
		</antcall>
		<!--
 		<antcall target="wp_common_configure_copy_wmm"/>
    <antcall target="wp_common_configure_check_in_wmm_cfg_files_to_dmgr"/> 
		-->
	</target>

	<rafwaction name="wp_60_configure_enable_jcr_security" unsupportedplatforms="zos" />
	<target depends="only_execute"
	        description="Enable JCR security for WP secondary node"
	        name="wp_60_configure_enable_jcr_security">
		<antcall target="wp_common_configure_call_portal_config">
			<param name="TASK" value="enable-jcr-security" />
			<param name="ARGS" value="-DparentProperties=${LDAP_PROPERTIES}" />
			<param name="SAVE_PARENT" value="true" />
		</antcall>
	</target>

	<target name="wp_60_configure_update_schedulerservice_wcm" depends="only_execute">
		
		<rafwlog id="CRWWP1008I" resourcebundle="wp">
			<logarg value="${WP_HOME}/wcm/shared/app/config/wcmservices/SchedulerService.properties" />
		</rafwlog>

		<antcall target="wp_common_configure_stop_wp_nonclustered" />
		<antcall target="update_property_file">
			<param name="PROPERTY_FILE"
			       value="${WP_HOME}/wcm/shared/app/config/wcmservices/SchedulerService.properties" />
			<param name="KEY" value="scheduler.ejb.reschedule" />
			<param name="VALUE" value="true" />
		</antcall>
		<antcall target="wp_common_configure_start_wp_nonclustered" />
		<antcall target="wp_common_configure_stop_wp_nonclustered" />
		<antcall target="update_property_file">
			<param name="PROPERTY_FILE"
			       value="${WP_HOME}/wcm/shared/app/config/wcmservices/SchedulerService.properties" />
			<param name="KEY" value="scheduler.ejb.reschedule" />
			<param name="VALUE" value="false" />
		</antcall>
		<antcall target="wp_common_configure_start_wp_nonclustered" />
	</target>

	<rafwaction name="wp_60_configure_set_extra_char_service" unsupportedplatforms="zos" />
	<target depends="only_execute"
	        description="Allow extra characthers for username"
	        name="wp_60_configure_set_extra_char_service">
		<antcall target="wp_common_configure_copy_wmm" />
		<antcall target="wp_common_configure_call_portal_config">
			<param name="TASK" value="check-in-wmm-cfg-files-to-dmgr" />
			<param name="SAVE_PARENT" value="true" />
		</antcall>
		<antcall target="update_validation_service_props">
			<param name="WP_HOME" value="${WP_HOME}" />
			<param name="VALIDATION_PARAM" value="user.UNIQUEID.extra_chars" />
			<param name="VALIDATION_VALUE" value="._-@" />
		</antcall>
		<antcall target="wp_common_configure_call_portal_config">
			<param name="TASK" value="update-properties" />
			<param name="SAVE_PARENT" value="true" />
		</antcall>
	</target>

	<target name="wp_60_configure_call_wpsconfig" depends="only_execute">
		<if>
			<isset property="SERVER_NAME" />
			<then>
				<antcall target="wp_common_configure_call_portal_config">
					<param name="TASK" value="${TASK}" />
					<param name="ARGS" value="${ARGS}" />
					<param name="SAVE_PARENT" value="${SAVE_PARENT}" />
				</antcall>
			</then>
			<else>
				<antcall target="wp_common_configure_call_portal_config">
					<param name="TASK" value="${TASK}" />
					<param name="SAVE_PARENT" value="${SAVE_PARENT}" />
				</antcall>
			</else>
		</if>
	</target>

	<rafwaction name="wp_60_configure_connect_database" unsupportedplatforms="zos" />
	<target depends="only_execute"
	        description="Configure WP to attach to a database"
	        name="wp_60_configure_connect_database">
		<antcall target="wp_common_configure_call_portal_config">
			<param name="TASK" value="connect-database" />
			<param name="ARGS" value="-DparentProperties=${DB_PROPERTIES}" />
			<param name="SAVE_PARENT" value="true" />
		</antcall>
	</target>

	<rafwaction name="wp_60_configure_post_portal_node_federation_configuration"
	            unsupportedplatforms="zos" />
	<target depends="only_execute"
	        description="Post portal node federation configuration"
	        name="wp_60_configure_post_portal_node_federation_configuration">
		<assertpropertyset property="PRIMARY_NODE" />
		
		<rafwlog id="CRWWA1105I" resourcebundle="wp">
					<logarg value="${CELL_NAME}" />
					<logarg value="${CLUSTER_PROPERTIES}" />
					<logarg value="${PRIMARY_NODE}" />
					<logarg value="${NODE_NAME}" />
		</rafwlog>
		<antcall target="update_property_file">
			<param name="PROPERTY_FILE" value="${WP_HOME}/config/wpconfig.properties" />
			<param name="KEY" value="CellName" />
			<param name="VALUE" value="${CELL_NAME}" />
		</antcall>
		<if>
			<equals arg1="${PRIMARY_NODE}" arg2="${NODE_NAME}" />
			<then>
				<property name="PrimaryNode" value="true" />
			</then>
			<else>
				<property name="PrimaryNode" value="false" />
			</else>
		</if>
		<antcall target="update_property_file">
			<param name="PROPERTY_FILE" value="${WP_HOME}/config/wpconfig.properties" />
			<param name="KEY" value="PrimaryNode" />
			<param name="VALUE" value="${PrimaryNode}" />
		</antcall>

		
		<rafwlog id="CRWWP1009I" resourcebundle="wp">
					<logarg value="${NODE_NAME}" />
		</rafwlog>
		<antcall target="wp_common_configure_call_portal_config">
			<param name="TASK" value="post-portal-node-federation-configuration" />
			<param name="SAVE_PARENT" value="true" />
		</antcall>
	</target>


	<!--Depending on is the node primary or not, delegates call to:
		wp_60_configure_cluster_setup_primary, or
		wp_60_configure_cluster_setup_primary
	-->
	<rafwaction name="wp_60_configure_cluster_setup" unsupportedplatforms="zos" />
	<target depends="only_execute"
	        description="Setup the initial WP cluster"
	        name="wp_60_configure_cluster_setup">
		<assertpropertyset property="PRIMARY_NODE" />
		<if>
			<equals arg1="${PRIMARY_NODE}" arg2="${NODE_NAME}" />
			<then>
				<antcall target="wp_60_configure_cluster_setup_primary" />
			</then>
			<else>
				<antcall target="wp_60_configure_cluster_setup_secondary" />
			</else>
		</if>
	</target>

	<!-- Configures ${WP_HOME}/config/wpconfig.properties as:
			ClusterName=${WP_CLUSTER_NAME}
			PrimaryNode=true
		wp_60_configure_call_wpsconfig [task='cluster-setup', saveParent=true]
	-->
	<target name="wp_60_configure_cluster_setup_primary">
		<antcall target="update_property_file">
			<param name="PROPERTY_FILE" value="${WP_HOME}/config/wpconfig.properties" />
			<param name="KEY" value="ClusterName" />
			<param name="VALUE" value="${WP_CLUSTER_NAME}" />
		</antcall>
		<antcall target="update_property_file">
			<param name="PROPERTY_FILE" value="${WP_HOME}/config/wpconfig.properties" />
			<param name="KEY" value="PrimaryNode" />
			<param name="VALUE" value="true" />
		</antcall>
		<antcall target="wp_common_configure_call_portal_config">
			<param name="TASK" value="cluster-setup" />
			<param name="SAVE_PARENT" value="true" />
		</antcall>
	</target>

	<!-- Configures ${WP_HOME}/config/wpconfig.properties as:
			ClusterName=${WP_CLUSTER_NAME}
			ServerName=${PRIMARY_SERVER}
			PrimaryNode=false
		wp_60_configure_call_wpsconfig [task='cluster-setup', saveParent=true]
	-->
	<target name="wp_60_configure_cluster_setup_secondary">
		<antcall target="update_property_file">
			<param name="PROPERTY_FILE" value="${WP_HOME}/config/wpconfig.properties" />
			<param name="KEY" value="ClusterName" />
			<param name="VALUE" value="${WP_CLUSTER_NAME}" />
		</antcall>
		<antcall target="wp_60_configure_update_server_name" />
		<antcall target="update_property_file">
			<param name="PROPERTY_FILE" value="${WP_HOME}/config/wpconfig.properties" />
			<param name="KEY" value="PrimaryNode" />
			<param name="VALUE" value="false" />
		</antcall>
		<antcall target="wp_common_configure_call_portal_config">
			<param name="TASK" value="cluster-setup" />
			<param name="SAVE_PARENT" value="true" />
		</antcall>
	</target>

	<rafwaction augmentmode="true"
	            comparemode="true"
	            importmode="true"
	            name="wp_60_configure_copy_wmm"
	            promotemode="true"
	            unsupportedplatforms="zos">
		<inherit name="addFilesToVisualCompare" />
	</rafwaction>
	<target depends="promote_source_scope_init"
	        description="Copy WMM files to/from target system"
	        name="wp_60_configure_copy_wmm">
		<copy_content frameworkdir="wmm"
		              scopedir="${CELL_HOME}"
		              sourcescopedir="${SOURCE_CELL_HOME}"
		              runtimedir="${WP_HOME}/wmm"
		              includepath="*.xml" />
	</target>

	<rafwaction name="wp_60_configure_validate_wmmur_ldap" unsupportedplatforms="zos" />
	<target depends="only_execute"
	        description="Validate properties needed to use LDAP as a custom user registry"
	        name="wp_60_configure_validate_wmmur_ldap">
		<antcall target="wp_common_configure_call_portal_config">
			<param name="TASK" value="validate-wmmur-ldap" />
			<param name="ARGS" value="-DparentProperties=${LDAP_PROPERTIES}" />
			<param name="SAVE_PARENT" value="false" />
		</antcall>
	</target>

	<rafwaction name="wp_60_configure_check_out_wmm_cfg_files_from_dmgr"
	            unsupportedplatforms="zos" />
	<target depends="only_execute"
	        description="Check out wmm config files from Deployment Manager"
	        name="wp_60_configure_check_out_wmm_cfg_files_from_dmgr">
		
		<rafwlog id="CRWWP1010I" resourcebundle="wp">
							<logarg value=" ${CELL_NAME}" />
		</rafwlog>
		<antcall target="wp_common_configure_call_portal_config">
			<param name="TASK" value="check-out-wmm-cfg-files-from-dmgr" />
		</antcall>
	</target>

	<rafwaction name="wp_60_configure_check_in_wmm_cfg_files_to_dmgr" unsupportedplatforms="zos" />
	<target depends="only_execute"
	        description="Check in wmm config files to Deployment Manager"
	        name="wp_60_configure_check_in_wmm_cfg_files_to_dmgr">
		
		<rafwlog id="CRWWP1093I" resourcebundle="wp">
				<logarg value=" ${CELL_NAME}" />
		</rafwlog>
		<antcall target="wp_common_configure_call_portal_config">
			<param name="TASK" value="check-in-wmm-cfg-files-to-dmgr" />
		</antcall>
	</target>

	<target name="wp_common_configure_enable_security_ldap"
	        depends="only_execute"
	        description="Enable WP to use LDAP as a custom user registry (CUR)">
		<antcall target="wp_common_configure_call_portal_config">
			<param name="TASK" value="enable-security-ldap" />
			<param name="ARGS" value="-DparentProperties=${LDAP_PROPERTIES}" />
			<param name="SAVE_PARENT" value="true" />
		</antcall>
	</target>

	<target name="wp_common_configure_disable_security"
	        description="Disable Global Security"
	        depends="only_execute">
		<antcall target="wp_common_configure_call_portal_config">
			<param name="TASK" value="disable-security" />
			<param name="SAVE_PARENT" value="true" />
		</antcall>
	</target>

	<target name="wp_common_configure_validate_database_connection_wcm"
	        depends="only_execute"
	        description="Validate the WCM database connection">
		<antcall target="wp_common_configure_call_portal_config">
			<param name="TASK" value="validate-database-connection-wcm" />
			<param name="ARGS" value="-DparentProperties=${WCM_PROPERTIES}" />
			<param name="SAVE_PARENT" value="true" />
		</antcall>
	</target>

	<target name="wp_common_configure_remove_wcm_repository"
	        depends="only_execute"
	        description="Removes the WCM repository database">
		<antcall target="wp_common_configure_call_portal_config">
			<param name="ARGS" value="-DparentProperties=${WCM_PROPERTIES}" />
			<param name="TASK" value="remove-wcm-repository" />
			<param name="SAVE_PARENT" value="false" />
		</antcall>
	</target>

	<target name="wp_common_configure_wcm_repository"
	        description="Remove and reconfigure the WCM repository"
	        depends="only_execute,wp_common_configure_remove_wcm_repository">
		<antcall target="wp_common_configure_call_portal_config">
			<param name="TASK" value="config-wcm-repository" />
			<param name="ARGS" value="-DparentProperties=${WCM_PROPERTIES}" />
			<param name="SAVE_PARENT" value="true" />
		</antcall>
	</target>

</project>
