<?xml version="1.0" encoding="UTF-8"?>
<!--
- Licensed Materials - Property of IBM Corp.
- IBM UrbanCode Build
- (c) Copyright IBM Corporation 2012, 2014. All Rights Reserved.
-
- U.S. Government Users Restricted Rights - Use, duplication or disclosure restricted by
- GSA ADP Schedule Contract with IBM Corp.
-->
<plugin-upgrade
        xmlns="http://www.urbancode.com/UpgradeXMLSchema_v1"
        xmlns:xsi="http://www.w3.org/2001/XMLSchema-instance">
 <migrate to-version="2">
    <migrate-command name="Docker Push">
        <migrate-properties>
            <migrate-property name="dockerHost"/>
            <migrate-property name="imageName"/>
            <migrate-property name="username"/>
            <migrate-property name="password"/>
            <migrate-property name="email"/>
            <migrate-property name="server"/>
        </migrate-properties>
    </migrate-command>
  </migrate>
</plugin-upgrade>