<?xml version="1.0" encoding="UTF-8"?>

<!-- 
====================================================================== 
Licensed Materials - Property of IBM Corp. 
IBM Middleware Configuration for WebSphere 
(c) Copyright IBM Corporation 2003, 2013. All Rights Reserved.   

U.S. Government Users Restricted Rights - Use, duplication or disclosure restricted by 
GSA ADP Schedule Contract with IBM Corp. 


File name: configure_wve_common_nd_cluster_private.xml

Private configure actions available at the cluster scope shared by WVE, WAS 8.5 and higher version
====================================================================== 
-->

<project default="default" basedir=".">
	<description>
		Contains configuration tasks for WVE ND cluster
	</description>

	<target name="wve_common_configure_create_dyncluster_private"
	        depends="only_execute,scope_init,init_dynclusters_names">
		<for list="${DYNCLUSTERS}" param="CLUSTER">
			<sequential>
				<antcall target="call_wsadmin">
					<param name="TASK" value="wve_common_configure_create_dyncluster_private" />
					<param name="LANG" value="jython" />
					<param name="SCRIPT_NAME"
					       value="${RAFW_HOME}/product/actions/configure/wve/common/nd/cluster/scripts/dynclusterTasks.py" />
					<param name="ARGS"
					       value="-action createCluster
											-dynclusterName @{CLUSTER}
											-clusterProperties ${CELL_HOME}/clusters/@{CLUSTER}/cluster.properties
											-wveCommonProperties ${RAFW_HOME}/product/actions/configure/wve/common/wve_common.properties" />
				</antcall>
			</sequential>
		</for>
	</target>

	<target name="wve_common_configure_delete_dyncluster_private"
	        depends="only_execute,scope_init,init_dynclusters_names">
		<for list="${DYNCLUSTERS}" param="CLUSTER">
			<sequential>
				<antcall target="call_wsadmin">
					<param name="TASK" value="wve_common_configure_delete_dyncluster_private" />
					<param name="LANG" value="jython" />
					<param name="SCRIPT_NAME"
					       value="${RAFW_HOME}/product/actions/configure/wve/common/nd/cluster/scripts/dynclusterTasks.py" />
					<param name="ARGS"
					       value="-action deleteCluster -dynclusterName @{CLUSTER}" />
				</antcall>
			</sequential>
		</for>
	</target>

	<rafwaction name="wve_common_configure_start_dyncluster_private">
		<inherit name="lr_wsadmin" />
	</rafwaction>
	<target name="wve_common_configure_start_dyncluster_private" depends="init_dynclusters_names">

		<rafwlog id="CRWVE0193I" resourcebundle="wve">
					<logarg value="${DYNCLUSTERS}" />
					<logarg value="${CELL_NAME}" />
		</rafwlog>
		<for list="${DYNCLUSTERS}" param="CLUSTER">
			<sequential>
				<antcall target="was_common_configure_start_servers_on_cluster">
					<param name="CLUSTER_NAME" value="@{CLUSTER}" />
				</antcall>
			</sequential>
		</for>
	</target>

	<rafwaction name="wve_common_configure_stop_dyncluster_private">
		<inherit name="lr_wsadmin" />
	</rafwaction>
	<target name="wve_common_configure_stop_dyncluster_private" depends="init_dynclusters_names">

		<rafwlog id="CRWVE0194I" resourcebundle="wve">
					<logarg value="${DYNCLUSTERS}" />
					<logarg value="${CELL_NAME}" />
		</rafwlog>
		<for list="${DYNCLUSTERS}" param="CLUSTER">
			<sequential>
				<antcall target="was_common_configure_stop_servers_on_cluster">
					<param name="CLUSTER_NAME" value="@{CLUSTER}" />
				</antcall>
			</sequential>
		</for>
	</target>

	<rafwaction name="wve_common_configure_dyncluster_operational_mode_private">
		<inherit name="lr_wsadmin" />
	</rafwaction>
	<target name="wve_common_configure_dyncluster_operational_mode_private"
	        depends="scope_init,init_dynclusters_names">
		
		<rafwlog resourcebundle="wve" id="CRWVE0159W">
			<logarg value="${CELL_NAME}" />
		</rafwlog>	
		<for list="${DYNCLUSTERS}" param="CLUSTER">
			<sequential>
				<antcall target="call_wsadmin">
					<param name="TASK" value="wve_common_configure_dyncluster_operational_mode_private" />
					<param name="LANG" value="jython" />
					<param name="SCRIPT_NAME"
					       value="${RAFW_HOME}/product/actions/configure/wve/common/nd/cluster/scripts/dynclusterTasks.py" />
					<param name="ARGS"
					       value="-action setOperationalMode 
											-dynclusterName @{CLUSTER} 
											-clusterProperties ${CELL_HOME}/clusters/@{CLUSTER}/cluster.properties 
											-wveCommonProperties ${RAFW_HOME}/product/actions/configure/wve/common/wve_common.properties" />
				</antcall>
			</sequential>
		</for>
	</target>

	<target name="init_dynclusters_names">
		<if>
			<isset property="CLUSTER_NAME" />
			<then>
				<var name="DYNCLUSTERS" unset="true" />
				<property name="DYNCLUSTERS" value="${CLUSTER_NAME}" />
			</then>
		</if>
	</target>

	<target name="wve_common_configure_create_odrcluster_private" depends="only_execute,scope_init">
		<if>
			<and>
				<isset property="CLUSTER_NAME" />
				<not>
					<equals arg1="${CLUSTER_NAME}" arg2="${ODR_CLUSTER_NAME}" />
				</not>
			</and>
			<then>

				<rafwfail id="CRWVE0195E" resourcebundle="wve">
					<logarg value="${CLUSTER_NAME}" />
				</rafwfail>
			</then>
		</if>
		<antcall target="call_wsadmin">
			<param name="TASK" value="wve_common_configure_create_odrcluster_private" />
			<param name="LANG" value="jython" />
			<param name="SCRIPT_NAME"
			       value="${RAFW_HOME}/product/actions/configure/wve/common/nd/cluster/scripts/odrclusterTasks.py" />
			<param name="ARGS"
			       value='-action createCluster -cellProperties "${CELL_PROPERTIES}" -properties "${CLUSTERS_HOME}/${CLUSTER_NAME}/cluster.properties"' />
		</antcall>
	</target>

	<rafwaction name="wve_common_configure_dyncluster_private"
	            augmentmode="false"
	            comparemode="true"
	            importmode="true"
	            promotemode="true" />
	<target name="wve_common_configure_dyncluster_private" depends="scope_init,was_init">

		<rafwlog id="CRWVE0192I" resourcebundle="wve">
				<logarg value="${MODE}" />
				<logarg value="${SCOPE}" />
				<logarg value="${SCOPE_NAME}" />								
		</rafwlog>
		<setdatafile resourcefile="dyncluster" />
		<antcall target="assert_file">
			<param name="FILE" value="${DATA_FILE}" />
		</antcall>
		<cfgcallwsadmin target="wve_common_configure_dyncluster_private"
		                datamarker="dynamicCluster"
		                script="${RAFW_HOME}/product/actions/configure/wve/common/nd/cluster/scripts/dyncluster.py" />

	</target>

	<rafwaction name="wve_common_configure_dyncluster_template_all_private"
	            augmentmode="false"
	            comparemode="true"
	            importmode="true"
	            promotemode="true">
		<inherit name="lr_wsadmin" />
	</rafwaction>
	<target name="wve_common_configure_dyncluster_template_all_private">
		<if>
			<equals arg1="${MODE}" arg2="promote" />
			<then>
				<antcall target="wve_common_configure_dyncluster_template_activitysession_service_private" />
				<antcall target="wve_common_configure_dyncluster_template_admin_service_private" />
				<antcall target="wve_common_configure_dyncluster_template_application_server_private" />
				<antcall target="wve_common_configure_dyncluster_template_cgb_service_private" />
				<antcall target="wve_common_configure_dyncluster_template_classloader_private" />
				<antcall target="wve_common_configure_dyncluster_template_custom_service_private" />
				<antcall target="wve_common_configure_dyncluster_template_diagnostic_service_private" />
				<antcall target="wve_common_configure_dyncluster_template_error_stream_private" />
				<antcall target="wve_common_configure_dyncluster_template_ha_service_private" />
				<antcall target="wve_common_configure_dyncluster_template_http_logging_private" />
				<antcall target="wve_common_configure_dyncluster_template_i18n_service_private" />
				<antcall target="wve_common_configure_dyncluster_template_java_def_private" />
				<antcall target="wve_common_configure_dyncluster_template_jpa_service_private" />
				<antcall target="wve_common_configure_dyncluster_template_message_listener_service_private" />
				<antcall target="wve_common_configure_dyncluster_template_name_server_private" />
				<antcall target="wve_common_configure_dyncluster_template_objectpool_service_private" />
				<antcall target="wve_common_configure_dyncluster_template_orb_private" />
				<antcall target="wve_common_configure_dyncluster_template_output_stream_private" />
				<antcall target="wve_common_configure_dyncluster_template_pmi_service_private" />
				<antcall target="wve_common_configure_dyncluster_template_profile_service_private" />
				<antcall target="wve_common_configure_dyncluster_template_ras_service_private" />
				<antcall target="wve_common_configure_dyncluster_template_sib_service_private" />
				<antcall target="wve_common_configure_dyncluster_template_startupbeans_service_private" />
				<antcall target="wve_common_configure_dyncluster_template_stats_provider_private" />
				<antcall target="wve_common_configure_dyncluster_template_thread_pool_private" />
				<antcall target="wve_common_configure_dyncluster_template_tpv_service_private" />
				<antcall target="wve_common_configure_dyncluster_template_trace_service_private" />
				<antcall target="wve_common_configure_dyncluster_template_tx_chains_private" />
				<antcall target="wve_common_configure_dyncluster_template_workarea_service_private" />
			</then>
			<else>
				<!-- For modes other than promote, invoke wsadmin -->
				<antcall target="manage_dyncluster_template_config_type">
					<param name="IS_DYN_CLUSTER_TEMPLATE" value="true" />
					<param name="ECHO_PREFIX" value="ALL" />
					<param name="CONFIG_TYPE" value="ALL" />
					<param name="TASK_NAME" value="wve_common_configure_dyncluster_template_all" />
				</antcall>
			</else>
		</if>
	</target>

	<rafwaction name="wve_common_configure_dyncluster_template_activitysession_service_private"
	            augmentmode="false"
	            comparemode="true"
	            importmode="true"
	            promotemode="true" />
	<target name="wve_common_configure_dyncluster_template_activitysession_service_private">
		<antcall target="manage_dyncluster_template_config_type">
			<param name="IS_DYN_CLUSTER_TEMPLATE" value="true" />
			<param name="ECHO_PREFIX" value="Activity Session Service" />
			<param name="CONFIG_TYPE" value="ActivitySessionService" />
			<param name="TASK_NAME"
			       value="wve_common_configure_dyncluster_template_activitysession_service_private" />
		</antcall>
	</target>

	<rafwaction name="wve_common_configure_dyncluster_template_admin_service_private"
	            augmentmode="false"
	            comparemode="true"
	            importmode="true"
	            promotemode="true" />
	<target name="wve_common_configure_dyncluster_template_admin_service_private">
		<antcall target="manage_dyncluster_template_config_type">
			<param name="IS_DYN_CLUSTER_TEMPLATE" value="true" />
			<param name="ECHO_PREFIX" value="Admin Service" />
			<param name="CONFIG_TYPE" value="AdminService" />
			<param name="TASK_NAME"
			       value="wve_common_configure_dyncluster_template_admin_service_private" />
		</antcall>
	</target>

	<rafwaction name="wve_common_configure_dyncluster_template_application_server_private"
	            augmentmode="false"
	            comparemode="true"
	            importmode="true"
	            promotemode="true" />
	<target name="wve_common_configure_dyncluster_template_application_server_private">
		<antcall target="manage_dyncluster_template_config_type">
			<param name="IS_DYN_CLUSTER_TEMPLATE" value="true" />
			<param name="ECHO_PREFIX" value="Application Server" />
			<param name="CONFIG_TYPE" value="ApplicationServer" />
			<param name="TASK_NAME"
			       value="wve_common_configure_dyncluster_template_application_server_private" />
		</antcall>
	</target>

	<rafwaction name="wve_common_configure_dyncluster_template_cgb_service_private"
	            augmentmode="false"
	            comparemode="true"
	            importmode="true"
	            promotemode="true" />
	<target name="wve_common_configure_dyncluster_template_cgb_service_private">
		<antcall target="manage_dyncluster_template_config_type">
			<param name="IS_DYN_CLUSTER_TEMPLATE" value="true" />
			<param name="ECHO_PREFIX" value="Core Group Bridge Service" />
			<param name="CONFIG_TYPE" value="CoreGroupBridgeService" />
			<param name="TASK_NAME" value="wve_common_configure_dyncluster_template_cgb_service_private" />
		</antcall>
	</target>

	<rafwaction name="wve_common_configure_dyncluster_template_classloader_private"
	            augmentmode="true"
	            comparemode="true"
	            importmode="true"
	            promotemode="true" />
	<target name="wve_common_configure_dyncluster_template_classloader_private">
		<antcall target="manage_dyncluster_template_config_type">
			<param name="IS_DYN_CLUSTER_TEMPLATE" value="true" />
			<param name="ECHO_PREFIX" value="Application  Classloaders" />
			<param name="CONFIG_TYPE" value="ApplicationServer.Classloader" />
			<param name="TASK_NAME" value="wve_common_configure_dyncluster_template_classloader_private" />
		</antcall>
	</target>

	<rafwaction name="wve_common_configure_dyncluster_template_custom_service_private"
	            augmentmode="true"
	            comparemode="true"
	            importmode="true"
	            promotemode="true" />
	<target name="wve_common_configure_dyncluster_template_custom_service_private">
		<antcall target="manage_dyncluster_template_config_type">
			<param name="IS_DYN_CLUSTER_TEMPLATE" value="true" />
			<param name="ECHO_PREFIX" value="Custom Service" />
			<param name="CONFIG_TYPE" value="CustomService" />
			<param name="TASK_NAME"
			       value="wve_common_configure_dyncluster_template_custom_service_private" />
		</antcall>
	</target>

	<rafwaction name="wve_common_configure_dyncluster_template_diagnostic_service_private"
	            augmentmode="false"
	            comparemode="true"
	            importmode="true"
	            promotemode="true" />
	<target name="wve_common_configure_dyncluster_template_diagnostic_service_private">
		<antcall target="manage_dyncluster_template_config_type">
			<param name="IS_DYN_CLUSTER_TEMPLATE" value="true" />
			<param name="ECHO_PREFIX" value="Diagnostic Provider Service" />
			<param name="CONFIG_TYPE" value="DiagnosticProviderService" />
			<param name="TASK_NAME"
			       value="wve_common_configure_dyncluster_template_diagnostic_service_private" />
		</antcall>
	</target>

	<rafwaction name="wve_common_configure_dyncluster_template_error_stream_private"
	            augmentmode="false"
	            comparemode="true"
	            importmode="true"
	            promotemode="true" />
	<target name="wve_common_configure_dyncluster_template_error_stream_private">
		<antcall target="manage_dyncluster_template_config_type">
			<param name="IS_DYN_CLUSTER_TEMPLATE" value="true" />
			<param name="ECHO_PREFIX" value="Error Stream Redirect" />
			<param name="CONFIG_TYPE" value="SERVER.errorStreamRedirect" />
			<param name="TASK_NAME" value="wve_common_configure_dyncluster_template_error_stream_private" />
		</antcall>
	</target>

	<rafwaction name="wve_common_configure_dyncluster_template_ha_service_private"
	            augmentmode="false"
	            comparemode="true"
	            importmode="true"
	            promotemode="true" />
	<target name="wve_common_configure_dyncluster_template_ha_service_private">
		<antcall target="manage_dyncluster_template_config_type">
			<param name="IS_DYN_CLUSTER_TEMPLATE" value="true" />
			<param name="ECHO_PREFIX" value="HA Manager Service" />
			<param name="CONFIG_TYPE" value="HAManagerService" />
			<param name="TASK_NAME"
			       value="wve_common_configure_dyncluster_template_profile_service_private" />
		</antcall>
	</target>

	<rafwaction name="wve_common_configure_dyncluster_template_http_logging_private"
	            augmentmode="false"
	            comparemode="true"
	            importmode="true"
	            promotemode="true" />
	<target name="wve_common_configure_dyncluster_template_http_logging_private">
		<antcall target="manage_dyncluster_template_config_type">
			<param name="IS_DYN_CLUSTER_TEMPLATE" value="true" />
			<param name="ECHO_PREFIX" value="HTTP Access Logging Service" />
			<param name="CONFIG_TYPE" value="HTTPAccessLoggingService" />
			<param name="TASK_NAME" value="wve_common_configure_dyncluster_template_http_logging_private" />
		</antcall>
	</target>

	<rafwaction name="wve_common_configure_dyncluster_template_i18n_service_private"
	            augmentmode="false"
	            comparemode="true"
	            importmode="true"
	            promotemode="true" />
	<target name="wve_common_configure_dyncluster_template_i18n_service_private">
		<antcall target="manage_dyncluster_template_config_type">
			<param name="IS_DYN_CLUSTER_TEMPLATE" value="true" />
			<param name="ECHO_PREFIX" value="I18N Service" />
			<param name="CONFIG_TYPE" value="I18NService" />
			<param name="TASK_NAME" value="wve_common_configure_dyncluster_template_i18n_service_private" />
		</antcall>
	</target>

	<rafwaction name="wve_common_configure_dyncluster_template_java_def_private"
	            augmentmode="false"
	            comparemode="true"
	            importmode="true"
	            promotemode="true" />
	<target name="wve_common_configure_dyncluster_template_java_def_private">
		<antcall target="manage_dyncluster_template_config_type">
			<param name="IS_DYN_CLUSTER_TEMPLATE" value="true" />
			<param name="ECHO_PREFIX" value="Java Process Definition" />
			<param name="CONFIG_TYPE" value="JavaProcessDef" />
			<param name="TASK_NAME" value="wve_common_configure_dyncluster_template_java_def_private" />
		</antcall>
	</target>
	
	<rafwaction name="wve_common_configure_dyncluster_template_jpa_service_private"
	            augmentmode="false"
	            comparemode="true"
	            importmode="true"
	            promotemode="true" />		
	<target name="wve_common_configure_dyncluster_template_jpa_service_private">
		<if>
			<not>
				<or>
					<equals arg1="${WAS_VERSION}" arg2="60" />
					<equals arg1="${WAS_VERSION}" arg2="61" />
				</or>
			</not>
			<then>
				<antcall target="manage_dyncluster_template_config_type">
					<param name="IS_DYN_CLUSTER_TEMPLATE" value="true" />
					<param name="ECHO_PREFIX" value="Java Persistence API Service" />
					<param name="CONFIG_TYPE" value="JavaPersistenceAPIService" />
					<param name="TASK_NAME"
					       value="wve_common_configure_dyncluster_template_jpa_service_private" />
				</antcall>
			</then>
			<else>
				<rafwlog resourcebundle="wve" id="CRWVE0158W"/>
				<rafwlog resourcebundle="wve" id="CRWVE0157W">
					<logarg value="Java Persistence API Service" />
					<logarg value="7" />
				</rafwlog>				
			</else>
		</if>
	</target>
	
	<rafwaction name="wve_common_configure_dyncluster_template_message_listener_service_private"
	            augmentmode="false"
	            comparemode="true"
	            importmode="true"
	            promotemode="true" />
	<target name="wve_common_configure_dyncluster_template_message_listener_service_private">
		<antcall target="manage_dyncluster_template_config_type">
			<param name="IS_DYN_CLUSTER_TEMPLATE" value="true" />
			<param name="ECHO_PREFIX" value="Message Listener Service" />
			<param name="CONFIG_TYPE" value="MessageListenerService" />
			<param name="TASK_NAME"
			       value="wve_common_configure_dyncluster_template_message_listener_service_private" />
		</antcall>
	</target>

	<rafwaction name="wve_common_configure_dyncluster_template_name_server_private"
	            augmentmode="false"
	            comparemode="true"
	            importmode="true"
	            promotemode="true" />
	<target name="wve_common_configure_dyncluster_template_name_server_private">
		<antcall target="manage_dyncluster_template_config_type">
			<param name="IS_DYN_CLUSTER_TEMPLATE" value="true" />
			<param name="ECHO_PREFIX" value="Name Server" />
			<param name="CONFIG_TYPE" value="NameServer" />
			<param name="TASK_NAME" value="wve_common_configure_dyncluster_template_name_server_private" />
		</antcall>
	</target>

	<rafwaction name="wve_common_configure_dyncluster_template_objectpool_service_private"
	            augmentmode="false"
	            comparemode="true"
	            importmode="true"
	            promotemode="true" />		
	<target name="wve_common_configure_dyncluster_template_objectpool_service_private">
		<antcall target="manage_dyncluster_template_config_type">
			<param name="IS_DYN_CLUSTER_TEMPLATE" value="true" />
			<param name="ECHO_PREFIX" value="Object Pool Service" />
			<param name="CONFIG_TYPE" value="ObjectPoolService" />
			<param name="TASK_NAME"
			       value="wve_common_configure_dyncluster_template_objectpool_service_private" />
		</antcall>
	</target>

	<rafwaction name="wve_common_configure_dyncluster_template_orb_private"
	            augmentmode="false"
	            comparemode="true"
	            importmode="true"
	            promotemode="true" />
	<target name="wve_common_configure_dyncluster_template_orb_private">
		<antcall target="manage_dyncluster_template_config_type">
			<param name="IS_DYN_CLUSTER_TEMPLATE" value="true" />
			<param name="ECHO_PREFIX" value="Object Request Broker" />
			<param name="CONFIG_TYPE" value="ObjectRequestBroker" />
			<param name="TASK_NAME" value="wve_common_configure_dyncluster_template_orb_private" />
		</antcall>
	</target>

	<rafwaction name="wve_common_configure_dyncluster_template_output_stream_private"
	            augmentmode="false"
	            comparemode="true"
	            importmode="true"
	            promotemode="true" />
	<target name="wve_common_configure_dyncluster_template_output_stream_private">
		<antcall target="manage_dyncluster_template_config_type">
			<param name="IS_DYN_CLUSTER_TEMPLATE" value="true" />
			<param name="ECHO_PREFIX" value="Output Stream Redirect" />
			<param name="CONFIG_TYPE" value="SERVER.outputStreamRedirect" />
			<param name="TASK_NAME"
			       value="wve_common_configure_dyncluster_template_output_stream_private" />
		</antcall>
	</target>

	<rafwaction name="wve_common_configure_dyncluster_template_pmi_service_private"
	            augmentmode="false"
	            comparemode="true"
	            importmode="true"
	            promotemode="true" />
	<target name="wve_common_configure_dyncluster_template_pmi_service_private">
		<antcall target="manage_dyncluster_template_config_type">
			<param name="IS_DYN_CLUSTER_TEMPLATE" value="true" />
			<param name="ECHO_PREFIX" value="PMI Service" />
			<param name="CONFIG_TYPE" value="PMIService" />
			<param name="TASK_NAME" value="wve_common_configure_dyncluster_template_pmi_service_private" />
		</antcall>
	</target>

	<rafwaction name="wve_common_configure_dyncluster_template_profile_service_private"
	            augmentmode="false"
	            comparemode="true"
	            importmode="true"
	            promotemode="true" />
	<target name="wve_common_configure_dyncluster_template_profile_service_private">
		<antcall target="manage_dyncluster_template_config_type">
			<param name="IS_DYN_CLUSTER_TEMPLATE" value="true" />
			<param name="ECHO_PREFIX" value="Application Profile Service" />
			<param name="CONFIG_TYPE" value="ApplicationProfileService" />
			<param name="TASK_NAME"
			       value="wve_common_configure_dyncluster_template_profile_service_private" />
		</antcall>
	</target>

	<rafwaction name="wve_common_configure_dyncluster_template_ras_service_private"
	            augmentmode="false"
	            comparemode="true"
	            importmode="true"
	            promotemode="true" />
	<target name="wve_common_configure_dyncluster_template_ras_service_private">
		<antcall target="manage_dyncluster_template_config_type">
			<param name="IS_DYN_CLUSTER_TEMPLATE" value="true" />
			<param name="ECHO_PREFIX" value="RAS Logging Service" />
			<param name="CONFIG_TYPE" value="RASLoggingService" />
			<param name="TASK_NAME" value="wve_common_configure_dyncluster_template_ras_service_private" />
		</antcall>
	</target>

	<rafwaction name="wve_common_configure_dyncluster_template_sib_service_private"
	            augmentmode="false"
	            comparemode="true"
	            importmode="true"
	            promotemode="true" />
	<target name="wve_common_configure_dyncluster_template_sib_service_private">
		<antcall target="manage_dyncluster_template_config_type">
			<param name="IS_DYN_CLUSTER_TEMPLATE" value="true" />
			<param name="ECHO_PREFIX" value="SIB Service" />
			<param name="CONFIG_TYPE" value="SIBService" />
			<param name="TASK_NAME" value="wve_common_configure_dyncluster_template_sib_service_private" />
		</antcall>
	</target>
	
	<rafwaction name="wve_common_configure_dyncluster_template_startupbeans_service_private"
	            augmentmode="false"
	            comparemode="true"
	            importmode="true"
	            promotemode="true" />		
	<target name="wve_common_configure_dyncluster_template_startupbeans_service_private">
		<antcall target="manage_dyncluster_template_config_type">
			<param name="IS_DYN_CLUSTER_TEMPLATE" value="true" />
			<param name="ECHO_PREFIX" value="Startup Beans Service" />
			<param name="CONFIG_TYPE" value="StartupBeansService" />
			<param name="TASK_NAME"
			       value="wve_common_configure_dyncluster_template_startupbeans_service_private" />
		</antcall>
	</target>

	<rafwaction name="wve_common_configure_dyncluster_template_stats_provider_private"
	            augmentmode="false"
	            comparemode="true"
	            importmode="true"
	            promotemode="true" />
	<target name="wve_common_configure_dyncluster_template_stats_provider_private">
		<antcall target="manage_dyncluster_template_config_type">
			<param name="IS_DYN_CLUSTER_TEMPLATE" value="true" />
			<param name="ECHO_PREFIX" value="Statistics Provider" />
			<param name="CONFIG_TYPE" value="StatisticsProvider" />
			<param name="TASK_NAME"
			       value="wve_common_configure_dyncluster_template_stats_provider_private" />
		</antcall>
	</target>

	<rafwaction name="wve_common_configure_dyncluster_template_thread_pool_private"
	            augmentmode="false"
	            comparemode="true"
	            importmode="true"
	            promotemode="true" />
	<target name="wve_common_configure_dyncluster_template_thread_pool_private">
		<antcall target="manage_dyncluster_template_config_type">
			<param name="IS_DYN_CLUSTER_TEMPLATE" value="true" />
			<param name="ECHO_PREFIX" value="Thread Pool Manager" />
			<param name="CONFIG_TYPE" value="ThreadPoolManager" />
			<param name="TASK_NAME" value="wve_common_configure_dyncluster_template_thread_pool_private" />
		</antcall>
	</target>

	<rafwaction name="wve_common_configure_dyncluster_template_trace_service_private"
	            augmentmode="false"
	            comparemode="true"
	            importmode="true"
	            promotemode="true" />
	<target name="wve_common_configure_dyncluster_template_trace_service_private">
		<antcall target="manage_dyncluster_template_config_type">
			<param name="IS_DYN_CLUSTER_TEMPLATE" value="true" />
			<param name="ECHO_PREFIX" value="Trace Service" />
			<param name="CONFIG_TYPE" value="TraceService" />
			<param name="TASK_NAME"
			       value="wve_common_configure_dyncluster_template_trace_service_private" />
		</antcall>
	</target>

	<rafwaction name="wve_common_configure_dyncluster_template_tpv_service_private"
	            augmentmode="false"
	            comparemode="true"
	            importmode="true"
	            promotemode="true" />
	<target name="wve_common_configure_dyncluster_template_tpv_service_private">
		<antcall target="manage_dyncluster_template_config_type">
			<param name="IS_DYN_CLUSTER_TEMPLATE" value="true" />
			<param name="ECHO_PREFIX" value="TPV Service" />
			<param name="CONFIG_TYPE" value="TPVService" />
			<param name="TASK_NAME" value="wve_common_configure_dyncluster_template_tpv_service_private" />
		</antcall>
	</target>

	<rafwaction name="wve_common_configure_dyncluster_template_tx_chains_private"
	            augmentmode="false"
	            comparemode="true"
	            importmode="true"
	            promotemode="true" />
	<target name="wve_common_configure_dyncluster_template_tx_chains_private">
		<antcall target="manage_dyncluster_template_config_type">
			<param name="IS_DYN_CLUSTER_TEMPLATE" value="true" />
			<param name="ECHO_PREFIX" value="server transport chains" />
			<param name="CONFIG_TYPE" value="TransportChannelService" />
			<param name="TASK_NAME" value="wve_common_configure_dyncluster_template_tx_chains_private" />
		</antcall>
	</target>

	<rafwaction name="wve_common_configure_dyncluster_template_workarea_service_private"
	            augmentmode="false"
	            comparemode="true"
	            importmode="true"
	            promotemode="true" />		
	<target name="wve_common_configure_dyncluster_template_workarea_service_private">
		<antcall target="manage_dyncluster_template_config_type">
			<param name="IS_DYN_CLUSTER_TEMPLATE" value="true" />
			<param name="ECHO_PREFIX" value="WorkArea Service" />
			<param name="CONFIG_TYPE" value="WorkAreaService" />
			<param name="TASK_NAME"
			       value="wve_common_configure_dyncluster_template_workarea_service_private" />
		</antcall>
	</target>

	<target name="manage_dyncluster_template_config_type" depends="scope_init">
		<if>
			<isset property="IS_DYN_CLUSTER_TEMPLATE" />
			<then>
				<property name="TEMPLATE_FILE" value="serverTemplate" />
				<property name="SCRIPT_FILE"
				          value="${RAFW_HOME}/product/actions/configure/wve/common/nd/cluster/scripts/dynclusterTemplate.py" />
			</then>
			<else>
				<property name="TEMPLATE_FILE" value="server" />
				<property name="SCRIPT_FILE" value="${WAS_COMMON_SCRIPTS}/manageServer.py" />
			</else>
		</if>

		<setdatafile resourcefile="${TEMPLATE_FILE}" />
		<antcall target="assert_file">
			<param name="FILE" value="${DATA_FILE}" />
		</antcall>
		<if>
			<equals arg1="${SCOPE}" arg2="cell" />
			<then>
				<var name="SCOPE_NAME" unset="true" />
				<property name="SCOPE_NAME" value="cell" />
			</then>
			<elseif>
				<equals arg1="${SCOPE}" arg2="node" />
				<then>
					<var name="SCOPE_NAME" unset="true" />
					<property name="SCOPE_NAME" value="node" />
				</then>
			</elseif>
		</if>
		<rafwlog id="CRWWP1094I" resourcebundle="wve">
					<logarg value="${MODE}" />
					<logarg value="${ECHO_PREFIX}" />
					<logarg value="${SCOPE}" />
		</rafwlog>
		<cfgcallwsadmin target="${TASK_NAME}"
		                datamarker="${CONFIG_TYPE}"
		                script="${SCRIPT_FILE}"
		                extraargs="-config_type ${CONFIG_TYPE}" />
	</target>
</project>