<?xml version="1.0" encoding="UTF-8"?>

<!-- 
====================================================================== 
Licensed Materials - Property of IBM Corp. 
IBM Middleware Configuration for WebSphere 
(c) Copyright IBM Corporation 2003, 2013. All Rights Reserved.   

U.S. Government Users Restricted Rights - Use, duplication or disclosure restricted by 
GSA ADP Schedule Contract with IBM Corp. 


File name: configure_was_base_since_85.xml

Contains configuration actions available at node scope since WAS 8.5
====================================================================== 
-->

<project default="default" basedir=".">
	<description>
		Contains configuration actions available at node scope since WAS 8.5
	</description>

	<!-- import custom targets  -->
	<import file="${RAFW_HOME}/user/actions/configure/was/common/base/custom_configure_was_base_since_85.xml" />

	<!-- Import wve common server-scope configure targets  -->
	<import file="${RAFW_HOME}/product/actions/configure/wve/common/base/server/configure_wve_common_base_server_private.xml" />

	<!-- Import wve common node-scope configure targets  -->
	<import file="${RAFW_HOME}/product/actions/configure/wve/common/base/configure_wve_common_base_private.xml" />

	<rafwaction name="was_common_configure_work_classes">
		<inherit name="wve_common_configure_work_classes_private" />
	</rafwaction>
	<target name="was_common_configure_work_classes"
	        depends="wve_common_configure_work_classes_private"
	        description="Manages WAS Work Classes">
	</target>

</project>
