<?xml version="1.0" encoding="UTF-8"?>
<!--
 Licensed Materials - Property of IBM
 5748-XX8
 (C) Copyright IBM Corp. 2013 All Rights Reserved
 US Government Users Restricted Rights - Use, duplication or
 disclosure restricted by GSA ADP Schedule Contract with
 IBM Corp.
-->
<pluginInfo> 
  <author name="IBM">
    <organization>IBM</organization>
    <website>http://www.ibm.com</website>
  </author>
  
  <integration type="Automation"/>
  
  <tool-description>The IBM Worklight plug-in provides functionality for deploying artifacts to an IBM Worklight Server.</tool-description>
  
  <!-- Do not change the release-version, the build process injects it. -->
  <release-version>2.461404</release-version>  
    
  <release-notes>
    <release-note plugin-version="1">
      This plug-in provides access to the steps that are required to integrate with IBM Worklight Server 6.0.0.
    </release-note>
    <release-note plugin-version="2">
      Adds the ability to set the location of the Worklight JAR files as properties in the process steps.
    </release-note>
  </release-notes>
</pluginInfo>
