<?xml version="1.0" encoding="UTF-8"?>
<plugin-upgrade
        xmlns="http://www.urbancode.com/UpgradeXMLSchema_v1"
        xmlns:xsi="http://www.w3.org/2001/XMLSchema-instance">

  <migrate to-version="2">
    <migrate-command name="Remove Application from Application Center">
      <migrate-properties>
        <migrate-property name="appCenterJar" default="${PLUGIN_HOME}/lib/applicationcenterdeploytool.jar" />
        <migrate-property name="json4jJar" default="${PLUGIN_HOME}/lib/json4j.jar" />
      </migrate-properties>
    </migrate-command>
    
    <migrate-command name="Deploy Adapter to Worklight Server">
      <migrate-properties>
        <migrate-property name="worklightAntJar" default="${PLUGIN_HOME}/lib/worklight-ant.jar" />
      </migrate-properties>
    </migrate-command>
    
    <migrate-command name="Deploy Worklight Application to Worklight Server" old="Deploy Hybrid Application to Worklight Server">
      <migrate-properties>
        <migrate-property name="worklightAntJar" default="${PLUGIN_HOME}/lib/worklight-ant.jar" />
      </migrate-properties>
    </migrate-command>
    
    <migrate-command name="Upload Application to Application Center">
      <migrate-properties>
        <migrate-property name="appCenterJar" default="${PLUGIN_HOME}/lib/applicationcenterdeploytool.jar" />
        <migrate-property name="json4jJar" default="${PLUGIN_HOME}/lib/json4j.jar" />
      </migrate-properties>
    </migrate-command>
  </migrate>
  
</plugin-upgrade>