<?xml version="1.0" encoding="UTF-8"?>

<!-- 
====================================================================== 
Licensed Materials - Property of IBM Corp. 
IBM Middleware Configuration for WebSphere 
(c) Copyright IBM Corporation 2003, 2013. All Rights Reserved.   

U.S. Government Users Restricted Rights - Use, duplication or disclosure restricted by 
GSA ADP Schedule Contract with IBM Corp. 



File name: configure_was_base_since_70.xml     

This file contains actions that are available at node scope only.
These actions support features which were added in WAS7.0
The actions apply to WAS7.0 and higher.

====================================================================== 
-->

<project default="default" basedir=".">
	<description>
	  Contains actions that are available at node scope (node, server).
	  These actions support features which were added in WAS7.0 and apply to WAS7.0 and higher.
	</description>

	<rafwaction name="was_common_configure_add_node_include_apps_and_buses" />
	<target name="was_common_configure_add_node_include_apps_and_buses"
	        depends="was_init"
	        description="Federates a WAS node to a cell w/ apps and buses">
		<add_node args="-includeapps -includebuses" />
	</target>

	<rafwaction name="was_common_configure_register_base_node_with_admin_agent" />
	<target name="was_common_configure_register_base_node_with_admin_agent"
	        description="Register base node with Administrative Agent"
	        depends="only_execute,was_init">
		<!-- include required variables -->
		<if>
			<available file="${NODE_HOME}/register_base_node_with_admin_agent.properties" />
			<then>

				<property file="${NODE_HOME}/register_base_node_with_admin_agent.properties" />
				<if>
					<equals arg1="${WAS_USERNAME}" arg2="" />
					<then>
						<var name="EXTRA_ARGS"
						     value='-profilePath "${WAS_PROF_HOME}" -host ${ADMIN_AGENT_HOST_NAME}' />
					</then>
					<else>
						<var name="EXTRA_ARGS"
						     value='-profilePath "${WAS_PROF_HOME}" -host ${ADMIN_AGENT_HOST_NAME} -username ${WAS_USERNAME} -password ${WAS_PASSWORD}' />
					</else>
				</if>
				<property name="REGISTERNODE"
				          location="${ADMIN_AGENT_WAS_PROF_HOME}/bin/registerNode${SCRIPT_EXT}" />

				<antcall target="execute">
					<param name="EXECUTABLE" value="${REGISTERNODE}" />
					<param name="ARGS" value="${EXTRA_ARGS}" />
					<param name="FAILONERROR" value="true" />
					<!-- fail if startManager cannot be found -->
					<param name="FAILIFEXECUTIONFAILS" value="true" />
				</antcall>
			</then>
			<else>

				<rafwlog id="CRWWA3016I" resourcebundle="was">
					<logarg value="${NODE_HOME}/register_base_node_with_admin_agent.properties" />
				</rafwlog>
			</else>
		</if>

	</target>

	<rafwaction name="was_common_configure_deregister_base_node_with_admin_agent" />
	<target name="was_common_configure_deregister_base_node_with_admin_agent"
	        description="Deregister base node with Administrative Agent"
	        depends="only_execute,was_init">
		<!-- include required variables -->
		<if>
			<available file="${NODE_HOME}/register_base_node_with_admin_agent.properties" />
			<then>

				<property file="${NODE_HOME}/register_base_node_with_admin_agent.properties" />
				<if>
					<equals arg1="${WAS_USERNAME}" arg2="" />
					<then>
						<var name="EXTRA_ARGS"
						     value='-profilePath "${WAS_PROF_HOME}" -host ${ADMIN_AGENT_HOST_NAME}' />
					</then>
					<else>
						<var name="EXTRA_ARGS"
						     value='-profilePath "${WAS_PROF_HOME}" -host ${ADMIN_AGENT_HOST_NAME} -username ${WAS_USERNAME} -password ${WAS_PASSWORD}' />
					</else>
				</if>
				<property name="DEREGISTERNODE"
				          location="${ADMIN_AGENT_WAS_PROF_HOME}/bin/deregisterNode${SCRIPT_EXT}" />

				<antcall target="execute">
					<param name="EXECUTABLE" value="${DEREGISTERNODE}" />
					<param name="ARGS" value="${EXTRA_ARGS}" />
					<param name="FAILONERROR" value="true" />
					<!-- fail if startManager cannot be found -->
					<param name="FAILIFEXECUTIONFAILS" value="true" />
				</antcall>
			</then>
			<else>

				<rafwlog id="CRWWA3016I" resourcebundle="was">
					<logarg value="${NODE_HOME}/register_base_node_with_admin_agent.properties" />
				</rafwlog>
			</else>
		</if>

	</target>

	<rafwaction name="was_common_configure_generate_plugin_config_xml" />
	<target name="was_common_configure_generate_plugin_config_xml"
	        description="Generates plugin-cfg.xml for specified server on the node."
	        depends="only_execute,was_init">

		<property name="GENPLUGINCFGTOOL" location="${WAS_PROF_HOME}/bin/GenPluginCfg${SCRIPT_EXT}" />

		<antcall target="execute">
			<param name="EXECUTABLE" value="${GENPLUGINCFGTOOL}" />
			<!-- -cell.name will be picked up by the WAS_CELL variable -->
			<param name="ARGS" value="-node.name ${NODE_NAME} -server.name ${LOAD_BALANCE_SERVERS_ON_NODE}" />
			<param name="FAILONERROR" value="true" />
			<param name="FAILIFEXECUTIONFAILS" value="true" />
		</antcall>

	</target>

	<rafwaction name="was_common_configure_start_managed_node_profile" />
	<target name="was_common_configure_start_managed_node_profile"
	        depends="was_common_configure_start_server1"
	        description="Start the admin agent managed node">
	</target>

	<rafwaction name="was_common_configure_stop_managed_node_profile" />
	<target name="was_common_configure_stop_managed_node_profile"
	        depends="was_common_configure_stop_server1"
	        description="Stop the admin agent managed node">
	</target>


</project>
