<?xml version="1.0" encoding="UTF-8"?><!--
- Licensed Materials - Property of IBM Corp.
- IBM UrbanCode Build
- IBM UrbanCode Deploy
- IBM UrbanCode Release
- IBM AnthillPro
- (c) Copyright IBM Corporation 2002, 2015. All Rights Reserved.
-
- U.S. Government Users Restricted Rights - Use, duplication or disclosure restricted by
- GSA ADP Schedule Contract with IBM Corp.
--><!--
 Licensed Materials - Property of IBM
 5748-XX8
 (C) Copyright IBM Corp. 2013, 2014 All Rights Reserved
 US Government Users Restricted Rights - Use, duplication or
 disclosure restricted by GSA ADP Schedule Contract with
 IBM Corp.
--><pluginInfo>
  <author name="IBM">
    <organization>IBM</organization>
    <website>http://www.ibm.com</website>
  </author>

  <integration type="Automation"/>

  <tool-description>The IBM Worklight plug-in provides functionality for deploying artifacts to an IBM Worklight Server.</tool-description>

  <!-- Do not change the release-version, the build process injects it. -->
  <release-version>7.753780</release-version>

  <release-notes>
    <release-note plugin-version="1">
      This plug-in provides access to the steps that are required to integrate with IBM Worklight Server 6.0.0.
    </release-note>
    <release-note plugin-version="2">
      Adds the ability to set the location of the Worklight JAR files as properties in the process steps.
    </release-note>
    <release-note plugin-version="3">
      Adds the ability to set the login information so that adapters and Worklight Applications can be deployed to a secure Worklight Server.
    </release-note>
    <release-note plugin-version="4">
      Adds support for integrating with IBM Worklight Server 6.2.0. Including steps for
      deleting adapters and Worklight Applications, and changing Worklight application
      access rules.
    </release-note>
    <release-note plugin-version="5">
      Fixes APAR PI35342 - compatibility defect with IBM Urbancode Deploy version 6.1.0.4 and later.
    </release-note>
    <release-note plugin-version="6">
      Now supporting MobileFirst (formerly "Worklight") versions 6.3 up to 7.1 (inclusive).
    </release-note>
    <release-note plugin-version="7">
      The "Deploy Adapter to Worklight Server" and "Deploy Worklight Application to Worklight Server" steps now except multiple files.

    </release-note>
  </release-notes>
</pluginInfo>