<?xml version="1.0" encoding="UTF-8"?>
<plugin-upgrade
	xmlns="http://www.urbancode.com/UpgradeXMLSchema_v1"
	xmlns:xsi="http://www.w3.org/2001/XMLSchema-instance">


	<migrate to-version="2">
		<migrate-command
			name="Manage configuration"
			old="Configure all" >
		<migrate-properties>
			<migrate-property name="MODE" />
		</migrate-properties>
		</migrate-command>
	</migrate>

	<migrate to-version="4">
		<migrate-command
			name="Generate Template">
		</migrate-command>
		<migrate-command
			name="Manage configuration">
		</migrate-command>
		<migrate-command
			name="Manage server configuration">
		</migrate-command>
		<migrate-command
			name="Compare configuration">
		</migrate-command>
		<migrate-command
			name="Compare server configuration">
		</migrate-command>
		<migrate-command
			name="Generate configuration">
		</migrate-command>
	</migrate>
	
	<migrate to-version="5">
		<migrate-command
			name="Generate Template">
		</migrate-command>
		<migrate-command
			name="Manage configuration">
		</migrate-command>
		<migrate-command
			name="Manage server configuration">
		</migrate-command>
		<migrate-command
			name="Compare configuration">
		</migrate-command>
		<migrate-command
			name="Compare server configuration">
		</migrate-command>
		<migrate-command
			name="Generate configuration">
		</migrate-command>
	</migrate>
	
		
	<migrate to-version="6">
		<migrate-command
			name="Generate Template">
		</migrate-command>
		<migrate-command
			name="Manage Configuration"
			old="Manage configuration" >
		</migrate-command>
		<migrate-command
			name="Manage Server Configuration"
			old="Manage server configuration">
		</migrate-command>
		<migrate-command
			name="Compare Configuration"
			old="Compare configuration">
		</migrate-command>
		<migrate-command
			name="Compare Server Configuration"
			old="Compare server configuration">
		</migrate-command>
		<migrate-command
			name="Generate Configuration"
			old="Generate configuration">
		</migrate-command>
	</migrate>

</plugin-upgrade>