<?xml version="1.0" encoding="UTF-8"?>

<!--
====================================================================== 
Licensed Materials - Property of IBM Corp. 
IBM Middleware Configuration for WebSphere 
(c) Copyright IBM Corporation 2003, 2013. All Rights Reserved.   

U.S. Government Users Restricted Rights - Use, duplication or disclosure restricted by 
GSA ADP Schedule Contract with IBM Corp. 


File name: configure_wp_common.xml

This is the  WP common configuration build file.
====================================================================== 
-->

<project default="default" basedir=".">
	<description>
	Contains various configuration tasks for common WP actions
	</description>

	<!-- Include general configuration  properties -->
	<property name="CONFIGURE_PROPERTIES"
	          value="${RAFW_HOME}/user/environments/${ENV_NAME}/cells/${CELL_NAME}/nodes/${NODE_NAME}/configure.properties" />
	<property file="${CONFIGURE_PROPERTIES}" />

	<!-- Include CELL configuration  properties -->
	<property name="CELL_PROPERTIES"
	          value="${RAFW_HOME}/user/environments/${ENV_NAME}/cells/${CELL_NAME}/configure.properties" />
	<property file="${CELL_PROPERTIES}" />


	<!-- Include install properties -->
	<property name="INSTALL_PROPERTIES"
	          value="${RAFW_HOME}/user/environments/${ENV_NAME}/cells/${CELL_NAME}/nodes/${NODE_NAME}/install.properties" />
	<property file="${INSTALL_PROPERTIES}" />

	<!-- import the was custom configure targets -->
	<import file="${RAFW_HOME}/user/actions/configure/wp/common/custom_configure_wp_common.xml" />

	<!-- import the wp incubator configure targets -->
	<import file="${RAFW_HOME}/incubator/actions/configure/wp/common/incubator_configure_wp_common.xml" />

	<!-- Include WAS base targets -->
	<import file="${RAFW_HOME}/product/actions/configure/was/common/base/configure_was_common_base.xml" />

	<!-- import RAFW library -->
	<import file="${RAFW_HOME}/product/lib/RAFW_lib.xml" />

	<!--
	=================================================================
	wp_common_configure_call_portal_config - is a common target for making WPSconfig 
	and ConfigEngine calls for portal. This target should be 
	called via <antcall> with the following required params.

	required params:
	TASK - name of the task needing to be run in WPSconfig
	SAVE_PARENT - true or false indicated need to save parent properties
	to wpconfig.properties or 

	optional params:
	ARGS - line of arguments that need to be passed to WPSconfig
	may include references to helper files etc
	=================================================================
	-->
	<target name="wp_common_configure_call_portal_config" depends="was_init">
		<if>
			<preview />
			<then>
				<if>
					<equals arg1="${WP_VERSION}" arg2="60" />
					<then>
						<echo message="${WP_HOME}/config/WPSconfig${SCRIPT_EXT} -DSaveParentProperties=${SAVE_PARENT} ${ARGS} ${TASK} -DWasPassword=${WAS_PASSWORD} -DPortalAdminPwd=${WP_PASSWORD}" />
					</then>
					<else>
						<echo message="${WAS_PROF_HOME}/ConfigEngine/ConfigEngine${SCRIPT_EXT} -DSaveParentProperties=${SAVE_PARENT} ${ARGS} ${TASK} -DWasPassword=${WAS_PASSWORD} -DPortalAdminPwd=${WP_PASSWORD}" />
					</else>
				</if>
			</then>
			<else>
				<if>
					<equals arg1="${WP_VERSION}" arg2="60" />
					<then>
						<if>
							<isset property="ARGS" />
							<then>
								<exec executable="${WP_HOME}/config/WPSconfig${SCRIPT_EXT}"
								      failonerror="true">
									<arg line="-DSaveParentProperties=${SAVE_PARENT} ${ARGS} ${TASK}
								-DWasPassword=${WAS_PASSWORD} -DPortalAdminPwd=${WP_PASSWORD}" />
								</exec>
							</then>
							<else>
								<exec executable="${WP_HOME}/config/WPSconfig${SCRIPT_EXT}"
								      failonerror="true">
									<arg line="${TASK} -DWasPassword=${WAS_PASSWORD} -DPortalAdminPwd=${WP_PASSWORD}" />
								</exec>
							</else>
						</if>
					</then>
					<else>
						<if>
							<isset property="ARGS" />
							<then>
								<exec executable="${WAS_PROF_HOME}/ConfigEngine/ConfigEngine${SCRIPT_EXT}"
								      failonerror="true">
									<arg line="-DSaveParentProperties=${SAVE_PARENT} ${ARGS} ${TASK}
									-DWasPassword=${WAS_PASSWORD} -DPortalAdminPwd=${WP_PASSWORD}" />
								</exec>
							</then>
							<else>
								<exec executable="${WAS_PROF_HOME}/ConfigEngine/ConfigEngine${SCRIPT_EXT}"
								      failonerror="true">
									<arg line="${TASK} -DWasPassword=${WAS_PASSWORD} -DPortalAdminPwd=${WP_PASSWORD}" />
								</exec>
							</else>
						</if>
					</else>
				</if>
			</else>
		</if>
	</target>

	<target name="wp_common_configure_database_transfer"
	        depends="only_execute"
	        description="Configure WP to use a configuration database">
		<antcall target="wp_common_configure_call_portal_config">
			<param name="TASK" value="database-transfer" />
			<param name="ARGS" value="-DparentProperties=${DB_PROPERTIES}" />
			<param name="SAVE_PARENT" value="true" />
		</antcall>
	</target>

	<target name="wp_common_configure_write_db_helper_properties"
	        depends="only_execute"
	        description="Writes the portal db helper properties to wpconfig.properties">
		<antcall target="wp_common_configure_call_portal_config">
			<param name="TASK" value="validate-database" />
			<param name="ARGS" value="-DparentProperties=${DB_PROPERTIES}" />
			<param name="SAVE_PARENT" value="true" />
		</antcall>
	</target>

	<target name="wp_common_configure_validate_database"
	        description="Validates the database users"
	        depends="only_execute">
		<antcall target="wp_common_configure_validate_database_driver" />
		<if>
			<equals arg1="${WP_VERSION}" arg2="60" />
			<then>
				<antcall target="wp_common_configure_validate_database_connection_wps" />
				<antcall target="wp_common_configure_validate_database_connection_jcr" />
				<antcall target="wp_common_configure_validate_database_connection_feedback" />
				<antcall target="wp_common_configure_validate_database_connection_likeminds" />
				<antcall target="wp_common_configure_validate_database_connection_wmm" />
			</then>
			<else>
				<antcall target="wp_common_configure_validate_database_connection" />
			</else>
		</if>
	</target>

	<target name="wp_common_configure_validate_database_connection">
		<antcall target="wp_common_configure_call_portal_config">
			<param name="TASK" value="validate-database-connection" />
			<param name="ARGS" value="-DparentProperties=${DB_PROPERTIES}" />
			<param name="SAVE_PARENT" value="false" />
		</antcall>
	</target>

	<target name="wp_common_configure_validate_database_connection_wps">
		<antcall target="wp_common_configure_call_portal_config">
			<param name="TASK" value="validate-database-connection-wps" />
			<param name="ARGS" value="-DparentProperties=${DB_PROPERTIES}" />
			<param name="SAVE_PARENT" value="false" />
		</antcall>
	</target>

	<target name="wp_common_configure_validate_database_connection_jcr">
		<antcall target="wp_common_configure_call_portal_config">
			<param name="TASK" value="validate-database-connection-jcr" />
			<param name="ARGS" value="-DparentProperties=${DB_PROPERTIES}" />
			<param name="SAVE_PARENT" value="false" />
		</antcall>
	</target>

	<target name="wp_common_configure_validate_database_connection_feedback">
		<antcall target="wp_common_configure_call_portal_config">
			<param name="TASK" value="validate-database-connection-feedback" />
			<param name="ARGS" value="-DparentProperties=${DB_PROPERTIES}" />
			<param name="SAVE_PARENT" value="false" />
		</antcall>
	</target>

	<target name="wp_common_configure_validate_database_connection_wmm">
		<antcall target="wp_common_configure_call_portal_config">
			<param name="TASK" value="validate-database-connection-wmm" />
			<param name="ARGS" value="-DparentProperties=${DB_PROPERTIES}" />
			<param name="SAVE_PARENT" value="false" />
		</antcall>
	</target>

	<target name="wp_common_configure_validate_database_connection_likeminds">
		<antcall target="wp_common_configure_call_portal_config">
			<param name="TASK" value="validate-database-connection-likeminds" />
			<param name="ARGS" value="-DparentProperties=${DB_PROPERTIES}" />
			<param name="SAVE_PARENT" value="false" />
		</antcall>
	</target>

	<target name="wp_common_configure_validate_database_driver">
		<antcall target="wp_common_configure_call_portal_config">
			<param name="TASK" value="validate-database-driver" />
			<param name="ARGS" value="-DparentProperties=${DB_PROPERTIES}" />
			<param name="SAVE_PARENT" value="false" />
		</antcall>
	</target>

	<target name="wp_common_configure_write_ldap_helper_properties"
	        depends="only_execute"
	        description="Writes the LDAP help file properties to the wpconfig.properties">
		<if>
			<equals arg1="${WP_VERSION}" arg2="60" />
			<then>
				<property name="TASK" value="validate-ldap" />
			</then>
			<else>
				<property name="TASK" value="validate-standalone-ldap" />
			</else>
		</if>
		<antcall target="wp_common_configure_call_portal_config">
			<param name="TASK" value="${TASK}" />
			<param name="ARGS" value="-DparentProperties=${LDAP_PROPERTIES}" />
			<param name="SAVE_PARENT" value="true" />
		</antcall>
	</target>

	<target name="wp_common_configure_validate_ldap"
	        depends="only_execute"
	        description="Validate properties needed to use LDAP">
		<if>
			<equals arg1="${WP_VERSION}" arg2="60" />
			<then>
				<property name="TASK" value="validate-ldap" />
			</then>
			<else>
				<property name="TASK" value="validate-standalone-ldap" />
			</else>
		</if>
		<antcall target="wp_common_configure_call_portal_config">
			<param name="TASK" value="${TASK}" />
			<param name="ARGS" value="-DparentProperties=${LDAP_PROPERTIES}" />
			<param name="SAVE_PARENT" value="false" />
		</antcall>
	</target>

	<target name="wp_common_configure_empty_portal"
	        depends="only_execute"
	        description="Empty portal pages and portlets">
		<if>
			<equals arg1="${WP_VERSION}" arg2="60" />
			<then>
				<property name="EMPTY_PORTAL_TASK" value="action-empty-portal" />
			</then>
			<else>
				<property name="EMPTY_PORTAL_TASK" value="empty-portal" />
			</else>
		</if>
		<antcall target="wp_common_configure_call_portal_config">
			<param name="TASK" value="${EMPTY_PORTAL_TASK}" />
			<param name="SAVE_PARENT" value="false" />
		</antcall>
	</target>

	<target name="wp_common_configure_activate_portlets"
	        description="Activates the portlets"
	        depends="only_execute">
		<antcall target="wp_common_configure_call_portal_config">
			<param name="TASK" value="activate-portlets" />
			<param name="SAVE_PARENT" value="false" />
		</antcall>
	</target>

	<target name="wp_common_configure_wcm_authoring"
	        depends="only_execute"
	        description="Configures the WCM authoring portlets">
		<antcall target="wp_common_configure_call_portal_config">
			<param name="ARGS" value="-DparentProperties=${WCM_PROPERTIES}" />
			<param name="TASK" value="configure-wcm-authoring" />
			<param name="SAVE_PARENT" value="true" />
		</antcall>
	</target>

	<target name="wp_common_configure_init" depends="promote_wp_source_common_init">
		<wp_set_configuration_src_dir property="WP_COMMON_HOME_DIR" />
	</target>

	<rafwaction name="wp_common_configure_create_virtual_portals" promotemode="true" />
	<target name="wp_common_configure_create_virtual_portals"
	        depends="wp_common_configure_init"
	        description="Creates all the Virtual Portals">
		<!-- Include Virtual Portals properties -->
		<if>
			<equals arg1="${MODE}" arg2="promote" />
			<then>
				<property file="${SOURCE_WP_COMMON_HOME_DIR}/virtualportal/configure.properties" />
				<assertpropertyset property="VIRTUAL_PORTALS" />
				<!-- update the VIRTUAL_PORTALS property to match the source value -->
				<if>
					<preview />
					<then>
						<rafwlog id="CRWWP1017I" resourcebundle="wp">
								<logarg value=" ${WP_COMMON_HOME_DIR}/virtualportal/configure.properties" />
								<logarg value=" ${VIRTUAL_PORTALS}" />
						</rafwlog>
					</then>
					<else>
						<touch file="${WP_COMMON_HOME_DIR}/virtualportal/configure.properties" />
						<propertyeditor file="${WP_COMMON_HOME_DIR}/virtualportal/configure.properties">
							<setproperty key="VIRTUAL_PORTALS" value="${VIRTUAL_PORTALS}" />
						</propertyeditor>
					</else>
				</if>
			</then>
			<else>
				<property file="${WP_COMMON_HOME_DIR}/virtualportal/configure.properties" />
				<assertpropertyset property="VIRTUAL_PORTALS" />
			</else>
		</if>
		<rafwlog id="CRWWP1018I" resourcebundle="wp">
			<logarg value=" ${MODE}" />
			<logarg value=" ${VIRTUAL_PORTALS}" />
		</rafwlog>
		<var name="VIRTUAL_PORTAL" unset="true" />
		<for list="${VIRTUAL_PORTALS}" param="VP">
			<sequential>
				<echo>@{VP}</echo>
				<antcall target="wp_common_configure_create_virtual_portal">
					<param name="VIRTUAL_PORTAL" value="@{VP}" />
				</antcall>
			</sequential>
		</for>
	</target>

	<rafwaction name="wp_common_configure_create_virtual_portal" promotemode="true">
		<parameter name="virtualPortal" required="true" />
	</rafwaction>
	<target name="wp_common_configure_create_virtual_portal"
	        depends="wp_common_configure_init"
	        description="Creates the virtual portal specified via -v VIRTUAL_PORTAL">

		<assertpropertyset property="VIRTUAL_PORTAL"
		                   message="You must pass in the virtual portal name -v VIRTUAL_PORTAL" />
		<!-- Include vp properties -->
		<if>
			<equals arg1="${MODE}" arg2="promote" />
			<then>
				<property name="VP_PROPERTIES"
				          value="${SOURCE_WP_COMMON_HOME_DIR}/virtualportal/${VIRTUAL_PORTAL}/configure.properties" />
			</then>
			<else>
				<property name="VP_PROPERTIES"
				          value="${WP_COMMON_HOME_DIR}/virtualportal/${VIRTUAL_PORTAL}/configure.properties" />
			</else>
		</if>

		
		<rafwlog id="CRWWP1019I" resourcebundle="wp">
					<logarg value=" ${MODE}" />
					<logarg value=" ${VIRTUAL_PORTALS}" />
				</rafwlog>
		
		<if>
			<available file="${VP_PROPERTIES}" />
			<then>
				<if>
					<equals arg1="${MODE}" arg2="promote" />
					<then>
						<promote_set_destdir property="DEST_DIR"
						                     scopedir="${WP_COMMON_HOME_DIR}"
						                     relativepath="virtualportal/${VIRTUAL_PORTAL}" />
						<propertyeditor file="${VP_PROPERTIES}"
						                destdir="${DEST_DIR}"
						                usevaluefile="true" />
					</then>
					<else>
						<property prefix="createVp" file="${VP_PROPERTIES}" />
						<assertpropertyset property="createVp.VirtualPortalTitle"
						                   message="You must set VirtualPortalTitle in ${VP_PROPERTIES}" />
						<assertpropertyset property="createVp.VirtualPortalContext"
						                   message="You must set VirtualPortalContext in ${VP_PROPERTIES}" />
						<antcall target="wp_common_configure_call_portal_config">
							<param name="TASK" value="create-virtual-portal" />
							<param name="ARGS" value='"-DparentProperties=${VP_PROPERTIES}"' />
							<param name="SAVE_PARENT" value="false" />
						</antcall>
					</else>
				</if>
			</then>
			<else>
				<echo_missing_file path="${VP_PROPERTIES}" />
			</else>
		</if>
	</target>

	<rafwaction name="wp_common_configure_populate_virtual_portal" promotemode="true">
		<parameter name="virtualPortal" required="true" />
	</rafwaction>
	<target name="wp_common_configure_populate_virtual_portal"
	        depends="wp_common_configure_init"
	        description="Populate the virtual portal specified via -v VIRTUAL_PORTAL">
		<assertpropertyset property="VIRTUAL_PORTAL"
		                   message="You need to pass in the virtual portal name -v VIRTUAL_PORTAL" />
		<if>
			<equals arg1="${MODE}" arg2="promote" />
			<then>
				<if>
					<available file="${SOURCE_WP_COMMON_HOME_DIR}/virtualportal/${VIRTUAL_PORTAL}/InitVirtualPortal.xml" />
					<then>
						<promote_xml_file filename="InitVirtualPortal.xml"
						                  scopedir="${WP_COMMON_HOME_DIR}"
						                  sourcescopedir="${SOURCE_WP_COMMON_HOME_DIR}"
						                  relativepath="/virtualportal/${VIRTUAL_PORTAL}" />
					</then>
					<else>						
						<rafwlog id="CRWWP1020I" resourcebundle="wp">
							<logarg value="${MODE}: ${SOURCE_WP_COMMON_HOME_DIR}/virtualportal/${VIRTUAL_PORTAL}/InitVirtualPortal.xml"/>
							</rafwlog>
						<rafwlog id="CRWWP1021I" resourcebundle="wp"/>
					</else>
				</if>
			</then>
			<else>
				<if>
					<available file="${WP_COMMON_HOME_DIR}/virtualportal/${VIRTUAL_PORTAL}/InitVirtualPortal.xml" />
					<then>
						<property name="INIT_VP_FILE"
						          value="${WP_COMMON_HOME_DIR}/virtualportal/${VIRTUAL_PORTAL}/InitVirtualPortal.xml" />
					</then>
					<else>
						<if>
							<or>
								<equals arg1="${WP_VERSION}" arg2="60" />
								<equals arg1="${WP_VERSION}" arg2="61" />
							</or>
							<then>
								<if>
									<equals arg1="${WP_SETUP_TYPE}" arg2="full" />
									<then>
										<property name="INIT_VP_FILE"
										          value="${RAFW_HOME}/product/actions/configure/wp/${WP_VERSION}/InitVirtualPortal.xml" />

									</then>
									<elseif>
										<or>
											<equals arg1="${WP_SETUP_TYPE}" arg2="admin" />
											<equals arg1="${WP_SETUP_TYPE}" arg2="base" />
										</or>
										<then>
											<property name="INIT_VP_FILE"
											          value="${RAFW_HOME}/product/actions/configure/wp/${WP_VERSION}/InitAdminVirtualPortal.xml" />
										</then>
									</elseif>
									<else>
										<property name="INIT_VP_FILE"
										          value="${RAFW_HOME}/product/actions/configure/wp/60/InitVirtualPortal.xml" />
									</else>
								</if>
							</then>
							<else>
								<rafwfail resourcebundle="WP" id="CRWWP1002E">
									<logarg value="${WP_COMMON_HOME_DIR}/virtualportal/${VIRTUAL_PORTAL}/InitVirtualPortal.xml" />
								</rafwfail>
							</else>
						</if>
					</else>
				</if>

				
				<rafwlog id="CRWWP1024I" resourcebundle="wp">
					<logarg value="${VIRTUAL_PORTAL}" />
					<logarg value="${INIT_VP_FILE}" />
					<logarg value="${WP_VERSION}" />
				</rafwlog>
				<basename property="VP_FILENAME" file="${INIT_VP_FILE}" suffix=".xml" />
				<property name="VP_LOG_FILE" value="${LOG_HOME}/${VP_FILENAME}_output.xml" />

				<if>
					<isset property="PREVIEW_MODE" />
					<then>
						
						<rafwlog id="CRWWP1025I" resourcebundle="wp"/>
						<echo message="XML_INPUT_FILE=${INIT_VP_FILE}" />
						<echo message="XML_OUTPUT_FILE=${VP_LOG_FILE}" />
					</then>
					<else>
						<antcall target="call_xmlaccess">
							<param name="TASK" value="populate_virtual_portal" />
							<param name="XML_INPUT_FILE" value="${INIT_VP_FILE}" />
							<param name="XML_OUTPUT_FILE" value="${VP_LOG_FILE}" />
						</antcall>
					</else>
				</if>
			</else>
		</if>
	</target>

	<target name="wp_common_configure_stop_wp_servers"
	        depends="only_execute"
	        description="Stops the wp servers on this node">
		<rafwlog id="CRWWP1026I" resourcebundle="wp">
			<logarg value="${WP_SERVERS_ON_NODE}" />
		</rafwlog>
		<for list="${WP_SERVERS_ON_NODE}" param="SERVER">
			<sequential>
				<antcall target="was_common_configure_stop_server">
					<param name="TASK" value="stop_@{SERVER}" />
					<param name="SERVER_NAME" value="@{SERVER}" />
					<param name="NODE_NAME" value="${NODE_NAME}" />
				</antcall>
			</sequential>
		</for>
	</target>

	<target name="wp_common_configure_start_wp_servers"
	        depends="only_execute"
	        description="Starts the wp servers on this node">
		
		<rafwlog id="CRWWP1027I" resourcebundle="wp">
					<logarg value="${WP_SERVERS_ON_NODE}" />
		</rafwlog>
		<for list="${WP_SERVERS_ON_NODE}" param="SERVER">
			<sequential>
				<antcall target="was_common_configure_start_server">
					<param name="TASK" value="start_@{SERVER}" />
					<param name="SERVER_NAME" value="@{SERVER}" />
					<param name="NODE_NAME" value="${NODE_NAME}" />
				</antcall>
			</sequential>
		</for>
	</target>

	<target name="wp_common_configure_check_for_wp_server_name">
		<if>
			<isset property="SERVER_NAME" />
			<then>
				<var name="WP_SERVERS_ON_NODE" unset="true" />
				<property name="WP_SERVERS_ON_NODE" value="${SERVER_NAME}" />
			</then>
		</if>
	</target>

	<target name="wp_common_configure_start_wp_nonclustered">
		<rafwlog id="CRWWP1028I" resourcebundle="wp"/>
							
		<antcall target="was_common_configure_start_server">
			<param name="TASK" value="wp_common_configure_start_wp_nonclustered" />
			<param name="SERVER_NAME" value="WebSphere_Portal" />
			<param name="NODE_NAME" value="${NODE_NAME}" />
		</antcall>
	</target>

	<target name="wp_common_configure_stop_wp_nonclustered">
		<rafwlog id="CRWWP1029I" resourcebundle="wp"/>
				
		<antcall target="was_common_configure_stop_server">
			<param name="TASK" value="wp_common_configure_stop_wp_nonclustered" />
			<param name="SERVER_NAME" value="WebSphere_Portal" />
			<param name="NODE_NAME" value="${NODE_NAME}" />
		</antcall>
	</target>
	<!-- POST CLUSTERING CONFIGURATION TARGETS -->

	<target name="wp_common_configure_update_wpconfig_ports"
	        depends="only_execute"
	        description="Updates WP wpconfig ports used by the portal configuration tool">

		<!-- note that the port assignements here depend on WasConfig.updateServerPorts jython function -->
		<!-- Include WP Cluster properties -->
		<property file="${RAFW_HOME}/user/environments/${ENV_NAME}/cells/${CELL_NAME}/clusters/${WP_CLUSTER_NAME}/cluster.properties" />

		<!-- only compute new numbers if non-default transport -->
		<if>
			<not>
				<equals arg1="${TRANSPORT_STARTING_POINT}" arg2="" />
			</not>
			<then>
				<rafwlog id="CRWWP1030I" resourcebundle="wp"/>
				<var name="op" value="+" />
				<var name="op2" value="10" />
				<var name="op3" value="12" />
				<math result="WP_SOAP_PORT"
				      operand1="${TRANSPORT_STARTING_POINT}"
				      operation="${op}"
				      operand2="${op2}"
				      datatype="int" />

				<math result="WP_HOST_PORT"
				      operand1="${TRANSPORT_STARTING_POINT}"
				      operation="${op}"
				      operand2="${op3}"
				      datatype="int" />

				<echo message="Using WpsSoapPort: ${WP_SOAP_PORT}, WpsHostPort: ${WP_HOST_PORT}" />

				<if>
					<equals arg1="${WP_VERSION}" arg2="60" />
					<then>
						<property name="PORTAL_CONFIG_FILE"
						          value="${WP_HOME}/config/wpconfig.properties" />
					</then>
					<else>
						<property name="PORTAL_CONFIG_FILE"
						          value="${WAS_PROF_HOME}/ConfigEngine/properties/wkplc.properties" />
					</else>
				</if>

				<propertyeditor file="${PORTAL_CONFIG_FILE}" preview="${PREVIEW_MODE}">
					<setproperty name="WpsHostPort" value="${WP_HOST_PORT}" />
					<setproperty name="WpsSoapPort" value="${WP_SOAP_PORT}" />
					<setproperty name="XmlAccessPort" value="${WP_HOST_PORT}" />
				</propertyeditor>
			</then>
			<else>
				
				<rafwlog id="CRWWP1031I" resourcebundle="wp"/>
			</else>
		</if>
	</target>

	<target name="wp_common_configure_add_cluster_member_name">
		<echo message="Updating ServerName property in wpconfig.properties to be ${PRIMARY_SERVER}" />
		<if>
			<equals arg1="${WP_VERSION}" arg2="60" />
			<then>
				<property name="PORTAL_CONFIG_FILE" value="${WP_HOME}/config/wpconfig.properties" />
			</then>
			<else>
				<property name="PORTAL_CONFIG_FILE"
				          value="${WAS_PROF_HOME}/ConfigEngine/properties/wkplc.properties" />
			</else>
		</if>
		<var name="propStateOK" unset="true" />
		<condition property="propStateOK">
			<and>
				<isset property="PRIMARY_SERVER" />
				<not>
					<equals arg1="${PRIMARY_SERVER}" arg2="@PRIMARY_SERVER@" />
				</not>
			</and>
		</condition>
		<if>
			<equals arg1="${propStateOK}" arg2="true" />
			<then>
				<if>
					<preview />
					<then>
						<echo message="Preview: Updating ServerName property in wpconfig.properties to be ${PRIMARY_SERVER}" />
					</then>
					<else>
						<antcall target="update_property_file">
							<param name="PROPERTY_FILE" value="${PORTAL_CONFIG_FILE}" />
							<param name="KEY" value="ServerName" />
							<param name="VALUE" value="${PRIMARY_SERVER}" />
						</antcall>
					</else>
				</if>
			</then>
			<!-- propStateOK = false -->
			<else>
				<fail message="Property state incomplete. Check PRIMARY_SERVER." />
			</else>
		</if>
	</target>

	<target name="wp_common_configure_portal_context_root"
	        depends="only_execute"
	        description="Configures Portal context root / URI">

		<if>
			<equals arg1="${WP_VERSION}" arg2="60" />
			<then>
				<property name="PORTAL_CONFIG_FILE" value="${WP_HOME}/config/wpconfig.properties" />
			</then>
			<else>
				<property name="PORTAL_CONFIG_FILE"
				          value="${WAS_PROF_HOME}/ConfigEngine/properties/wkplc.properties" />
			</else>
		</if>
		<var name="propStateOK" unset="true" />
		<!-- check property state -->
		<condition property="propStateOK">
			<and>
				<isset property="WP_CONTEXT_ROOT" />
				<isset property="WSRP_CONTEXT_ROOT" />
				<isset property="WP_DEFAULT_HOME" />
				<isset property="WP_PERSONALIZED_HOME" />
			</and>
		</condition>

		<if>
			<equals arg1="${propStateOK}" arg2="true" />
			<then>
				<!-- print current state -->
				<if>
					<preview />
					<then>
						<rafwlog id="CRWWP1032I" resourcebundle="wp"/>
						<echo message="WP_CONTEXT_ROOT: ${WP_CONTEXT_ROOT}" />
						<echo message="WSRP_CONTEXT_ROOT: ${WSRP_CONTEXT_ROOT}" />
						<echo message="WP_DEFAULT_HOME: ${WP_DEFAULT_HOME}" />
						<echo message="WP_PERSONALIZED_HOME: ${WP_PERSONALIZED_HOME}" />
					</then>
					<else>

						<antcall target="wp_common_configure_add_cluster_member_name" />

						<!-- set properties in wpconfig -->
						<propertyeditor file="${PORTAL_CONFIG_FILE}" preview="${PREVIEW_MODE}">
							<setproperty name="WpsContextRoot" value="${WP_CONTEXT_ROOT}" />
							<setproperty name="WsrpContextRoot" value="${WSRP_CONTEXT_ROOT}" />
							<setproperty name="WpsDefaultHome" value="${WP_DEFAULT_HOME}" />
							<setproperty name="WpsPersonalizedHome"
							             value="${WP_PERSONALIZED_HOME}" />
						</propertyeditor>

						<antcall target="wp_common_configure_call_portal_config">
							<param name="TASK" value="modify-servlet-path" />
							<param name="SAVE_PARENT" value="true" />
						</antcall>

						<if>
							<equals arg1="${WP_VERSION}" arg2="60" />
							<then>
								<antcall target="wp_common_configure_call_portal_config">
									<param name="TASK" value="action-update-portlets" />
									<param name="SAVE_PARENT" value="true" />
								</antcall>
							</then>
						</if>
					</else>
				</if>
			</then>

			<!-- propStateOK = false -->
			<else>
				<fail message="Property state incomplete. Check WP_CONTEXT_ROOT, WP_DEFAULT_HOME, WP_PERSONALIZED_HOME, WSRP_CONTEXT_ROOT." />
			</else>
		</if>
	</target>

	<rafwaction name="wp_common_configure_update_portal_config_services"
	            importmode="true"
	            comparemode="true"
	            promotemode="true">
		<option name="source.node" modes="promote" required="true" />
		<inherit name="addFilesToVisualCompare" />
	</rafwaction>
	<target name="wp_common_configure_update_portal_config_services"
	        depends="promote_source_scope_init"
	        description="Updates the WP config service properties">
		<if>
			<equals arg1="${WP_VERSION}" arg2="60" />
			<then>
				<var name="WP_CONFIG_PROPS_HOME" value="${WP_HOME}/config/properties" />
			</then>
			<else>
				<var name="WP_CONFIG_PROPS_HOME" value="${WAS_PROF_HOME}/PortalServer/config" />
			</else>
		</if>
		<if>
			<equals arg1="${MODE}" arg2="import" />
			<then>
				<echo message="Copying Portal Config Services properties to ${NODE_HOME}/properties from ${WP_CONFIG_PROPS_HOME}..." />
				<if>
					<not>
						<preview />
					</not>
					<then>
						<copy todir="${NODE_HOME}/properties">
							<fileset dir="${WP_CONFIG_PROPS_HOME}">
								<include name="*.properties" />
							</fileset>
						</copy>
					</then>
				</if>
			</then>
			<elseif>
				<equals arg1="${MODE}" arg2="compare" />
				<then>
					<if>
						<not>
							<preview />
						</not>
						<then>
							<!-- compare the directories -->
							<antcall target="compare_directories">
								<param name="SERVER_ROOT" value="${WP_CONFIG_PROPS_HOME}" />
								<param name="ENV_ROOT" value="${NODE_HOME}/properties" />
								<param name="INCLUDE_PATTERN" value="*.properties" />
							</antcall>
						</then>
					</if>
				</then>
			</elseif>
			<elseif>
				<equals arg1="${MODE}" arg2="execute" />
				<then>
					<echo message="Copying Portal Config Services properties to ${WP_CONFIG_PROPS_HOME} from ${NODE_HOME}/properties..." />
					<if>
						<not>
							<preview />
						</not>
						<then>
							<copy overwrite="true" todir="${WP_CONFIG_PROPS_HOME}">
								<fileset dir="${NODE_HOME}/properties">
									<include name="*.properties" />
								</fileset>
							</copy>
						</then>
					</if>
					<antcall target="wp_common_configure_call_portal_config">
						<param name="TASK" value="update-properties" />
						<param name="SAVE_PARENT" value="true" />
					</antcall>
				</then>
			</elseif>
			<elseif>
				<equals arg1="${MODE}" arg2="promote" />
				<then>
					<assertpropertyset property="opt.source.node" />
					<var name="SOURCE_NODE_HOME"
					     value="${SOURCE_CELL_HOME}/nodes/${opt.source.node}" />
					<echo message="Copying Portal Config Services properties from ${SOURCE_NODE_HOME}/properties to ${NODE_HOME}/properties..." />
					<promote_set_destdir property="DEST_DIR"
					                     relativepath="properties"
					                     scopedir="${NODE_HOME}" />
					<propertyeditor destdir="${DEST_DIR}" usevaluefile="true">
						<fileset dir="${SOURCE_NODE_HOME}/properties">
							<include name="*.properties" />
						</fileset>
					</propertyeditor>
				</then>
			</elseif>
		</if>
	</target>

	<rafwaction name="wp_common_configure_wpconfig_init" executemode="true" />
	<target name="wp_common_configure_wpconfig_init"
	        description="Calls portal configuration initialization routine">
		<antcall target="wp_common_configure_call_portal_config">
			<param name="TASK" value="init" />
			<param name="SAVE_PARENT" value="false" />
		</antcall>
	</target>

	<rafwaction name="wp_common_configure_wpconfig_cleanup_work_dir" executemode="true" />
	<target name="wp_common_configure_wpconfig_cleanup_work_dir"
	        description="Cleans up Portal's work directory">
		<antcall target="wp_common_configure_call_portal_config">
			<param name="TASK" value="cleanup-work-dir" />
			<param name="SAVE_PARENT" value="false" />
		</antcall>
	</target>

	<rafwaction name="wp_common_configure_wpconfig_delete_passwords" executemode="true" />
	<target name="wp_common_configure_wpconfig_delete_passwords"
	        description="Removes passwords from Portal's configuration directory">
		<antcall target="wp_common_configure_call_portal_config">
			<param name="TASK" value="delete-passwords" />
			<param name="SAVE_PARENT" value="false" />
		</antcall>
	</target>

</project>
