<?xml version="1.0" encoding="UTF-8"?>

<!--
======================================================================
Licensed Materials - Property of IBM Corp. 
IBM Middleware Configuration for WebSphere 
(c) Copyright IBM Corporation 2003, 2013. All Rights Reserved.   

U.S. Government Users Restricted Rights - Use, duplication or disclosure restricted by 
GSA ADP Schedule Contract with IBM Corp. 


File name: configure_wesb_common.xml

This is the configuration build file.
======================================================================
-->

<project default="default" basedir=".">
	<description>
      Contains common configuration tasks for WESB ND
   </description>

	<!-- import the wesb custom product/actions targets -->
	<import file="${RAFW_HOME}/user/actions/configure/wesb/common/nd/cluster/custom_configure_wesb_common_nd_cluster.xml" />

	<!-- Import wesb common all-scope configure targets -->
	<import file="${RAFW_HOME}/product/actions/configure/wesb/common/configure_wesb_common.xml" />

	<!-- include environment variables -->
	<property environment="env" />

	<!-- include WESB_COMMON variables -->
	<property file="${RAFW_HOME}/product/actions/configure/wesb/common/wesb_common.properties" />

	<!-- Import common wbi targets -->
	<import file="${RAFW_HOME}/product/actions/configure/wbi/common/nd/cluster/configure_wbi_common_nd_cluster.xml" />

	<!-- Include db properties -->
	<property name="WESB_DB_PROPERTIES" value="${CELL_HOME}/config_wbi.properties" />
	<property file="${WESB_DB_PROPERTIES}" />

<!-- 	<target name="wesb_common_configure_cei_infrastructure" depends="only_execute" description="Generate WESB CEI infrastructure"> -->
	<target name="wesb_common_configure_cei_infrastructure" depends="only_execute">
		<antcall target="wbi_common_configure_cei_infrastructure"/>
	</target>

<!-- 	<target name="wesb_common_configure_cei_enable_startup"  depends="only_execute" description="This action sets the CEI emitter factory"> -->
	<target name="wesb_common_configure_cei_enable_startup" depends="only_execute">
		<antcall target="call_wsadmin_function">
			<param name="JYTHON_FUNCTION" value="AdminTask.configCEIDestination('[-clusterName ${wbi.ApplicationCluster.Name} -emitterFactoryJndi cell/clusters/${wbi.SupportCluster.Name}/com/ibm/events/configuration/emitter/Default ]')" />
		</antcall>
	</target>

<!--	<target name="wesb_common_configure_deploy_event_service" depends="scope_init" description="Deploy WESB Event Emitter Factory" > -->
	<target name="wesb_common_configure_deploy_event_service" depends="scope_init" >
		<antcall target="wbi_common_configure_deploy_event_service">
			<param name="CELL_TYPE" value="WESB"/>
		</antcall>
	</target>

<!-- 	<target name="wesb_common_configure_deploy_business_space" depends="scope_init" description="Deploy WebSphere Business Space support application"> -->
	<target name="wesb_common_configure_deploy_business_space" depends="scope_init">
		<antcall target="wbi_common_configure_deploy_business_space"/>
	</target>

<!-- 	<target name="wesb_common_configure_enable_event_service" depends="scope_init,only_execute" description="Enable WESB Event Emitter Factory"> -->
	<target name="wesb_common_configure_enable_event_service" depends="scope_init,only_execute">
		<antcall target="wbi_common_configure_enable_event_service"/>
	</target>

<!-- 	<target name="wesb_common_configure_add_sibus_member" depends="scope_init" description="Add a bus member to the CEI bus"> -->
	<target name="wesb_common_configure_add_sibus_member" depends="scope_init">
		<antcall target="wbi_common_configure_cei_messaging_engine" >
			<param name="MEACTION" value="ADD_BUS_MEMBER" />
		</antcall>
	</target>

<!-- 	<target name="wesb_common_configure_add_sibus_messaging_engine" depends="scope_init" description="Add a messaging engine to a CEI bus member"> -->
	<target name="wesb_common_configure_add_sibus_messaging_engine" depends="scope_init">
		<antcall target="wbi_common_configure_cei_messaging_engine" >
			<param name="MEACTION" value="ADD_MESSAGING_ENGINE" />
		</antcall>
	</target>


<!-- 	<target name="wesb_common_configure_add_cei_sibus_destination" depends="scope_init" description="Add a messaging engine destination to a CEI bus member"> -->
	<target name="wesb_common_configure_add_cei_sibus_destination" depends="scope_init">
		<antcall target="wbi_common_configure_cei_messaging_engine" >
			<param name="MEACTION" value="ADD_MESSAGING_ENGINE_DESTINATIONS" />
		</antcall>
	</target>

<!-- 	<target name="wesb_common_configure_remove_sibus_member" depends="scope_init" description="Remove a bus member from the CEI bus"> -->
	<target name="wesb_common_configure_remove_sibus_member" depends="scope_init">
		<antcall target="wbi_common_configure_cei_messaging_engine" >
			<param name="MEACTION" value="DELETE_BUS_MEMBER" />
		</antcall>
	</target>

<!-- 	<target name="wesb_common_configure_remove_sibus_messaging_engine" depends="scope_init" description="Remove a messaging engine from a CEI bus member"> -->			
	<target name="wesb_common_configure_remove_sibus_messaging_engine" depends="scope_init">
		<antcall target="wbi_common_configure_cei_messaging_engine" >
			<param name="MEACTION" value="DELETE_MESSAGING_ENGINE" />
		</antcall>
	</target>

<!-- 	<target name="wesb_common_configure_remove_cei_sibus_destination" depends="scope_init" description="Remove a messaging engine destination from a CEI bus member"> -->
	<target name="wesb_common_configure_remove_cei_sibus_destination" depends="scope_init">
		<antcall target="wbi_common_configure_cei_messaging_engine" >
			<param name="MEACTION" value="DELETE_MESSAGING_ENGINE_DESTINATION" />
		</antcall>
	</target>

<!-- 	<target name="wesb_common_configure_add_cei_jms_user_to_connector_role" depends="scope_init" description="Adds a user to bus connector role on CEI bus"> -->	
	<target name="wesb_common_configure_add_cei_jms_user_to_connector_role" depends="scope_init">
		<antcall target="wbi_common_configure_cei_messaging_engine" >
			<param name="MEACTION" value="ADD_USER_TO_BUS_CONNECTOR_ROLE" />
		</antcall>
	</target>

<!-- 	<target name="wesb_common_configure_add_cei_jms_user_to_bus_aliases" depends="scope_init" description="Adds a user to CEI bus inter-engine and mediations aliases"> -->
	<target name="wesb_common_configure_add_cei_jms_user_to_bus_aliases" depends="scope_init">
		<antcall target="wbi_common_configure_cei_messaging_engine" >
			<param name="MEACTION" value="ADD_USER_TO_BUS_ALIASES" />
		</antcall>
	</target>

<!-- 	<target name="wesb_common_configure_cei_topic_space_name" depends="scope_init" description="Modify CEI Topic Space Name"> -->
	<target name="wesb_common_configure_cei_topic_space_name" depends="scope_init">
		<antcall target="wbi_common_configure_cei_messaging_engine" >
			<param name="MEACTION" value="CORRECT_CEI_TOPIC_CLUSTER" />
		</antcall>
	</target>

<!-- 	<target name="wesb_common_configure_cei_queue_name" depends="scope_init" description="Modify CEI Queue Name"> -->
	<target name="wesb_common_configure_cei_queue_name" depends="scope_init">
		<antcall target="wbi_common_configure_cei_messaging_engine" >
			<param name="MEACTION" value="CORRECT_CEI_QUEUE_CLUSTER" />
		</antcall>
	</target>
			
<!-- 	<target name="wesb_common_configure_add_cei_user_to_activation_spec" depends="scope_init" description="Adds a user to CEI activation spec"> -->
	<target name="wesb_common_configure_add_cei_user_to_activation_spec" depends="scope_init">
		<antcall target="wbi_common_configure_cei_messaging_engine" >
			<param name="MEACTION" value="ADD_CEI_USER_TO_ACTIVATION_SPEC" />
		</antcall>
	</target>

<!-- 	<target name="wesb_common_configure_enable_business_space" depends="scope_init,only_execute" description="Configure WebSphere Business Space for WESB"> -->
	<target name="wesb_common_configure_enable_business_space" depends="scope_init,only_execute">
		<antcall target="wbi_common_configure_enable_business_space">
			<param name="DB_NAME" value="${wbi.DB.BSPACE.DbName}" />
			<param name="DB_SCHEMA" value="${wbi.DB.BSPACE.DbSchemaName}" />
			<param name="DB_TABLESPACE" value="${wbi.DB.BSPACE.DbTableSpace}" />
			<param name="DB_FOR_WBI_PRODUCT_TYPE" value="${wbi.DB.BSPACE.DbForProductType}" />
		</antcall>
	</target>

<!-- 	<target name="wesb_common_configure_enable_local_cluster_sca_infrastructure" depends="scope_init" description="Enable SCA infrastruction on a cluster"> -->
	<target name="wesb_common_configure_enable_local_cluster_sca_infrastructure" depends="scope_init">
		<antcall target="wbi_common_configure_enable_local_sca_infrastructure">
			<param name="ME_AUTH_ALIAS" value="${wbi.DB.SCASYSME.AuthAlias}" />
			<param name="SYS_BUS_DB_SCHEMA" value="${wbi.DB.SCASYSME.DbSchemaName}" />
			<param name="SYS_BUS_ID" value="${wbi.DB.SCASYSME.BusName}" />
			<param name="SYS_BUS_DATASOURCE" value="${wbi.DB.SCASYSME.DataSource}" />
			<param name="CREATE_SCA_TABLES" value="${wbi.DB.SCASYSME.DbCreateTables}" />
		</antcall>
	</target>

<!-- 	<target name="wesb_common_configure_enable_jms_local_cluster_sca_infrastructure" depends="scope_init" description="Enable SCA infrastruction on a cluster"> -->
	<target name="wesb_common_configure_enable_jms_local_cluster_sca_infrastructure" depends="scope_init">
		<antcall target="wbi_common_configure_enable_jms_local_sca_infrastructure">
			<param name="ME_AUTH_ALIAS" value="${wbi.DB.SCAAPPME.AuthAlias}" />
			<param name="APP_BUS_DB_SCHEMA" value="${wbi.DB.SCAAPPME.DbSchemaName}" />
			<param name="APP_BUS_ID" value="${wbi.DB.SCAAPPME.BusName}" />
			<param name="APP_BUS_DATASOURCE" value="${wbi.DB.SCAAPPME.DataSource}" />
			<param name="CREATE_SCA_TABLES" value="${wbi.DB.SCAAPPME.DbCreateTables}" />
		</antcall>
	</target>

<!-- 	<target name="wesb_common_configure_enable_remote_cluster_sca_infrastructure" depends="scope_init" description="Enable SCA infrastruction on a cluster"> -->	
	<target name="wesb_common_configure_enable_remote_cluster_sca_infrastructure" depends="scope_init">
		<antcall target="wbi_common_configure_enable_remote_sca_infrastructure">
			<param name="REMOTE_ME_LOCATION" value="WebSphere:cluster=${wbi.MessagingCluster.Name}" />
			<param name="ME_AUTH_ALIAS" value="${wbi.DB.SCASYSME.AuthAlias}" />
			<param name="SYS_BUS_DB_SCHEMA" value="${wbi.DB.SCASYSME.DbSchemaName}" />
		</antcall>
	</target>
	
<!--	<target name="wesb_common_configure_enable_jms_remote_cluster_sca_infrastructure" depends="scope_init" description="Enable SCA infrastruction on a cluster"> -->
	<target name="wesb_common_configure_enable_jms_remote_cluster_sca_infrastructure" depends="scope_init">
		<antcall target="wbi_common_configure_enable_jms_remote_sca_infrastructure">
			<param name="REMOTE_ME_LOCATION" value="WebSphere:cluster=${wbi.MessagingCluster.Name}" />
			<param name="ME_AUTH_ALIAS" value="${wbi.DB.SCAAPPME.AuthAlias}" />
			<param name="APP_BUS_DB_SCHEMA" value="${wbi.DB.SCAAPPME.DbSchemaName}" />
		</antcall>
	</target>

<!-- 	<target name="wesb_common_configure_enable_config_recovery" depends="scope_init" description="Enable SCA config recovery on a cluster"> -->	
	<target name="wesb_common_configure_enable_config_recovery" depends="scope_init">
		<antcall target="wbi_common_configure_enable_config_recovery">
			<param name="REMOTE_ME_LOCATION" value="WebSphere:cluster=${wbi.MessagingCluster.Name}" />
		</antcall>
	</target>
</project>
