<?xml version="1.0" encoding="UTF-8"?>
<!DOCTYPE project [
]>

<!-- 
====================================================================== 
@IBM.COPYRIGHT@

File name: deploy_liberty_applications.xml

Common deployment actions available at liberty server scopes
====================================================================== 
-->
<project default="default" basedir=".">
	<description>
		Common Application Deployment Automation for Websphere Liberty Profile
    </description>

	<!-- Include RAFW properties -->
	<property name="RAFW_PROPERTIES" value="${RAFW_HOME}/configure.properties" />
	<property file="${RAFW_PROPERTIES}" />

	<!-- Include cell properties -->
	<property name="PROFILE_PROPERTIES"
	          value="${RAFW_HOME}/user/environments/${ENVIRONMENT}/profiles/${PROFILE_NAME}/liberty_configure.properties" />
	<property file="${PROFILE_PROPERTIES}" />

	<!-- include LIBERTY_COMMON variables -->
	<property file="${RAFW_HOME}/product/actions/configure/liberty/common/liberty_common.properties" />

	<!-- import core first, in case any upstream .xml files didn't load it already  -->
	<import file="${RAFW_HOME}/product/lib/core.xml" />

	<!-- import RAFW Shared libraries -->
	<import file="${RAFW_HOME}/product/lib/RAFW_lib_shared.xml" />

	<!-- import actions available to all scopes -->
	<import file="${RAFW_HOME}/product/actions/deploy/liberty/common/deploy_liberty_common.xml" />

	<rafwaction name="liberty_common_deploy_install_app" promotemode="true" importmode="true">
		<parameter name="app" required="true" />
	</rafwaction>
	<target name="liberty_common_deploy_install_app"
	        depends="assert_app_name,liberty_scope_init"
	        description="Install application into a liberty server, requires -app APP_NAME">
		<echo message="${MODE}: Install applications defined at the ${SCOPE} level for ${SCOPE_NAME}" />

		<var name="local.CONFIG_FILE" value="${SCOPE_HOME}/server.xml" />
		<var name="local.APPS_HOME" value="${SCOPE_HOME}/apps" />
		<var name="local.DROPINS_HOME" value="${SCOPE_HOME}/dropins" />
		<var name="remote.CONFIG_FILE"
		     value="${LIBERTY_PROFILE_HOME}/wlp/usr/servers/${LIBERTY_SERVER_SERVER_NAME}/server.xml" />
		<var name="remote.APPS_HOME"
		     value="${LIBERTY_PROFILE_HOME}/wlp/usr/servers/${LIBERTY_SERVER_SERVER_NAME}/apps" />
		<var name="remote.DROPINS_HOME"
		     value="${LIBERTY_PROFILE_HOME}/wlp/usr/servers/${LIBERTY_SERVER_SERVER_NAME}/dropins" />
		<var name="source.APPS_HOME"
		     value="${RAFW_HOME}/${SOURCE_REL_SCOPE_HOME}/apps" />
		<var name="source.DROPINS_HOME"
		     value="${RAFW_HOME}/${SOURCE_REL_SCOPE_HOME}/dropins" />
		<if>
			<equals arg1="${MODE}" arg2="promote" />
			<then>
				<set_promote_scope property="SOURCE_REL_SCOPE_HOME" />
				<findAppFile property="source.APP_FILE"
				             appName="${APP_NAME}"
				             appsHome="${source.DROPINS_HOME}"
				             suffixProperty="source.APP_EXT" />
				<if>
					<available file="${source.APP_FILE}" type="file" />
					<then>
						<var name="target.APP_FILE"
						     value="${local.DROPINS_HOME}/${APP_NAME}.${source.APP_EXT}" />
						<copy file="${source.APP_FILE}"
						      tofile="${target.APP_FILE}"
						      overwrite="true"
						      verbose="true" />
					</then>
					<else>
						<findAppFile property="source.APP_FILE"
						             appName="${APP_NAME}"
						             appsHome="${source.APPS_HOME}"
						             suffixProperty="source.APP_EXT" />
						<if>
							<available file="${source.APP_FILE}" type="file" />
							<then>
								<var name="target.APP_FILE"
								     value="${local.APPS_HOME}/${APP_NAME}.${source.APP_EXT}" />

								<promote_xml_file filename="server.xml"
								                  scopedir="${RAFW_HOME}/${REL_SCOPE_HOME}"
								                  sourcescopedir="${RAFW_HOME}/${SOURCE_REL_SCOPE_HOME}"
								                  promotionpropsclass="com.ibm.rational.raf.extend.liberty.promote.LibertyPromotionProps" />
								<copy file="${source.APP_FILE}"
								      tofile="${target.APP_FILE}"
								      overwrite="true"
								      verbose="true" />
							</then>
						</if>
					</else>
				</if>
			</then>
			<elseif>
				<equals arg1="${MODE}" arg2="import" />
				<then>
					<echo message="Importing app ${APP_NAME} into ${LIBERTY_SERVER_SERVER_NAME}" />
					<findAppFile property="remote.APP_FILE"
					             appName="${APP_NAME}"
					             appsHome="${remote.DROPINS_HOME}"
					             suffixProperty="remote.APP_EXT" />
					<if>
						<available file="${remote.APP_FILE}" type="file" />
						<then>
							<var name="local.APP_FILE"
							     value="${local.DROPINS_HOME}/${APP_NAME}.${remote.APP_EXT}" />
							<copy file="${remote.APP_FILE}"
							      tofile="${local.APP_FILE}"
							      overwrite="true"
							      verbose="true" />
						</then>
						<else>
							<findAppFile property="remote.APP_FILE"
							             appName="${APP_NAME}"
							             appsHome="${remote.APPS_HOME}"
							             suffixProperty="remote.APP_EXT" />
							<if>
								<available file="${remote.APP_FILE}" type="file" />
								<then>
									<var name="local.APP_FILE"
									     value="${local.APPS_HOME}/${APP_NAME}.${remote.APP_EXT}" />
									<copy file="${remote.APP_FILE}"
									      tofile="${local.APP_FILE}"
									      overwrite="true"
									      verbose="true" />
									<copy file="${remote.CONFIG_FILE}"
									      tofile="${local.CONFIG_FILE}"
									      overwrite="true"
									      verbose="true" />
								</then>
							</if>
						</else>
					</if>

				</then>
			</elseif>
			<else>
				<findAppFile property="local.APP_FILE"
				             appName="${APP_NAME}"
				             appsHome="${local.DROPINS_HOME}"
				             suffixProperty="local.APP_EXT" />
				<if>
					<available file="${local.APP_FILE}" type="file" />
					<then>
						<var name="remote.APP_FILE"
						     value="${remote.DROPINS_HOME}/${APP_NAME}.${local.APP_EXT}" />
						<if>
							<preview />
							<then>
								<echo message="Preview: Copy media from:" />
								<echo message="         ${local.APP_FILE}" />
								<echo message="         to: " />
								<echo message="         ${remote.APP_FILE}" />
							</then>
							<else>
								<copy file="${local.APP_FILE}"
								      tofile="${remote.APP_FILE}"
								      overwrite="true"
								      verbose="true" />

							</else>
						</if>
					</then>
					<else>
						<findAppFile property="local.APP_FILE"
						             appName="${APP_NAME}"
						             appsHome="${local.APPS_HOME}"
						             suffixProperty="local.APP_EXT" />
						<if>
							<available file="${local.APP_FILE}" type="file" />
							<then>
								<var name="remote.APP_FILE"
								     value="${remote.APPS_HOME}/${APP_NAME}.${local.APP_EXT}" />
								<if>
									<preview />
									<then>
										<echo message="Preview: Copy media from:" />
										<echo message="         ${local.APP_FILE}" />
										<echo message="         to: " />
										<echo message="         ${remote.APP_FILE}" />
									</then>
									<else>
										<copy file="${local.APP_FILE}"
										      tofile="${remote.APP_FILE}"
										      overwrite="true"
										      verbose="true" />
										<copy file="${local.CONFIG_FILE}"
										      tofile="${remote.CONFIG_FILE}"
										      overwrite="true"
										      verbose="true" />
									</else>
								</if>
							</then>
						</if>
					</else>
				</if>
			</else>
		</if>
	</target>

	<rafwaction name="liberty_common_deploy_install_apps" promotemode="true" importmode="true">
		<parameter name="app" required="false" />
	</rafwaction>
	<target name="liberty_common_deploy_install_apps"
	        depends="liberty_scope_init"
	        description="Install all applications defined at the ${LIBERTY_SERVER_SERVER_NAME} scope.">
		<if>
			<not>
				<isblank property="APP_NAME" />
			</not>
			<then>
				<var name="APP_NAMES" value="${APP_NAME}" />
				<var name="APP_NAME" unset="true" />
				<for list="${APP_NAMES}" param="APPNAME" trim="true">
					<sequential>
						<antcall target="liberty_common_deploy_install_app">
							<param name="APP_NAME" value="@{APPNAME}" />
						</antcall>
					</sequential>
				</for>
			</then>
			<else>
				<echo message="Please provide with the app names." />
			</else>
		</if>
	</target>
	<rafwaction name="liberty_common_deploy_uninstall_app" />
	<target name="liberty_common_deploy_uninstall_app"
	        depends="assert_app_name"
	        description="Remove app from dropins or apps in liberty profile">
		<echo message="Uninstalling ${APP_NAME}" />
		<var name="remote.DROPINS_HOME"
		     value="${LIBERTY_PROFILE_HOME}/wlp/usr/servers/${LIBERTY_SERVER_SERVER_NAME}/dropins" />
		<var name="remote.APPS_HOME"
		     value="${LIBERTY_PROFILE_HOME}/wlp/usr/servers/${LIBERTY_SERVER_SERVER_NAME}/apps" />
		<findAppFile property="remote.APP_FILE"
		             appName="${APP_NAME}"
		             appsHome="${remote.DROPINS_HOME}"
		             suffixProperty="remote.APP_EXT" />
		<if>

			<available file="${remote.APP_FILE}" type="file" />
			<then>
				<delete file="${remote.APP_FILE}" />
				<echo message="Uninstall ${APP_NAME} successfully" />
			</then>
			<else>
				<findAppFile property="remote.APP_FILE"
				             appName="${APP_NAME}"
				             appsHome="${remote.APPS_HOME}"
				             suffixProperty="remote.APP_EXT" />
				<if>
					<available file="${remote.APP_FILE}" type="file" />
					<then>
						<delete file="${remote.APP_FILE}" />
						<echo message="Uninstall ${APP_NAME} successfully" />
					</then>
					<else>
						<fail message="Uninstall ${APP_NAME} failed" />
					</else>
				</if>
			</else>
		</if>
	</target>

	<macrodef name="findAppFile">
		<attribute name="property" />
		<attribute name="appName" />
		<attribute name="appsHome" />
		<attribute name="suffixProperty" default="findAppFile.suffix" />
		<sequential>
			<if>
				<not>
					<isset property="@{property}" />
				</not>
				<then>
					<if>
						<available file="@{appsHome}/@{appName}.ear" />
						<then>
							<var name="@{property}" value="@{appsHome}/@{appName}.ear" />
							<var name="@{suffixProperty}" value="ear" />
						</then>
						<elseif>
							<available file="@{appsHome}/@{appName}.war" />
							<then>
								<var name="@{property}" value="@{appsHome}/@{appName}.war" />
								<var name="@{suffixProperty}" value="war" />
							</then>
						</elseif>
					</if>
				</then>
				<else>
					<echo message="Using @{property}='${@{property}}' defined in @{appsHome}/properties/@{appName}.properties" />
				</else>
			</if>
		</sequential>
	</macrodef>
</project>
