{
    "name": "Example 1: IIS Discovery Full",
    "description": "",
    "rootActivity": {
        "edges": [
            {
                "to": "Run Groovy Script",
                "from": "IIS Configuration Discover and Configure",
                "type": "SUCCESS",
                "value": ""
            },
            {
                "to": "4065522d88e7b965865a09419a7cd0",
                "from": "Create Version",
                "type": "SUCCESS",
                "value": ""
            },
            {
                "to": "IIS Configuration Discover and Configure",
                "from": "Clean Previous Files",
                "type": "SUCCESS",
                "value": ""
            },
            {
                "to": "Clean Previous Files",
                "type": "ALWAYS",
                "value": ""
            },
            {
                "to": "Create Version",
                "from": "Run Groovy Script",
                "type": "SUCCESS",
                "value": ""
            }
        ],
        "offsets": [
            {
                "name": "4065522d88e7b965865a09419a7cd0",
                "x": -5,
                "y": 430,
                "h": 50,
                "w": 90
            },
            {
                "name": "Run Groovy Script",
                "x": -115,
                "y": 270,
                "h": 50,
                "w": 310
            },
            {
                "name": "IIS Configuration Discover and Configure",
                "x": -235,
                "y": 180,
                "h": 50,
                "w": 550
            },
            {
                "name": "Clean Previous Files",
                "x": -150,
                "y": 90,
                "h": 50,
                "w": 380
            },
            {
                "name": "Create Version",
                "x": -100,
                "y": 355.9090889386895,
                "h": 50,
                "w": 280
            }
        ],
        "type": "graph",
        "name": "2a6addb3-4ce1-4187-9929-b0566e760943",
        "children": [
            {
                "type": "finish",
                "name": "4065522d88e7b965865a09419a7cd0",
                "children": []
            },
            {
                "allowFailure": false,
                "useImpersonation": false,
                "showHidden": false,
                "impersonationUseSudo": false,
                "commandName": "Delete Files and Directories",
                "pluginName": "File Utils",
                "pluginVersion": 48,
                "properties": {
                    "baseDir": ".",
                    "includes": "**\/*",
                    "excludes": "",
                    "followSymlinks": "false",
                    "caseSensitive": "true"
                },
                "type": "plugin",
                "name": "Clean Previous Files",
                "children": []
            },
            {
                "allowFailure": false,
                "useImpersonation": false,
                "showHidden": false,
                "impersonationUseSudo": false,
                "commandName": "Run Groovy Script",
                "pluginName": "Groovy",
                "pluginVersion": 7,
                "properties": {
                    "groovyHome": "${GROOVY_HOME}",
                    "scriptBody": "import java.text.SimpleDateFormat\n\n\/\/ Get date and time\ndef today = new Date()\ndef formattedDateTime = new SimpleDateFormat(\"yyyy-MM-dd'T'HH:mm:ss.SSSZ\").format(today)\noutProps.put(\"datetime\",formattedDateTime)"
                },
                "type": "plugin",
                "name": "Run Groovy Script",
                "children": []
            },
            {
                "allowFailure": false,
                "useImpersonation": false,
                "showHidden": false,
                "impersonationUseSudo": false,
                "commandName": "Create Version",
                "pluginName": "IBM UrbanCode Deploy Versions",
                "pluginVersion": 62,
                "properties": {
                    "componentName": "IIS Full Config",
                    "versionName": "${Run Groovy Script\/datetime}",
                    "uploadFiles": "true",
                    "includes": "**\/*",
                    "excludes": "",
                    "saveFileExecuteBits": "false"
                },
                "type": "plugin",
                "name": "Create Version",
                "children": []
            },
            {
                "allowFailure": false,
                "useImpersonation": false,
                "showHidden": false,
                "impersonationUseSudo": false,
                "commandName": "IIS Configuration Discover and Configure",
                "pluginName": "IIS-Configuration",
                "pluginVersion": 1,
                "properties": {
                    "resourcePath": "${p:resource.path}",
                    "sourcePath": "${p?:resource\/iis.sourcePath}",
                    "configOutputFolder": "${p?:configOutputFolder}",
                    "appCmdPath": "${p?:resource\/iis.appCmdPath}",
                    "argString": "",
                    "webDeployPath": "${p?:resource\/iis.webDeployPath}",
                    "resourceRoleName": "${p?:resource.role.name}"
                },
                "type": "plugin",
                "name": "IIS Configuration Discover and Configure",
                "children": []
            }
        ]
    },
    "properties": [
        {
            "name": "contextType",
            "value": "Resource",
            "description": "",
            "secure": false
        },
        {
            "name": "workingDir",
            "value": "${p:resource\/work.dir}\/${p:process.name}",
            "description": "",
            "secure": false
        }
    ],
    "propDefs": [{
        "name": "configOutputFolder",
        "label": "configOutputFolder",
        "pattern": "",
        "type": "TEXT",
        "value": "web_deploy_configuration",
        "required": false,
        "description": "",
        "placeholder": ""
    }],
    "teamMappings": []
}