{
    "name": "Example 2: IIS App Discovery (IIS APPS ONLY)",
    "description": "",
    "rootActivity": {
        "edges": [
            {
                "to": "Clean Working Directory",
                "type": "ALWAYS",
                "value": ""
            },
            {
                "to": "Create Timestamp For Version",
                "from": "IIS Configuration Tokenize Configuration File",
                "type": "SUCCESS",
                "value": ""
            },
            {
                "to": "Create Version",
                "from": "Create Timestamp For Version",
                "type": "SUCCESS",
                "value": ""
            },
            {
                "to": "IIS Configuration Discover and Configure",
                "from": "Clean Working Directory",
                "type": "SUCCESS",
                "value": ""
            },
            {
                "to": "IIS Configuration Tokenize Configuration File",
                "from": "IIS Configuration Discover and Configure",
                "type": "SUCCESS",
                "value": ""
            },
            {
                "to": "52cf26d49afcfa3d04cd589228584c",
                "from": "Create Version",
                "type": "SUCCESS",
                "value": ""
            }
        ],
        "offsets": [
            {
                "name": "Clean Working Directory",
                "x": -155,
                "y": 90,
                "h": 50,
                "w": 390
            },
            {
                "name": "Create Timestamp For Version",
                "x": -145,
                "y": 355,
                "h": 50,
                "w": 370
            },
            {
                "name": "IIS Configuration Tokenize Configuration File",
                "x": -250,
                "y": 270,
                "h": 50,
                "w": 580
            },
            {
                "name": "Create Version",
                "x": -100,
                "y": 440,
                "h": 50,
                "w": 280
            },
            {
                "name": "IIS Configuration Discover and Configure",
                "x": -235,
                "y": 180,
                "h": 50,
                "w": 550
            },
            {
                "name": "52cf26d49afcfa3d04cd589228584c",
                "x": -5,
                "y": 540,
                "h": 50,
                "w": 90
            }
        ],
        "type": "graph",
        "name": "d984032e-310f-4a92-ac3a-4d94e29d21eb",
        "children": [
            {
                "type": "finish",
                "name": "52cf26d49afcfa3d04cd589228584c",
                "children": []
            },
            {
                "allowFailure": false,
                "useImpersonation": false,
                "showHidden": false,
                "impersonationUseSudo": false,
                "commandName": "Delete Files and Directories",
                "pluginName": "File Utils",
                "pluginVersion": 48,
                "properties": {
                    "baseDir": ".",
                    "includes": "**\/*",
                    "excludes": "",
                    "followSymlinks": "false",
                    "caseSensitive": "true"
                },
                "type": "plugin",
                "name": "Clean Working Directory",
                "children": []
            },
            {
                "allowFailure": false,
                "useImpersonation": false,
                "showHidden": false,
                "impersonationUseSudo": false,
                "commandName": "Run Groovy Script",
                "pluginName": "Groovy",
                "pluginVersion": 7,
                "properties": {
                    "groovyHome": "${GROOVY_HOME}",
                    "scriptBody": "import java.text.SimpleDateFormat\n\n\/\/ Get date and time\ndef today = new Date()\ndef formattedDateTime = new SimpleDateFormat(\"yyyy-MM-dd'T'HH:mm:ss.SSSZ\").format(today)\noutProps.put(\"datetime\",formattedDateTime)"
                },
                "type": "plugin",
                "name": "Create Timestamp For Version",
                "children": []
            },
            {
                "allowFailure": false,
                "useImpersonation": false,
                "showHidden": false,
                "impersonationUseSudo": false,
                "commandName": "Create Version",
                "pluginName": "IBM UrbanCode Deploy Versions",
                "pluginVersion": 62,
                "properties": {
                    "componentName": "${p:componentName}",
                    "versionName": "${Create Timestamp For Version\/datetime}",
                    "uploadFiles": "true",
                    "includes": "**\/*",
                    "excludes": "",
                    "saveFileExecuteBits": "false"
                },
                "type": "plugin",
                "name": "Create Version",
                "children": []
            },
            {
                "allowFailure": false,
                "useImpersonation": false,
                "showHidden": false,
                "impersonationUseSudo": false,
                "commandName": "IIS Configuration Tokenize Configuration File",
                "pluginName": "IIS-Configuration",
                "pluginVersion": 1,
                "properties": {
                    "propertiesToTokenize": "${p?:propertiesToTokenize}",
                    "tokenDelimiter": "${p?:tokenDelimiter}"
                },
                "type": "plugin",
                "name": "IIS Configuration Tokenize Configuration File",
                "children": []
            },
            {
                "allowFailure": false,
                "useImpersonation": false,
                "showHidden": false,
                "impersonationUseSudo": false,
                "commandName": "IIS Configuration Discover and Configure",
                "pluginName": "IIS-Configuration",
                "pluginVersion": 1,
                "properties": {
                    "resourcePath": "${p:resource.path}",
                    "sourcePath": "${p?:resource\/iis.sourcePath}",
                    "configOutputFolder": "${p?:configOutputFolder}",
                    "appCmdPath": "${p?:resource\/iis.appCmdPath}",
                    "argString": "",
                    "webDeployPath": "${p?:resource\/iis.webDeployPath}",
                    "resourceRoleName": "${p?:resource.role.name}"
                },
                "type": "plugin",
                "name": "IIS Configuration Discover and Configure",
                "children": []
            }
        ]
    },
    "properties": [
        {
            "name": "contextType",
            "value": "Resource",
            "description": "",
            "secure": false
        },
        {
            "name": "workingDir",
            "value": "${p:resource\/work.dir}\/${p:process.name}",
            "description": "",
            "secure": false
        }
    ],
    "propDefs": [
        {
            "name": "sourcePath",
            "label": "Path To IIS",
            "pattern": "",
            "type": "TEXT",
            "value": "C:\\inetpub\\wwwroot\\",
            "required": true,
            "description": "",
            "placeholder": ""
        },
        {
            "name": "componentName",
            "label": "componentName",
            "pattern": "",
            "type": "SELECT",
            "required": true,
            "description": "",
            "placeholder": "",
            "allowedValues": [{
                "label": "IIS Application Config",
                "value": "IIS Application Config"
            }]
        },
        {
            "name": "propertiesToTokenize",
            "label": "propertiesToTokenize",
            "pattern": "",
            "type": "TEXTAREA",
            "value": "applicationPool=applicationPool",
            "required": true,
            "description": "",
            "placeholder": ""
        },
        {
            "name": "tokenDelimiter",
            "label": "tokenDelimiter",
            "pattern": "",
            "type": "TEXT",
            "value": "@",
            "required": true,
            "description": "",
            "placeholder": ""
        },
        {
            "name": "configOutputFolder",
            "label": "configOutputFolder",
            "pattern": "",
            "type": "TEXT",
            "value": "web_deploy_configuration",
            "required": false,
            "description": "",
            "placeholder": ""
        }
    ],
    "teamMappings": []
}