<?xml version="1.0" encoding="UTF-8"?>
<!--
- Licensed Materials - Property of IBM Corp.
- IBM UrbanCode Build
- IBM UrbanCode Deploy
- IBM UrbanCode Release
- IBM AnthillPro
- (c) Copyright IBM Corporation 2002, 2013. All Rights Reserved.
-
- U.S. Government Users Restricted Rights - Use, duplication or disclosure restricted by
- GSA ADP Schedule Contract with IBM Corp.
-->
<plugin-upgrade
        xmlns="http://www.urbancode.com/UpgradeXMLSchema_v1"
        xmlns:xsi="http://www.w3.org/2001/XMLSchema-instance">
  <migrate to-version="4">
    <migrate-command name="Download Artifacts" />
    <migrate-command name="Run Workflow" />
  </migrate>
  <migrate to-version="5">
	<migrate-command name="Download Artifacts">
	  <migrate-properties>
		<migrate-property name="disableCache" default="false"/>
	  </migrate-properties>
	</migrate-command>
  </migrate>
  <migrate to-version="6">
	<migrate-command name="Download Artifacts" />
	<migrate-command name="Run Workflow" />
	<migrate-command name="Assign Status" />
  </migrate>
   <migrate to-version="7">
    <migrate-command name="Download Artifacts">
      <migrate-properties>
        <migrate-property name="proxyHost" default="${p?:component/AnthillComponentProperties/proxyHost}"/>
        <migrate-property name="proxyPort" default="${p?:component/AnthillComponentProperties/proxyPort}"/>
        <migrate-property name="proxyUserName" default="${p?:component/AnthillComponentProperties/proxyUserName}"/>
        <migrate-property name="proxyUserPassword" default="${p?:component/AnthillComponentProperties/proxyUserPassword}"/>
      </migrate-properties>
    </migrate-command>
     <migrate-command name="Run Workflow">
      <migrate-properties>
        <migrate-property name="proxyHost" default="${p?:component/AnthillComponentProperties/proxyHost}"/>
        <migrate-property name="proxyPort" default="${p?:component/AnthillComponentProperties/proxyPort}"/>
        <migrate-property name="proxyUserName" default="${p?:component/AnthillComponentProperties/proxyUserName}"/>
        <migrate-property name="proxyUserPassword" default="${p?:component/AnthillComponentProperties/proxyUserPassword}"/>
      </migrate-properties>
    </migrate-command>
    <migrate-command name="Assign Status">
      <migrate-properties>
        <migrate-property name="proxyHost" default="${p?:component/AnthillComponentProperties/proxyHost}"/>
        <migrate-property name="proxyPort" default="${p?:component/AnthillComponentProperties/proxyPort}"/>
        <migrate-property name="proxyUserName" default="${p?:component/AnthillComponentProperties/proxyUserName}"/>
        <migrate-property name="proxyUserPassword" default="${p?:component/AnthillComponentProperties/proxyUserPassword}"/>
      </migrate-properties>
    </migrate-command>
  </migrate>
  <migrate to-version="9">
    <migrate-command name="Download Artifacts">
      <migrate-properties>
        <migrate-property name="proxyHost" default="${p?:component/AnthillComponentProperties/proxyHost}"/>
        <migrate-property name="proxyPort" default="${p?:component/AnthillComponentProperties/proxyPort}"/>
        <migrate-property name="proxyUserName" default="${p?:component/AnthillComponentProperties/proxyUserName}"/>
        <migrate-property name="proxyUserPassword" default="${p?:component/AnthillComponentProperties/proxyUserPassword}"/>
      </migrate-properties>
    </migrate-command>
    <migrate-command name="Run Workflow">
      <migrate-properties>
        <migrate-property name="proxyHost" default="${p?:component/AnthillComponentProperties/proxyHost}"/>
        <migrate-property name="proxyPort" default="${p?:component/AnthillComponentProperties/proxyPort}"/>
        <migrate-property name="proxyUserName" default="${p?:component/AnthillComponentProperties/proxyUserName}"/>
        <migrate-property name="proxyUserPassword" default="${p?:component/AnthillComponentProperties/proxyUserPassword}"/>
      </migrate-properties>
    </migrate-command>
    <migrate-command name="Assign Status">
      <migrate-properties>
        <migrate-property name="proxyHost" default="${p?:component/AnthillComponentProperties/proxyHost}"/>
        <migrate-property name="proxyPort" default="${p?:component/AnthillComponentProperties/proxyPort}"/>
        <migrate-property name="proxyUserName" default="${p?:component/AnthillComponentProperties/proxyUserName}"/>
        <migrate-property name="proxyUserPassword" default="${p?:component/AnthillComponentProperties/proxyUserPassword}"/>
      </migrate-properties>
    </migrate-command>
  </migrate>
</plugin-upgrade>
