<?xml version="1.0" encoding="UTF-8"?><!--
- Licensed Materials - Property of IBM Corp.
- IBM UrbanCode Build
- (c) Copyright IBM Corporation 2012, 2014. All Rights Reserved.
-
- U.S. Government Users Restricted Rights - Use, duplication or disclosure restricted by
- GSA ADP Schedule Contract with IBM Corp.
--><pluginInfo>
  
  <author name="IBM UrbanCode">
    <organization>IBM UrbanCode</organization>
    <email>ucplugin@us.ibm.com</email>
    <website>https://www.ibmdw.net/urbancode/plugins/</website>
    <bio/>
  </author>
  
  <integration type="Build"/>
  
  <tool-description>Docker - An open platform for distributed applications for developers and sysadmins. https://www.docker.com/</tool-description>
  
  <meta-html>
    <meta content="Docker plug-in." name="description"/>
    <meta content="docker container" name="keywords"/>  
  </meta-html>
    
  <!-- Do not change the release-version, the build process injects it. -->
  <release-version>1.610974</release-version>  
    
  <release-notes>
	  <release-note plugin-version="1">Initial release which include a step to build Docker images.</release-note>
    
  </release-notes>
</pluginInfo>