{
    "path": "componentTemplates\/d6e1007b-deb0-4d2c-8b1d-a20211ad54fa",
    "name": "Middleware Configuration for WebSphere",
    "description": "Middleware configuration for WebSphere template",
    "active": true,
    "envPropDefs": [],
    "propDefs": [],
    "properties": [],
    "processes": [
        {
            "name": "Aggregate Layered Templates",
            "description": "Downloads a component,substitutes tokens with values from the associated application environment, and aggregates objects for the configuration transaction",
            "defaultWorkingDir": "${p:resource\/work.dir}\/${p:component.name}",
            "takesVersion": true,
            "status": "",
            "active": true,
            "path": "componentTemplates\/d6e1007b-deb0-4d2c-8b1d-a20211ad54fa\/processes\/0440a56b-33e6-4f76-94e5-c425115ada16",
            "propDefs": [],
            "rootActivity": {
                "edges": [
                    {
                        "to": "eef8dea40e4da7dc71853efeb8937f",
                        "from": "Replace Tokens",
                        "type": "SUCCESS",
                        "value": ""
                    },
                    {
                        "to": "Replace Tokens",
                        "from": "Download Artifacts",
                        "type": "SUCCESS",
                        "value": ""
                    },
                    {
                        "to": "Aggregate Template Snippet",
                        "from": "eef8dea40e4da7dc71853efeb8937f",
                        "type": "SUCCESS",
                        "value": ""
                    },
                    {
                        "to": "f2cb78ef6385dfa68656aa9da914a9",
                        "from": "Aggregate Template Snippet",
                        "type": "SUCCESS",
                        "value": ""
                    },
                    {
                        "to": "Download Artifacts",
                        "type": "ALWAYS",
                        "value": ""
                    },
                    {
                        "to": "6cda151b9828f932d5cfb747d8e894",
                        "from": "f2cb78ef6385dfa68656aa9da914a9",
                        "type": "SUCCESS",
                        "value": ""
                    }
                ],
                "offsets": [
                    {
                        "name": "Aggregate Template Snippet",
                        "x": -85,
                        "y": 390,
                        "h": 60,
                        "w": 250
                    },
                    {
                        "name": "eef8dea40e4da7dc71853efeb8937f",
                        "x": -55,
                        "y": 290,
                        "h": 60,
                        "w": 190
                    },
                    {
                        "name": "6cda151b9828f932d5cfb747d8e894",
                        "x": 0,
                        "y": 590,
                        "h": 50,
                        "w": 80
                    },
                    {
                        "name": "Replace Tokens",
                        "x": -60,
                        "y": 190,
                        "h": 60,
                        "w": 200
                    },
                    {
                        "name": "Download Artifacts",
                        "x": -65,
                        "y": 90,
                        "h": 60,
                        "w": 210
                    },
                    {
                        "name": "f2cb78ef6385dfa68656aa9da914a9",
                        "x": -55,
                        "y": 490,
                        "h": 60,
                        "w": 190
                    }
                ],
                "type": "graph",
                "name": "e99a6747-39ea-4ddb-8537-65956c477ed7",
                "children": [
                    {
                        "type": "finish",
                        "name": "6cda151b9828f932d5cfb747d8e894",
                        "children": []
                    },
                    {
                        "allowFailure": false,
                        "useImpersonation": false,
                        "showHidden": false,
                        "impersonationUseSudo": false,
                        "commandName": "Download Artifacts",
                        "pluginName": "IBM UrbanCode Deploy Versioned File Storage",
                        "pluginVersion": 18,
                        "properties": {
                            "directoryOffset": ".",
                            "artifactSetBaseDir": "",
                            "fileIncludePatterns": "**\/*",
                            "fileExcludePatterns": "",
                            "syncMode": "FULL",
                            "fullVerification": "true",
                            "setFileExecuteBits": "false",
                            "verifyFileIntegrity": "false",
                            "repositoryUrl": "${p:server.url}\/vfs",
                            "repositoryId": "${p:component\/code_station\/repository}",
                            "label": "${p:version.name}",
                            "serverUrl": "${p:server.url}",
                            "compId": "${p:component.id}",
                            "resId": "${p:parentRequest.id}",
                            "charset": ""
                        },
                        "type": "plugin",
                        "name": "Download Artifacts",
                        "children": []
                    },
                    {
                        "allowFailure": false,
                        "useImpersonation": false,
                        "showHidden": false,
                        "impersonationUseSudo": false,
                        "commandName": "Replace Tokens",
                        "pluginName": "File Utils",
                        "pluginVersion": 31,
                        "properties": {
                            "dir": ".",
                            "includes": "**\/*",
                            "excludes": "",
                            "startDelimiter": "@",
                            "endDelimiter": "@",
                            "propertyPrefix": "websphere.",
                            "propFile": "replace_tokens.properties",
                            "envPropValues": "${p:environment\/allProperties}",
                            "explicitTokens": ""
                        },
                        "type": "plugin",
                        "name": "Replace Tokens",
                        "children": []
                    },
                    {
                        "lockName": "${p:parentRequest.id}",
                        "type": "acquireLock",
                        "name": "eef8dea40e4da7dc71853efeb8937f",
                        "children": []
                    },
                    {
                        "lockName": "${p:parentRequest.id}",
                        "type": "releaseLock",
                        "name": "f2cb78ef6385dfa68656aa9da914a9",
                        "children": []
                    },
                    {
                        "allowFailure": false,
                        "useImpersonation": false,
                        "showHidden": true,
                        "impersonationUseSudo": false,
                        "commandName": "Aggregate Template Snippet",
                        "pluginName": "IBM Middleware Configuration for WebSphere",
                        "pluginVersion": 6,
                        "properties": {
                            "resourceId": "${p:parentRequest.id}",
                            "profilePath": "${p:resource\/websphere.profilePath}",
                            "soapPort": "${p:resource\/websphere.port}",
                            "wasUser": "${p?:resource\/websphere.user}",
                            "wasPassword": "${p?:resource\/websphere.password}",
                            "allEnvironmentProperties": "${p:environment\/allProperties}",
                            "cell": "${p:resource\/websphere.cell}",
                            "cluster": "${p?:resource\/websphere.cluster}",
                            "node": "${p?:resource\/websphere.node}",
                            "server": "${p?:resource\/websphere.server}"
                        },
                        "type": "plugin",
                        "name": "Aggregate Template Snippet",
                        "children": []
                    }
                ]
            }
        },
        {
            "name": "Compare WebSphere Configuration",
            "description": "Compare Configuration data between component and associated resource",
            "defaultWorkingDir": "${p:resource\/work.dir}\/${p:component.name}",
            "takesVersion": true,
            "status": "Active",
            "active": true,
            "path": "componentTemplates\/d6e1007b-deb0-4d2c-8b1d-a20211ad54fa\/processes\/b2059de4-07fd-4b63-aa9a-9686f204941b",
            "propDefs": [],
            "rootActivity": {
                "edges": [
                    {
                        "to": "Generate Configuration",
                        "from": "Download Artifacts",
                        "type": "SUCCESS",
                        "value": ""
                    },
                    {
                        "to": "178d67d0d6053e39092109175cf14f",
                        "type": "ALWAYS",
                        "value": ""
                    },
                    {
                        "to": "Compare Server Configuration",
                        "from": "Compare Configuration",
                        "type": "ALWAYS",
                        "value": ""
                    },
                    {
                        "to": "5b33f6c742c788888ed68acf6f8f2f",
                        "from": "e25991244818951250fd42b6e39c40",
                        "type": "SUCCESS",
                        "value": ""
                    },
                    {
                        "to": "Compare Configuration",
                        "from": "Generate Configuration",
                        "type": "SUCCESS",
                        "value": ""
                    },
                    {
                        "to": "e25991244818951250fd42b6e39c40",
                        "from": "Compare Server Configuration",
                        "type": "SUCCESS",
                        "value": ""
                    },
                    {
                        "to": "d82802498df38ef18da5833f2f47e6",
                        "from": "Compare Server Configuration",
                        "type": "FAILURE",
                        "value": ""
                    },
                    {
                        "to": "Download Artifacts",
                        "from": "178d67d0d6053e39092109175cf14f",
                        "type": "SUCCESS",
                        "value": ""
                    },
                    {
                        "to": "0d3f37becab91a69e0290cdf9130cd",
                        "from": "Compare Configuration",
                        "type": "FAILURE",
                        "value": ""
                    }
                ],
                "offsets": [
                    {
                        "name": "178d67d0d6053e39092109175cf14f",
                        "x": -55,
                        "y": 80
                    },
                    {
                        "name": "e25991244818951250fd42b6e39c40",
                        "x": -55,
                        "y": 536
                    },
                    {
                        "name": "0d3f37becab91a69e0290cdf9130cd",
                        "x": -318,
                        "y": 360
                    },
                    {
                        "name": "Download Artifacts",
                        "x": -65,
                        "y": 170
                    },
                    {
                        "name": "d82802498df38ef18da5833f2f47e6",
                        "x": 252,
                        "y": 450
                    },
                    {
                        "name": "Compare Configuration",
                        "x": -75,
                        "y": 350
                    },
                    {
                        "name": "5b33f6c742c788888ed68acf6f8f2f",
                        "x": 0,
                        "y": 620
                    },
                    {
                        "name": "Generate Configuration",
                        "x": -75,
                        "y": 260
                    },
                    {
                        "name": "Compare Server Configuration",
                        "x": -95,
                        "y": 440
                    }
                ],
                "type": "graph",
                "name": "08e2f770-e7b5-436e-a8ee-4e147fb5e937",
                "children": [
                    {
                        "type": "finish",
                        "name": "5b33f6c742c788888ed68acf6f8f2f",
                        "children": []
                    },
                    {
                        "allowFailure": false,
                        "useImpersonation": false,
                        "showHidden": false,
                        "impersonationUseSudo": false,
                        "commandName": "Download Artifacts",
                        "pluginName": "IBM UrbanCode Deploy Versioned File Storage",
                        "pluginVersion": 18,
                        "properties": {
                            "directoryOffset": ".",
                            "artifactSetBaseDir": "",
                            "fileIncludePatterns": "**\/*",
                            "fileExcludePatterns": "",
                            "syncMode": "FULL",
                            "fullVerification": "true",
                            "setFileExecuteBits": "false",
                            "verifyFileIntegrity": "false",
                            "repositoryUrl": "${p:server.url}\/vfs",
                            "repositoryId": "${p:component\/code_station\/repository}",
                            "label": "${p:version.name}",
                            "serverUrl": "${p:server.url}",
                            "compId": "${p:component.id}",
                            "resId": "${p:parentRequest.id}"
                        },
                        "type": "plugin",
                        "name": "Download Artifacts",
                        "children": []
                    },
                    {
                        "allowFailure": false,
                        "useImpersonation": false,
                        "showHidden": false,
                        "impersonationUseSudo": false,
                        "commandName": "Generate Configuration",
                        "pluginName": "IBM Middleware Configuration for WebSphere",
                        "pluginVersion": 6,
                        "properties": {
                            "profilePath": "${p:resource\/websphere.profilePath}",
                            "soapPort": "${p:resource\/websphere.port}",
                            "wasUser": "${p?:resource\/websphere.user}",
                            "wasPassword": "${p?:resource\/websphere.password}",
                            "allEnvironmentProperties": "${p:environment\/allProperties}",
                            "readconfiguration": "",
                            "cell": "${p:resource\/websphere.cell}",
                            "cluster": "${p?:resource\/websphere.cluster}",
                            "node": "${p?:resource\/websphere.node}",
                            "server": "${p?:resource\/websphere.server}"
                        },
                        "type": "plugin",
                        "name": "Generate Configuration",
                        "children": []
                    },
                    {
                        "allowFailure": false,
                        "useImpersonation": false,
                        "showHidden": false,
                        "impersonationUseSudo": false,
                        "commandName": "Compare Server Configuration",
                        "pluginName": "IBM Middleware Configuration for WebSphere",
                        "pluginVersion": 6,
                        "properties": {
                            "cell": "${p:resource\/websphere.cell}",
                            "cluster": "${p?:resource\/websphere.cluster}",
                            "node": "${p?:resource\/websphere.node}",
                            "server": "${p?:resource\/websphere.server}",
                            "MODE": "compare",
                            "options": ""
                        },
                        "type": "plugin",
                        "name": "Compare Server Configuration",
                        "children": []
                    },
                    {
                        "allowFailure": false,
                        "useImpersonation": false,
                        "showHidden": false,
                        "impersonationUseSudo": false,
                        "commandName": "Compare Configuration",
                        "pluginName": "IBM Middleware Configuration for WebSphere",
                        "pluginVersion": 6,
                        "properties": {
                            "cell": "${p:resource\/websphere.cell}",
                            "cluster": "${p?:resource\/websphere.cluster}",
                            "node": "${p?:resource\/websphere.node}",
                            "server": "${p?:resource\/websphere.server}",
                            "MODE": "compare",
                            "options": ""
                        },
                        "type": "plugin",
                        "name": "Compare Configuration",
                        "children": []
                    },
                    {
                        "lockName": "${p:agent.id}-${p:resource\/websphere.cell}",
                        "type": "acquireLock",
                        "name": "178d67d0d6053e39092109175cf14f",
                        "children": []
                    },
                    {
                        "lockName": "${p:agent.id}-${p:resource\/websphere.cell}",
                        "type": "releaseLock",
                        "name": "e25991244818951250fd42b6e39c40",
                        "children": []
                    },
                    {
                        "status": "FAILURE",
                        "type": "setStatus",
                        "name": "d82802498df38ef18da5833f2f47e6",
                        "children": []
                    },
                    {
                        "status": "FAILURE",
                        "type": "setStatus",
                        "name": "0d3f37becab91a69e0290cdf9130cd",
                        "children": []
                    }
                ]
            }
        },
        {
            "name": "Configure WebSphere Application Server",
            "description": "Configure the WebSphere configuration data to match the component template data",
            "defaultWorkingDir": "${p:resource\/work.dir}\/${p:component.name}",
            "takesVersion": true,
            "inventoryActionType": "ADD",
            "status": "Active",
            "configActionType": "ADD",
            "active": true,
            "path": "componentTemplates\/d6e1007b-deb0-4d2c-8b1d-a20211ad54fa\/processes\/64087291-b5c5-4ced-b9f0-bb9b45cda935",
            "propDefs": [],
            "rootActivity": {
                "edges": [
                    {
                        "to": "Download Artifacts",
                        "from": "0912ffb2faba992b3e016805e50fab",
                        "type": "SUCCESS",
                        "value": ""
                    },
                    {
                        "to": "7df7d3a1095c41ea673a63a1ff5d38",
                        "from": "Manage Server Configuration",
                        "type": "SUCCESS",
                        "value": ""
                    },
                    {
                        "to": "2217944d5585747ba41e4638c17f39",
                        "from": "7df7d3a1095c41ea673a63a1ff5d38",
                        "type": "SUCCESS",
                        "value": ""
                    },
                    {
                        "to": "Manage Configuration",
                        "from": "Generate Configuration",
                        "type": "SUCCESS",
                        "value": ""
                    },
                    {
                        "to": "Manage Server Configuration",
                        "from": "Manage Configuration",
                        "type": "SUCCESS",
                        "value": ""
                    },
                    {
                        "to": "0912ffb2faba992b3e016805e50fab",
                        "type": "ALWAYS",
                        "value": ""
                    },
                    {
                        "to": "Generate Configuration",
                        "from": "Download Artifacts",
                        "type": "SUCCESS",
                        "value": ""
                    }
                ],
                "offsets": [
                    {
                        "name": "7df7d3a1095c41ea673a63a1ff5d38",
                        "x": -55,
                        "y": 530
                    },
                    {
                        "name": "2217944d5585747ba41e4638c17f39",
                        "x": 0,
                        "y": 620
                    },
                    {
                        "name": "0912ffb2faba992b3e016805e50fab",
                        "x": -55,
                        "y": 80
                    },
                    {
                        "name": "Download Artifacts",
                        "x": -65,
                        "y": 170
                    },
                    {
                        "name": "Generate Configuration",
                        "x": -75,
                        "y": 260
                    },
                    {
                        "name": "Manage Configuration",
                        "x": -70,
                        "y": 350
                    },
                    {
                        "name": "Manage Server Configuration",
                        "x": -90,
                        "y": 440
                    }
                ],
                "type": "graph",
                "name": "eb8a5a08-6e37-4d94-a32c-dcb3f5177a5b",
                "children": [
                    {
                        "type": "finish",
                        "name": "2217944d5585747ba41e4638c17f39",
                        "children": []
                    },
                    {
                        "allowFailure": false,
                        "useImpersonation": false,
                        "showHidden": false,
                        "impersonationUseSudo": false,
                        "commandName": "Download Artifacts",
                        "pluginName": "IBM UrbanCode Deploy Versioned File Storage",
                        "pluginVersion": 18,
                        "properties": {
                            "directoryOffset": ".",
                            "artifactSetBaseDir": "",
                            "fileIncludePatterns": "**\/*",
                            "fileExcludePatterns": "",
                            "syncMode": "FULL",
                            "fullVerification": "true",
                            "setFileExecuteBits": "false",
                            "verifyFileIntegrity": "false",
                            "repositoryUrl": "${p:server.url}\/vfs",
                            "repositoryId": "${p:component\/code_station\/repository}",
                            "label": "${p:version.name}",
                            "serverUrl": "${p:server.url}",
                            "compId": "${p:component.id}",
                            "resId": "${p:parentRequest.id}"
                        },
                        "type": "plugin",
                        "name": "Download Artifacts",
                        "children": []
                    },
                    {
                        "allowFailure": false,
                        "useImpersonation": false,
                        "showHidden": false,
                        "impersonationUseSudo": false,
                        "commandName": "Generate Configuration",
                        "pluginName": "IBM Middleware Configuration for WebSphere",
                        "pluginVersion": 6,
                        "properties": {
                            "profilePath": "${p:resource\/websphere.profilePath}",
                            "soapPort": "${p:resource\/websphere.port}",
                            "wasUser": "${p?:resource\/websphere.user}",
                            "wasPassword": "${p?:resource\/websphere.password}",
                            "allEnvironmentProperties": "${p:environment\/allProperties}",
                            "readconfiguration": "",
                            "resourceId": "${p:parentRequest.id}",
                            "cell": "${p:resource\/websphere.cell}",
                            "cluster": "${p?:resource\/websphere.cluster}",
                            "node": "${p?:resource\/websphere.node}",
                            "server": "${p?:resource\/websphere.server}"
                        },
                        "type": "plugin",
                        "name": "Generate Configuration",
                        "children": []
                    },
                    {
                        "allowFailure": false,
                        "useImpersonation": false,
                        "showHidden": false,
                        "impersonationUseSudo": false,
                        "commandName": "Manage Configuration",
                        "pluginName": "IBM Middleware Configuration for WebSphere",
                        "pluginVersion": 6,
                        "properties": {
                        	"resourceId": "${p:parentRequest.id}",
                            "cell": "${p:resource\/websphere.cell}",
                            "cluster": "${p?:resource\/websphere.cluster}",
                            "node": "${p?:resource\/websphere.node}",
                            "server": "${p?:resource\/websphere.server}",
                            "MODE": "execute",
                            "options": ""
                        },
                        "type": "plugin",
                        "name": "Manage Configuration",
                        "children": []
                    },
                    {
                        "allowFailure": false,
                        "useImpersonation": false,
                        "showHidden": false,
                        "impersonationUseSudo": false,
                        "commandName": "Manage Server Configuration",
                        "pluginName": "IBM Middleware Configuration for WebSphere",
                        "pluginVersion": 6,
                        "properties": {
                        	"resourceId": "${p:parentRequest.id}",
                            "cell": "${p:resource\/websphere.cell}",
                            "cluster": "${p?:resource\/websphere.cluster}",
                            "node": "${p?:resource\/websphere.node}",
                            "server": "${p?:resource\/websphere.server}",
                            "MODE": "execute",
                            "options": ""
                        },
                        "type": "plugin",
                        "name": "Manage Server Configuration",
                        "children": []
                    },
                    {
                        "lockName": "${p:agent.id}-${p:resource\/websphere.cell}",
                        "type": "acquireLock",
                        "name": "0912ffb2faba992b3e016805e50fab",
                        "children": []
                    },
                    {
                        "lockName": "${p:agent.id}-${p:resource\/websphere.cell}",
                        "type": "releaseLock",
                        "name": "7df7d3a1095c41ea673a63a1ff5d38",
                        "children": []
                    }
                ]
            }
        },
        {
            "name": "Configure WebSphere Application Server (layered templates)",
            "description": "Configures WebSphere objects from layered templates",
            "defaultWorkingDir": "${p:resource\/work.dir}\/${p:component.name}",
            "takesVersion": false,
            "status": "",
            "active": true,
            "path": "componentTemplates\/d6e1007b-deb0-4d2c-8b1d-a20211ad54fa\/processes\/6d9a75cc-f9e5-4f00-8267-d906a4af5434",
            "propDefs": [{
                "name": "dataSet",
                "label": "Data set",
                "pattern": "",
                "type": "SELECT",
                "value": "skipserver",
                "required": true,
                "description": "All - manages all configuration object types. Server - manages only server specific object types (jvm settings). Non-server - all non server related object types.",
                "allowedValues": [
                    {
                        "label": "All",
                        "value": "all"
                    },
                    {
                        "label": "Server",
                        "value": "serveronly"
                    },
                    {
                        "label": "Skip server",
                        "value": "skipserver"
                    }
                ]
            }],
            "rootActivity": {
                "edges": [
                    {
                        "to": "Manage Configuration Layers",
                        "from": "Generate Configuration",
                        "type": "SUCCESS",
                        "value": ""
                    },
                    {
                        "to": "ff3ee0170c6b307a3e360b73b91d11",
                        "from": "Manage Configuration Layers",
                        "type": "SUCCESS",
                        "value": ""
                    },
                    {
                        "to": "Generate Configuration",
                        "type": "ALWAYS",
                        "value": ""
                    }
                ],
                "offsets": [
                    {
                        "name": "Manage Configuration Layers",
                        "x": -90,
                        "y": 190,
                        "h": 60,
                        "w": 260
                    },
                    {
                        "name": "ff3ee0170c6b307a3e360b73b91d11",
                        "x": -5,
                        "y": 290,
                        "h": 50,
                        "w": 90
                    },
                    {
                        "name": "Generate Configuration",
                        "x": -75,
                        "y": 91,
                        "h": 60,
                        "w": 230
                    }
                ],
                "type": "graph",
                "name": "580cf168-503c-4e09-ae0d-b269ead28fc1",
                "children": [
                    {
                        "type": "finish",
                        "name": "ff3ee0170c6b307a3e360b73b91d11",
                        "children": []
                    },
                    {
                        "allowFailure": false,
                        "useImpersonation": false,
                        "showHidden": true,
                        "impersonationUseSudo": false,
                        "commandName": "Generate Configuration",
                        "pluginName": "IBM Middleware Configuration for WebSphere",
                        "pluginVersion": 6,
                        "properties": {
                            "fromAggregate": "true",
                            "profilePath": "${p:resource\/websphere.profilePath}",
                            "soapPort": "${p:resource\/websphere.port}",
                            "wasUser": "${p?:resource\/websphere.user}",
                            "wasPassword": "${p?:resource\/websphere.password}",
                            "allEnvironmentProperties": "${p:environment\/allProperties}",
                            "readconfiguration": "false",
                            "resourceId": "${p:parentRequest.id}",
                            "cell": "${p:resource\/websphere.cell}",
                            "cluster": "${p?:resource\/websphere.cluster}",
                            "node": "${p?:resource\/websphere.node}",
                            "server": "${p?:resource\/websphere.server}"
                        },
                        "type": "plugin",
                        "name": "Generate Configuration",
                        "children": []
                    },
                    {
                        "allowFailure": false,
                        "useImpersonation": false,
                        "showHidden": true,
                        "impersonationUseSudo": false,
                        "commandName": "Manage Configuration Layers",
                        "pluginName": "IBM Middleware Configuration for WebSphere",
                        "pluginVersion": 6,
                        "properties": {
                            "resourceId": "${p:parentRequest.id}",
                            "cell": "${p:resource\/websphere.cell}",
                            "cluster": "",
                            "node": "",
                            "server": "",
                            "MODE": "execute",
                            "options": "dataset=${p:dataSet},scopefile=/work/${p:parentRequest.id}.properties",
                            "cleanOnComplete": "true"
                        },
                        "type": "plugin",
                        "name": "Manage Configuration Layers",
                        "children": []
                    }
                ]
            }
        },
        {
            "name": "Generate Template",
            "description": "Generate a configuration template and add it as a component version",
            "defaultWorkingDir": "${p:resource\/work.dir}\/${p:component.name}",
            "takesVersion": false,
            "status": "",
            "active": true,
            "path": "componentTemplates\/d6e1007b-deb0-4d2c-8b1d-a20211ad54fa\/processes\/79f67b9f-cd44-4feb-97e6-0818f8f99a66",
            "propDefs": [
                {
                    "name": "ucdCompVer",
                    "label": "New Component Version",
                    "pattern": "",
                    "type": "TEXT",
                    "value": "1.0",
                    "required": false,
                    "description": "New component version where WebSphere configuration template files will be placed"
                },
                {
                    "name": "skipConfigCapture",
                    "label": "Skip Import of Websphere Configuration ?",
                    "pattern": "",
                    "type": "CHECKBOX",
                    "value": "false",
                    "required": false,
                    "description": "If enabled, existing Websphere configuration would be used as a base template. Normally this flag is enabled for the purpose of tokenization of an existing template."
                },
                {
                    "name": "useQuickCapture",
                    "label": "Use Quick Capture ?",
                    "pattern": "",
                    "type": "CHECKBOX",
                    "value": "true",
                    "required": false,
                    "description": "Quick Capture is on by default.  If for some reason Quick Capture is doing something unexpected, uncheck this flag for the current run."
                }
            ],
            "rootActivity": {
                "edges": [
                    {
                        "to": "c22d0c2147ee0de9e9c0e87b0b8978",
                        "from": "2c5cbba353ee230cbb5c9e5b1ad75a",
                        "type": "SUCCESS",
                        "value": ""
                    },
                    {
                        "to": "7b68a867a54d343bdf0c882fd60088",
                        "type": "ALWAYS",
                        "value": ""
                    },
                    {
                        "to": "Create Version",
                        "from": "Generate Template",
                        "type": "SUCCESS",
                        "value": ""
                    },
                    {
                        "to": "2c5cbba353ee230cbb5c9e5b1ad75a",
                        "from": "Create Version",
                        "type": "SUCCESS",
                        "value": ""
                    },
                    {
                        "to": "Generate Template",
                        "from": "7b68a867a54d343bdf0c882fd60088",
                        "type": "SUCCESS",
                        "value": ""
                    }
                ],
                "offsets": [
                    {
                        "name": "7b68a867a54d343bdf0c882fd60088",
                        "x": -55,
                        "y": 90,
                        "h": 60,
                        "w": 190
                    },
                    {
                        "name": "Generate Template",
                        "x": -65,
                        "y": 190,
                        "h": 60,
                        "w": 210
                    },
                    {
                        "name": "2c5cbba353ee230cbb5c9e5b1ad75a",
                        "x": -55,
                        "y": 390,
                        "h": 60,
                        "w": 190
                    },
                    {
                        "name": "Create Version",
                        "x": -55,
                        "y": 290,
                        "h": 60,
                        "w": 190
                    },
                    {
                        "name": "c22d0c2147ee0de9e9c0e87b0b8978",
                        "x": 0,
                        "y": 490,
                        "h": 50,
                        "w": 80
                    }
                ],
                "type": "graph",
                "name": "09504eef-62d3-4376-a26d-bf5c0dafdc35",
                "children": [
                    {
                        "type": "finish",
                        "name": "c22d0c2147ee0de9e9c0e87b0b8978",
                        "children": []
                    },
                    {
                        "lockName": "${p:agent.id}-${p:resource\/websphere.cell}",
                        "type": "acquireLock",
                        "name": "7b68a867a54d343bdf0c882fd60088",
                        "children": []
                    },
                    {
                        "lockName": "${p:agent.id}-${p:resource\/websphere.cell}",
                        "type": "releaseLock",
                        "name": "2c5cbba353ee230cbb5c9e5b1ad75a",
                        "children": []
                    },
                    {
                        "allowFailure": false,
                        "useImpersonation": false,
                        "showHidden": false,
                        "impersonationUseSudo": false,
                        "workingDir": "${p:Generate Template\/templatePath}",
                        "commandName": "Create Version",
                        "pluginName": "IBM UrbanCode Deploy Versions",
                        "pluginVersion": 60,
                        "properties": {
                            "componentName": "${p:component.name}",
                            "versionName": "${p:ucdCompVer}",
                            "uploadFiles": "true",
                            "includes": "*.xml",
                            "excludes": "build.xml\nbuild_local.xml",
                            "saveFileExecuteBits": "false"
                        },
                        "type": "plugin",
                        "name": "Create Version",
                        "children": []
                    },
                    {
                        "allowFailure": false,
                        "useImpersonation": false,
                        "showHidden": true,
                        "impersonationUseSudo": false,
                        "commandName": "Generate Template",
                        "pluginName": "IBM Middleware Configuration for WebSphere",
                        "pluginVersion": 6,
                        "properties": {
                            "useQuickCapture": "${p:useQuickCapture}",
                            "skipConfigCapture": "${p:skipConfigCapture}",
                            "profilePath": "${p:resource\/websphere.profilePath}",
                            "environment": "${p:resource.id}",
                            "resourceId": "${p:resource.id}",
                            "templateName": "${p:component.name}",
                            "soapPort": "${p:resource\/websphere.port}",
                            "wasHost": "${p?:resource\/websphere.host}",
                            "wasUser": "${p?:resource\/websphere.user}",
                            "wasPassword": "${p?:resource\/websphere.password}",
                            "ucdCompName": "${p:component.name}",
                            "ucdCompVer": "${p:ucdCompVer}",
                            "allEnvironmentProperties": "${p:environment\/allProperties}",
                            "cell": "${p:resource\/websphere.cell}",
                            "cluster": "${p?:resource\/websphere.cluster}",
                            "node": "${p?:resource\/websphere.node}",
                            "server": "${p?:resource\/websphere.server}"
                        },
                        "type": "plugin",
                        "name": "Generate Template",
                        "children": []
                    }
                ]
            }
        },
        {
            "name": "Synchronize Component Inventories",
            "description": "Synchronize component inventories (for use in conjunction with layered templates)",
            "defaultWorkingDir": "${p:resource\/work.dir}\/${p:component.name}",
            "takesVersion": true,
            "inventoryActionType": "ADD",
            "status": "Active",
            "configActionType": "ADD",
            "active": true,
            "path": "componentTemplates\/d6e1007b-deb0-4d2c-8b1d-a20211ad54fa\/processes\/fbd0cb1f-641d-41ef-9156-8b953c98d471",
            "propDefs": [],
            "rootActivity": {
                "edges": [{
                    "to": "73c12482b00595277a9fa642bb737e",
                    "type": "ALWAYS",
                    "value": ""
                }],
                "offsets": [{
                    "name": "73c12482b00595277a9fa642bb737e",
                    "x": 0,
                    "y": 420,
                    "h": 50,
                    "w": 80
                }],
                "type": "graph",
                "name": "586e8865-762f-4f77-b795-b7dc4ba3a58a",
                "children": [{
                    "type": "finish",
                    "name": "73c12482b00595277a9fa642bb737e",
                    "children": []
                }]
            }
        }
    ],
    "genericProcesses": []
}