<?xml version="1.0" encoding="UTF-8" standalone="no"?>
<!--
- Licensed Materials - Property of IBM* and/or HCL**
- UrbanCode Deploy
- (c) Copyright IBM Corporation 2013, 2017. All Rights Reserved.
- (c) Copyright HCL Technologies Ltd. 2018. All Rights Reserved.
-
- U.S. Government Users Restricted Rights - Use, duplication or disclosure restricted by
- GSA ADP Schedule Contract with IBM Corp.
-
- * Trademark of International Business Machines
- ** Trademark of HCL Technologies Limited
--><pluginInfo>
  <!--

  **author name IS required**

  The Author Section is used to give credit to the author of the plugin.
  Name is the only required element/attribute, but feel free to also include your email,
  website  or bio to allow users of your plugin to praise your work, ask questions
  or share their use case to help grow your plugin's functionality.
  -->

  <author name="UrbanCode">
    <organization>UrbanCode</organization>
    <email>info@urbancode.com</email>
    <website>http://urbancode.com</website>
    <bio/>
  </author>

  <!--

  **intergration type IS Required**

  The integration type section identifies where the plugin fits into the process
  excepted types are SCM, Build, Artifact, Automation, Deploy

  For example:

  The plugin pulls Artifacts from an artifact repository during deployment
  the Type would be "Artifact"
  or
  The plugin deploys to a middleware server
  the Type would be "Deploy"
  -->

  <integration type="deploy"/>


  <!--
  **source is NOT required**

  The source section identifies the location of the plugin source code
  For example
  https://github.com/...
  -->
  <!--
  <source url=""/>
  -->
  <!--
  **license type is NOT required**

  If your plugin uses any licensed software please acknowledge it by
  listing the license type below
  -->
  <!--
  <licenses>
    <license type=""/>
  </licenses>
  -->
  <!--
  **tool-description IS required**

  The tool-description section is used to summarize the software
  the plugin was created to integrate with.

  For example:
  Apache Ant is a software tool to automate software processes during the build or
  deployment of an application. Ant uses an propitiatory XML file to define build
  and/or deployment steps(referred to as targets by ant) . The Ant executable is
  called to execute the targets in the build.xml.
  -->

  <tool-description>The wldeploy Ant task enables you to perform weblogic.Deployer functions using attributes specified in an Ant XML file. You can use wldeploy along with other WebLogic Server Ant tasks to create a single Ant build script.</tool-description>

  <!--
  **related-info is NOT required**

  The releated-info section is used to define links which may be useful to users of the plugin
  but don't fall into the release-notes or tool-description section.

  For example: releated-info can be links to pdf documentation, help videos related to plugin setup or the product's
  website.

  excepted values for type include: PDF, WEBSITE, VIDEO
  -->

  <related-info>
    <link description="Additional information about Oracle WebLogic is available here" title="WebLogic" type="WEBSITE" url="http://www.oracle.com/technetwork/middleware/weblogic/overview/index.html"/>
  </related-info>

  <!--
  **meta-html in NOT required**

  The meta-html section is used define the meta description and the meta keywords of the plugin page.The meta
  description tag allows you to influence the description of your page in the web crawlers that support the
  tag The meta keywords tag allows   you to provide additional text for crawler-based search engines to index
  along with your body copy.

  If multiple keywords are used they must be comma(,) delimited
  -->

  <meta-html>
    <meta content="" name="description"/>
    <meta content="" name="keywords"/>
  </meta-html>

  <!-- Do not change the release-version, the build process injects it. -->
  <release-version>25.1100712</release-version>


  <release-notes>
    <!--
      **release-note IS required**

      The plugin-version name must match the plugin version found in the plugin.xml file

      The release-note should document the changes, improvements, or bug fixes introduced
      with the new plugin version

      The release-note may contain text or reference a file in the plugin zip package

      For example your release note could be:
      Support for was added for version 10.0 for software X
      or
      releaseNotes/release1.html (where release1.html contains html formatted version information)

      To add a new release note add this with a description in it of the changes:
      <release-note plugin-version="[8]">....</release-note>

      Our automated release process will replace 'LATEST' with the released version.

      If this already exists in the file, then the described changes have not been released yet and
      you should just append to the existing 'LATEST' tag.
      -->

      <release-note plugin-version="9">
Installing this plugin will give you access to the steps listed below. These steps can be used when designing a component process.
      </release-note>
      <release-note plugin-version="10">
Installing this plugin will give you access to the steps listed below. Added a new step to get all apps installed in targets and set as ouptut properties in the form of apps-$TARGET_NAME=app1Name,app2Name,app3Name...
      </release-note>
      <release-note plugin-version="11">
Resolves PI25444 - an issue running steps while using impersonation.
      </release-note>
      <release-note plugin-version="12">
Resolves PI48310 - infinite retries when starting targets issue. A new input property on Start Targets step allows user to set timeout length for starting targets. A new output property in the form of state-$TARGET_NAME is set for each target in step and contains the value of the target's state.
Added ability to pass in config and key files to Run Deploy step, allowing for encrypted user names and passwords.
Added ability to set JAVA_HOME
      </release-note>
    <release-note plugin-version="13">
Added ability to fail or warn when Start Targets step fails to start one or more targets. Fixed bug in Stop Targets step; step no longer fails when trying to shut down a target that is already in SHUTDOWN state.
    </release-note>
    <release-note plugin-version="14">
Added auto-discovery of a WebLogic installation and auto-configuration of all domains, servers, and clusters managed by the administration server.
    </release-note>
    <release-note plugin-version="15">
Fixed problem involving mismatched Groovy versions causing java errors.
    </release-note>
    <release-note plugin-version="16">
Support property file encryption.
Added support for different inputs of JMX URL.
    </release-note>
    <release-note plugin-version="17">
Fixed infinite loop errors in starting/stopping clusters.
    </release-note>
    <release-note plugin-version="18">
Fixed bug in start/stop steps involving starting and stopping clusters that are already in desired state.
    </release-note>
    <release-note plugin-version="19">
Added timeout property to Stop Targets step.
Fixed Run WLDeploy step so System Properties can be passed in.
    </release-note>
    <release-note plugin-version="20">
Removed unused URL's from steps.
    </release-note>
    <release-note plugin-version="21">
Encrypt plugin properties
APAR PI80318:
Stop Target step now fails when given invalid target name.
Run WLDeploy step will not throw error when given unexpected parameters.
List Applications step now returns correct applications.
Wait For Application step now avoids infinite loop.
    </release-note>
    <release-note plugin-version="22">
Fixed APAR 167684 UCD encrypted output properties requires decryption key.
    </release-note>
    <release-note plugin-version="23">
Updated auto-discovery to search the 'MW_HOME' environment variable for a weblogic installation.
Changed the 'wldeploy.path' and 'wldeploy.mwHome' Auto Discovery fields to derive from agent properties.
    </release-note>
    <release-note plugin-version="24">
Fixed APAR PI93543 'List Applications on Target' step resulting in JSONException.
Removed all unnecessary stream handling of input properties files.
    </release-note>
    <release-note plugin-version="25">
        Fixing CVE:CVE-2019-4233
    </release-note>

  </release-notes>
</pluginInfo>
