<?xml version="1.0" encoding="UTF-8" standalone="no"?>
<!--
- Licensed Materials - Property of IBM Corp.
- IBM UrbanCode Deploy
- (c) Copyright IBM Corporation 2016. All Rights Reserved.
-
- U.S. Government Users Restricted Rights - Use, duplication or disclosure restricted by
- GSA ADP Schedule Contract with IBM Corp.
--><pluginInfo>
  <!-- Do not change the release-version, the build process injects it. -->
  <release-version>5.1026828</release-version>

  <release-notes>
    <!--
      The release-note should document the changes, improvements, or bug fixes introduced
      with the new plugin version

      The release-note may contain text

      For example your release note could be:
      Support for was added for version 10.0 for software X

      To add a new release note add this with a description in it of the changes:
      <release-note plugin-version="1">....</release-note>
    -->

    <release-note plugin-version="1">
      Initial release for the OpenShift Source Plugin.
    </release-note>

    <release-note plugin-version="2">
Support property file encryption.
    </release-note>
    <release-note plugin-version="3">
      Fixes APAR PI87707, a regression where the user who requested a manual version import was not being tracked.
    </release-note>
    <release-note plugin-version="4">
       APAR PI89045: add support for setting isFinished flag flag when importing versions.
    </release-note>
    <release-note plugin-version="5">
        Fixing CVE:CVE-2019-4233
    </release-note>

  </release-notes>
</pluginInfo>
